time,node_1,node_2,node_3,node_4,node_5,node_6,node_7,node_8,node_9,node_10,node_11,node_12,node_13,node_14,node_15,node_16,node_17,node_18,node_19,node_20
0.000000000000000000e+00,-8.518049766233481979e-02,-2.265929280692937642e-01,-4.436245033490728851e-01,3.647223762550532156e-01,3.129010091300775676e-01,4.997176732861305926e-01,4.966368370739053795e-01,5.543170560262744573e-02,2.689874151805105029e-01,4.447657298824280181e-01,3.496473906774114626e-01,-2.526518982568023430e-01,-4.945586468990648132e-02,-3.708405848485050171e-01,4.540510272587223728e-01,1.061746344508800455e-01,-2.713571944965372795e-01,1.717006844058567294e-01,1.181282404578958278e-01,-1.418372819671595009e-01
1.002004008016032094e-01,-7.702959152940480614e-02,-2.257192627144041508e-01,-3.848504519001778035e-01,3.184155712077831324e-01,2.999242376248719699e-01,4.610624931311914088e-01,4.568518844365379583e-01,5.567125253877572982e-02,2.389331976752767372e-01,4.282263012323524465e-01,2.991119934806654168e-01,-1.959277592425974213e-01,-6.931083020509934411e-02,-2.977806362698606213e-01,3.675169879532332318e-01,1.075549831325033068e-01,-2.176900187002462073e-01,1.430014293297351413e-01,1.199804166076571671e-01,-1.271204813564680847e-01
2.004008016032064188e-01,-6.948208325576850364e-02,-2.240923773918029327e-01,-3.363774246309919613e-01,2.800842975379597144e-01,2.863808212589704638e-01,4.278072634468986224e-01,4.241006661343006412e-01,5.438400426835044571e-02,2.114714317072937111e-01,4.104225440259960389e-01,2.563592755315366456e-01,-1.492068942963390155e-01,-8.298696422266307882e-02,-2.362602405663109528e-01,2.947641040576281513e-01,1.090698568450732125e-01,-1.741913128162650426e-01,1.181044922301766470e-01,1.193399037908054461e-01,-1.148338456824395115e-01
3.006012024048096420e-01,-6.250643974235736700e-02,-2.219121547218379231e-01,-2.965131213557344880e-01,2.484675752329490450e-01,2.724996505931901458e-01,3.991869805206622601e-01,3.971508588353840352e-01,5.182885084318638452e-02,1.864231743132947761e-01,3.918890759028571535e-01,2.201923572822206965e-01,-1.109638360520989464e-01,-9.165463532336828867e-02,-1.845372651800555597e-01,2.337034765989788321e-01,1.106799808440801919e-01,-1.392297716856011891e-01,9.646525952896176093e-02,1.168149335859314936e-01,-1.046363151446740164e-01
4.008016032064128376e-01,-5.607274854763229927e-02,-2.193452622081715764e-01,-2.637781834830160710e-01,2.224636104025921879e-01,2.584756570174909229e-01,3.745298352749979465e-01,3.749471023838281680e-01,4.823467860675376140e-02,1.636152780759781433e-01,3.730719579962871735e-01,1.895682530363683449e-01,-7.983941489600068775e-02,-9.633401631262641929e-02,-1.410631179830071913e-01,1.824599196102654197e-01,1.123512501225112092e-01,-1.113583047481006560e-01,7.761041369572442561e-02,1.129196540355664885e-01,-9.622737073841368394e-02
5.010020040080160886e-01,-5.015138483351246068e-02,-2.165363760068802212e-01,-2.368024260919801283e-01,2.010585302489290571e-01,2.444855883053661250e-01,3.532219421610909293e-01,3.565131162647043883e-01,4.380221020738477716e-02,1.429012479032048255e-01,3.543845768721870515e-01,1.635272933699707387e-01,-5.456355345006860813e-02,-9.798333442139488259e-02,-1.043973183204978950e-01,1.392812294914798354e-01,1.140494581713022149e-01,-8.922601407391761441e-02,6.110762112049362982e-02,1.081287456280788373e-01,-8.933285285638375983e-02
6.012024048096192841e-01,-4.471403278514480412e-02,-2.136033668286818898e-01,-2.143935820549514315e-01,1.833702147444600805e-01,2.306786770872640280e-01,3.347264047343124216e-01,3.410145373408414171e-01,3.870572473206140146e-02,1.241443835907417720e-01,3.361721762468949382e-01,1.412350407251151685e-01,-3.400784932154109902e-02,-9.743841427792564180e-02,-7.326284773912999926e-02,1.026005864428536224e-01,1.157442744452614053e-01,-7.163986559383977992e-02,4.658209804133088550e-02,1.028435788243032695e-01,-8.371244563941303285e-02
7.014028056112224796e-01,-3.973394065989502982e-02,-2.106216055377066465e-01,-1.958079661147525408e-01,1.688219314327851217e-01,2.171382835430362979e-01,3.186617346913653837e-01,3.279837345536151250e-01,3.309387407675667275e-02,1.071587673116108641e-01,3.185738339489108673e-01,1.221463308252344615e-01,-1.741168382175189988e-02,-9.517060263180568414e-02,-4.679014407473430781e-02,7.134005056865035110e-02,1.174257727946581426e-01,-5.782174595346065843e-02,3.377833317483074083e-02,9.726180443293092059e-02,-7.919090327410813202e-02
8.016032064128256751e-01,-3.518207810212962972e-02,-2.076533495068552670e-01,-1.804197148403271500e-01,1.569258145240662317e-01,2.039281582615453947e-01,3.047017591004203552e-01,3.170192456161752270e-01,2.708997339856011877e-02,9.177692213855914716e-02,3.016903717031454435e-01,1.057969506585984681e-01,-4.134043969547952779e-03,-9.156732077975340833e-02,-2.424990273567527443e-02,4.461309116867377689e-02,1.190873807354918545e-01,-4.711809693401850657e-02,2.247447298567367691e-02,9.153968833426857910e-02,-7.561811829473633062e-02
9.018036072144288706e-01,-3.103049855267125956e-02,-2.047532229122537850e-01,-1.676511687736292888e-01,1.472339570623668603e-01,1.911043373070585583e-01,2.925478315112874372e-01,3.077456469886503676e-01,2.080145026423924765e-02,7.785128857962753113e-02,2.856169696076745201e-01,9.175807430574470236e-02,6.415674815713978685e-03,-8.699092282982140434e-02,-4.970629145497479362e-03,2.160576948130733810e-02,1.207222774342293081e-01,-3.892726088303439386e-02,1.246537447731359272e-02,8.582326335660489525e-02,-7.285737980901324518e-02
1.002004008016032177e+00,-2.725250395764244882e-02,-2.019677601081050489e-01,-1.569792384426473009e-01,1.393423746090191873e-01,1.787143335983424064e-01,2.819304359764725487e-01,2.998198543235076619e-01,1.432024777608952200e-02,6.525231663876206178e-02,2.704397288804143984e-01,7.964012353452426529e-02,1.477314548240092271e-02,-8.177300713034570123e-02,1.165673174218845830e-02,1.581456384768973808e-03,1.223237696940666086e-01,-3.270494717991020289e-02,3.564169273389371315e-03,8.024507391594588868e-02,-7.078597351165553941e-02
1.102204408817635262e+00,-2.382148163307726274e-02,-1.993292284606320575e-01,-1.480255915570739822e-01,1.329494608338398498e-01,1.667840264200597389e-01,2.726369727747439131e-01,2.930027941290833660e-01,7.721931101058426838e-03,5.385005516993087576e-02,2.561870352807320006e-01,6.914958876181048764e-02,2.134109285797845118e-02,-7.613232606599040775e-02,2.609148895152546208e-02,-1.600717185657883970e-02,1.238907530102767024e-01,-2.805075507766426057e-02,-4.375879959045071710e-03,7.487917375915284501e-02,-6.930591269849574465e-02
1.202404809619238568e+00,-2.071066291788470695e-02,-1.968574469027032925e-01,-1.405372298498833994e-01,1.278436796370298889e-01,1.553198442163749027e-01,2.645063650022004831e-01,2.871415859965075201e-01,1.065085965309344948e-03,4.351841256796297464e-02,2.428393745816054550e-01,6.007726059281454090e-02,2.640214194978466461e-02,-7.019102924843562130e-02,3.865762538292211170e-02,-3.153466549886026205e-02,1.254268481603632301e-01,-2.469193571944949817e-02,-1.146638514910352374e-02,6.975056335341470182e-02,-6.834188572111556115e-02
1.302605210420841653e+00,-1.789487817066758371e-02,-1.945691615726316548e-01,-1.342779773047805825e-01,1.238297481607074091e-01,1.443259266812995101e-01,2.573908500425993728e-01,2.820899186718481833e-01,-5.600564720910534977e-03,3.414608620411794387e-02,2.303816003194396889e-01,5.222830137737663470e-02,3.021703950708633929e-02,-6.406669907980358514e-02,4.965453072667054546e-02,-4.534671608330274190e-02,1.269348284225255974e-01,-2.237643632924063777e-02,-1.781125601941481451e-02,6.488503459976402432e-02,-6.782543030680227014e-02
1.402805611222444959e+00,-1.535065139602411095e-02,-1.924781478263798418e-01,-1.290315771197181882e-01,1.207299274721819887e-01,1.338040301290211453e-01,2.511559239410369182e-01,2.777121160411109013e-01,-1.223271331726008201e-02,2.563370304902556213e-02,2.188001323375153850e-01,4.542382959349685473e-02,3.302334828136259393e-02,-5.786840942476105532e-02,5.935569368742532603e-02,-5.775910380204697658e-02,1.284169601742223554e-01,-2.087499724857042396e-02,-2.350612946512115747e-02,6.030682063469983145e-02,-6.769469955529387739e-02
1.503006012024048044e+00,-1.305597910422887434e-02,-1.905945935712407835e-01,-1.246103433865465154e-01,1.183896455763927824e-01,1.237522083928252886e-01,2.456830390145447740e-01,2.738897299883083503e-01,-1.879666040647282738e-02,1.789210171293808757e-02,2.080781420199485643e-01,3.950640838720479581e-02,3.502778828926619847e-02,-5.168879518495599762e-02,6.800001909427096092e-02,-6.904624486086749502e-02,1.298755418785038362e-01,-1.998953687287465669e-02,-2.863629666797874035e-02,5.603419186055325768e-02,-6.789549633077555935e-02
1.603206412825651350e+00,-1.098930985025350394e-02,-1.889215883145717034e-01,-1.208987363138664256e-01,1.167065635296740123e-01,1.141578271060076644e-01,2.408843122646289192e-01,2.705535340462407734e-01,-2.526782714008831560e-02,1.083629223488055161e-02,1.981729178922060908e-01,3.436811985906296912e-02,3.636630257281328604e-02,-4.556561447657658803e-02,7.574674945723024189e-02,-7.938215042201632321e-02,1.313154112792745687e-01,-1.959624709658596906e-02,-3.326593493091802717e-02,5.205845853468645673e-02,-6.838719481421921820e-02
1.703406813627254657e+00,-9.130471222782127194e-03,-1.874593231454140807e-01,-1.178041015144575127e-01,1.155972647743843673e-01,1.050053252850587648e-01,2.366854000716907824e-01,2.676475460698957698e-01,-3.162833198784852085e-02,4.390948918555608732e-03,1.890402277614959825e-01,2.991875765416277672e-02,3.714898375871665548e-02,-3.952413589990030202e-02,8.272623328609127191e-02,-8.890670685959817243e-02,1.327413293000838379e-01,-1.959686439901210664e-02,-3.745052498504892330e-02,4.836693194502644094e-02,-6.913573183021197444e-02
1.803607214428857741e+00,-7.460801001943346070e-03,-1.862072838223545468e-01,-1.152387674597120104e-01,1.149839144980454309e-01,9.627949957483523946e-02,2.330174708360824853e-01,2.651177980040005377e-01,-3.786329957698932047e-02,-1.511847454595590529e-03,1.806404215092174970e-01,2.607361127878680615e-02,3.747834175292519276e-02,-3.359000383843688264e-02,8.906030300040998493e-02,-9.775162759459815609e-02,1.341574008219175163e-01,-1.989968362730142742e-02,-4.124192055986111716e-02,4.494929028089489353e-02,-7.010991563349547318e-02
1.903807615230461048e+00,-5.963122337647872723e-03,-1.851642319617483323e-01,-1.131206783728892218e-01,1.147946221832600450e-01,8.796542502669679742e-02,2.298173316033166047e-01,2.629128894103177627e-01,-4.396077918204085999e-02,-6.932902631472163957e-03,1.729379694336606044e-01,2.275384225690327625e-02,3.744881698657358954e-02,-2.778855752937542389e-02,9.486171285514111151e-02,-1.060396850482532294e-01,1.355671290719553390e-01,-2.042012247790963783e-02,-4.468821888503142492e-02,4.179717810811271056e-02,-7.128145672659474963e-02
2.004008016032064354e+00,-4.621526065959334281e-03,-1.843277564737444696e-01,-1.113790118253756567e-01,1.149671182849267559e-01,8.004751382325613063e-02,2.270291963941513114e-01,2.609880977425785842e-01,-4.991201071116004029e-02,-1.192692081815634186e-02,1.658983034163759029e-01,1.989001902561327029e-02,3.714174711783350263e-02,-2.213975724685977864e-02,1.002284284401281367e-01,-1.138770404127867480e-01,1.369737716848730968e-01,-2.108620963294445538e-02,-4.783246546989179671e-02,3.890133634932484846e-02,-7.262565713365770614e-02
2.104208416833667439e+00,-3.420906862102711735e-03,-1.836922204153845217e-01,-1.099749918567126949e-01,1.154631313692693895e-01,7.250589865042394999e-02,2.246124616355494319e-01,2.593197338354584769e-01,-5.571378196447022979e-02,-1.654343499525444752e-02,1.594781664611492067e-01,1.743575610712933682e-02,3.660549242040175844e-02,-1.664107134786804720e-02,1.052213669789481693e-01,-1.213244074262926353e-01,1.383813854901111695e-01,-2.185972980641573069e-02,-5.070731286948695904e-02,3.624245741817123251e-02,-7.412474251963001304e-02
2.204408817635270523e+00,-2.347455421756678220e-03,-1.832511301409245064e-01,-1.088772173785590713e-01,1.162513109499367786e-01,6.532057647873433515e-02,2.225325156038448771e-01,2.578879718918056785e-01,-6.136576228908979802e-02,-2.082555732547215072e-02,1.536370192088047648e-01,1.535154223331649040e-02,3.587880763310064003e-02,-1.128785668353066846e-02,1.098907053194599082e-01,-1.284312686447705576e-01,1.397936092839339173e-01,-2.271127891577948144e-02,-5.334138654466960561e-02,3.380205851151251578e-02,-7.576395770048088840e-02
2.304609218436873608e+00,-1.388414285854456566e-03,-1.829982520476548247e-01,-1.080543335435055069e-01,1.173013176829106607e-01,5.847274529693580192e-02,2.207566724301659733e-01,2.566726685329904223e-01,-6.686823769025475317e-02,-2.481266362768512132e-02,1.483381677117993624e-01,1.359934040932502669e-02,3.499908289889090002e-02,-6.077587290312731066e-03,1.142848843723432012e-01,-1.352465065717017856e-01,1.412136086292294368e-01,-2.361199408180586143e-02,-5.576177956056933144e-02,3.156408679923762561e-02,-7.752956428153161272e-02
2.404809619238477136e+00,-5.320649081179641346e-04,-1.829276106445844041e-01,-1.074751596345831228e-01,1.185838900769797533e-01,5.194478464532689688e-02,2.192541853415333752e-01,2.556534747943782770e-01,-7.222208722649481327e-02,-2.854047809836800925e-02,1.435486457099955926e-01,1.214265631341248687e-02,3.400225523047525206e-02,-1.009702043258689508e-03,1.184505030964439209e-01,-1.418182385427477488e-01,1.426440901915761450e-01,-2.453366130544810259e-02,-5.799403536718152757e-02,2.951482123180753508e-02,-7.940883934729978111e-02
2.505010020040080221e+00,2.322738815583464940e-04,-1.830334869262152941e-01,-1.071087076198298932e-01,1.200708560297484712e-01,4.572025183857520575e-02,2.179962512231297111e-01,2.548098496311654859e-01,-7.742878362389454816e-02,-3.204107885868324318e-02,1.392392018723283553e-01,1.094654894636819427e-02,3.292279298476456090e-02,3.914413130430480919e-03,1.224323008104222371e-01,-1.481937913426612519e-01,1.440873032605052284e-01,-2.544873302865347658e-02,-6.006214460822791035e-02,2.764286154761016329e-02,-8.139007702250626586e-02
2.605210420841683305e+00,9.145990568961695141e-04,-1.833095403628235143e-01,-1.069326229618080826e-01,1.217408496352214153e-01,3.978226898568483494e-02,2.169589216394598452e-01,2.541268401617773343e-01,-8.249132686077681464e-02,-3.534366258019477902e-02,1.353799507259307866e-01,9.982953460764805789e-03,3.178584345426616053e-02,8.698529251702221549e-03,1.262643689821441040e-01,-1.544080191410345526e-01,1.455455299601129959e-01,-2.633881125474371587e-02,-6.198659525382314850e-02,2.593514414276285387e-02,-8.346381102081110170e-02
2.705410821643286834e+00,1.523965792024286172e-03,-1.837480867035564402e-01,-1.069380919752846437e-01,1.235832762718579170e-01,3.411268802859555166e-02,2.161259516488214516e-01,2.535979065684374478e-01,-8.741571987994578574e-02,-3.847252902990781764e-02,1.319398442031075591e-01,9.234422245510765306e-03,3.060154671209256230e-02,1.335431618709238821e-02,1.299640254956838381e-01,-1.604763593083531337e-01,1.470210938518058952e-01,-2.720029688764849865e-02,-6.378256512041127757e-02,2.437603460746494768e-02,-8.562424476274768659e-02
2.805611222444889918e+00,2.068555634329899938e-03,-1.843418134186042001e-01,-1.071155058651240832e-01,1.255877196038441002e-01,2.869456577679127193e-02,2.154823024901037221e-01,2.532157297596049905e-01,-9.220821115111729749e-02,-4.144901064416330050e-02,1.288913319815006842e-01,8.684171093430172531e-03,2.937979492061084871e-02,1.789107772612408970e-02,1.335481345062705383e-01,-1.664149786585870650e-01,1.485159072492843180e-01,-2.802911590817348114e-02,-6.546418446422959392e-02,2.295220763469300526e-02,-8.786623872871451857e-02
2.905811623246493003e+00,2.555976348667357307e-03,-1.850838948835803743e-01,-1.074544544824617420e-01,1.277435332958998526e-01,2.351206600283567427e-02,2.150134220533656826e-01,2.529725129576439469e-01,-9.687473793143316914e-02,-4.429297682370099409e-02,1.262091128341855939e-01,8.315661594186694872e-03,2.813091034248007757e-02,2.231658964326050168e-02,1.370337514909219234e-01,-1.722409047525397252e-01,1.500316447393485464e-01,-2.882029532875868619e-02,-6.704496826436194545e-02,2.165177751723416227e-02,-9.018487166775798758e-02
3.006012024048096087e+00,2.993261917358139637e-03,-1.859679923795219403e-01,-1.079437263247038786e-01,1.300398410132788951e-01,1.855045944237227948e-02,2.147052448798362490e-01,2.528599816988230664e-01,-1.014209262654611199e-01,-4.702283393365942060e-02,1.238701346296711969e-01,8.112601134283588256e-03,2.686564534065129933e-02,2.663709969790476612e-02,1.404381232484443187e-01,-1.779720258978478575e-01,1.515697431818987806e-01,-2.956796319347852753e-02,-6.853781622273867613e-02,2.046429814768612951e-02,-9.257544059757236155e-02
3.106212424849699616e+00,3.386872540190863368e-03,-1.869882540928891612e-01,-1.085713085355276414e-01,1.324655364217687536e-01,1.379612379412442635e-02,2.145441921619142267e-01,2.528693838333158084e-01,-1.058520909851948105e-01,-4.965552530357592032e-02,1.218535943318997949e-01,8.058942897063693656e-03,2.559518237836755708e-02,3.085732763440006063e-02,1.437786878994326556e-01,-1.836270911489813473e-01,1.531314017099350278e-01,-3.026534857804178205e-02,-6.995501276413665370e-02,1.938076301845721022e-02,-9.503346080449980027e-02
3.206412825651302700e+00,3.742704910524239682e-03,-1.881392914208467049e-01,-1.093245491825005911e-01,1.350093933821664427e-01,9.236503897629626952e-03,2.145172254998177486e-01,2.529915941666006085e-01,-1.101732633048684573e-01,-5.220654338511310916e-02,1.201408487612642545e-01,8.138982732806009784e-03,2.433098226271850420e-02,3.498059781404046914e-02,1.470729079696365960e-01,-1.892254875180273965e-01,1.547175922653447888e-01,-3.090494802390978193e-02,-7.130819531805855649e-02,1.839352773872394639e-02,-9.755468912094066025e-02
3.306613226452905785e+00,4.066292628392844700e-03,-1.894151647714746034e-01,-1.101973755691163098e-01,1.376652321011935243e-01,4.858541461879052441e-03,2.146147712922910067e-01,2.532216597497900512e-01,-1.143906297833416769e-01,-5.468947718229964783e-02,1.187123949159608755e-01,8.342040135521653146e-03,2.307756737040495693e-02,3.901422837554376771e-02,1.503303828188704561e-01,-1.947772270329833355e-01,1.563293895856765481e-01,-3.148618227482234688e-02,-7.260655103597001003e-02,1.749347217736166651e-02,-1.001364738058004161e-01
3.406813627254509314e+00,4.362343173182219730e-03,-1.908097857172874334e-01,-1.111877784422112131e-01,1.404305371525097768e-01,6.495012135701409839e-04,2.148305514405696448e-01,2.535570224296814223e-01,-1.185113860758975346e-01,-5.711458348775935723e-02,1.175504107349273630e-01,8.661402153914820462e-03,2.183427141875051575e-02,4.296684065263289137e-02,1.535548694195958408e-01,-2.002862747208716543e-01,1.579676339289806108e-01,-3.201316321955464256e-02,-7.385683593905445488e-02,1.667194471797445871e-02,-1.027777920313159565e-01
3.507014028056112398e+00,4.635120180586471510e-03,-1.923176038749208894e-01,-1.122922148849018614e-01,1.433019150916582385e-01,-3.402271308639461325e-03,2.151582427254799257e-01,2.539941890620300291e-01,-1.225422195536355757e-01,-5.949113264995482819e-02,1.166391513630243432e-01,9.089921550697693114e-03,2.060174493713266483e-02,4.684520947841055299e-02,1.567513426475751759e-01,-2.057585230687491440e-01,1.596329525726291054e-01,-3.248828824245195146e-02,-7.506558427931953048e-02,1.592171793163409468e-02,-1.054775792391330624e-01
3.607214428857715482e+00,4.888636711273167124e-03,-1.939334261535676784e-01,-1.135067041435328244e-01,1.462757125855532192e-01,-7.307719398457597493e-03,2.155915866777310397e-01,2.545294875975032678e-01,-1.264893975347582689e-01,-6.182796184983299637e-02,1.159638924073582156e-01,9.620492069453704526e-03,1.938114914124348248e-02,5.065540133320026867e-02,1.599250890993437757e-01,-2.112003367688563560e-01,1.613258966255281257e-01,-3.291324773889091337e-02,-7.623908269377133173e-02,1.523617448460059566e-02,-1.082347378897206835e-01
3.707414829659318567e+00,5.126655250883325327e-03,-1.956524167549774373e-01,-1.148268276276766808e-01,1.493480164124799392e-01,-1.107707518195752416e-02,2.161243895779151603e-01,2.551590670816812345e-01,-1.303587672845708534e-01,-6.413347510082513525e-02,1.155109299372812232e-01,1.024604843463753495e-02,1.817415593308965849e-02,5.440277434454627442e-02,1.630817070922098710e-01,-2.166185527186174908e-01,1.630469410281178144e-01,-3.328902511527945945e-02,-7.738337020441433955e-02,1.460930713832225489e-02,-1.110481374623708273e-01
3.807615230460922096e+00,5.352687710031421749e-03,-1.974700971734568156e-01,-1.162477289101340183e-01,1.525146534620948069e-01,-1.471985961757793851e-02,2.167505224565075550e-01,2.558788976550561145e-01,-1.341557560154814643e-01,-6.641564324884684234e-02,1.152675804843914659e-01,1.095956635157511842e-02,1.698294790099249066e-02,5.809197828721356788e-02,1.662271066642545536e-01,-2.220204800206405094e-01,1.647964845523722244e-01,-3.361589678905685386e-02,-7.850423821825146253e-02,1.403571874943562552e-02,-1.139166144551986282e-01
3.907815631262525180e+00,5.569995424305384558e-03,-1.993823461958694476e-01,-1.177641137269334060e-01,1.557711907354251690e-01,-1.824488249612294874e-02,2.174639210938664191e-01,2.566847705530326262e-01,-1.378853708870008965e-01,-6.868200397229801135e-02,1.152221810425328452e-01,1.175406250646362366e-02,1.581021831958789522e-02,6.172695458318783884e-02,1.693675095743317205e-01,-2.274138999827169938e-01,1.665748498017994017e-01,-3.389343218869365210e-02,-7.960723052728402305e-02,1.351062226976553274e-02,-1.168389723851423478e-01
4.008016032064128709e+00,5.781589532558828806e-03,-2.013853981117194325e-01,-1.193702557905798739e-01,1.591129393897493249e-01,-2.166024480818973946e-02,2.182585877231863758e-01,2.575723014364580399e-01,-1.415522010134718511e-01,-7.093966181581029540e-02,1.153640853111780190e-01,1.262259764041444819e-02,1.465916535776610498e-02,6.531094071971604853e-02,1.725094431157127017e-01,-2.328070585724739683e-01,1.683822836682724866e-01,-3.412050037009429354e-02,-8.069764258368776477e-02,1.302983812947093416e-02,-1.198139826388937845e-01
4.108216432865731349e+00,5.990255826254727717e-03,-2.034752249721515083e-01,-1.210626839452191850e-01,1.625369717617519139e-01,-2.497414367981192623e-02,2.191297699830411783e-01,2.585384705604763522e-01,-1.451612869852504650e-01,-7.319475263460313574e-02,1.156826262328667920e-01,1.356000347225854580e-02,1.353056945500659414e-02,6.884826337711844046e-02,1.756566323960192244e-01,-2.382050100418929561e-01,1.702190614881986808e-01,-3.429838189588182290e-02,-8.177986327295730384e-02,1.258892314543123489e-02,-1.228409828047983959e-01
4.208416833667334878e+00,6.198246916764324314e-03,-2.056479069882682642e-01,-1.228405601207432224e-01,1.660427234538116303e-01,-2.819437786694855425e-02,2.200749888215772498e-01,2.595818327016229943e-01,-1.487181200519819835e-01,-7.545117484147864650e-02,1.161684714061068796e-01,1.456378446323740479e-02,1.242183058526156320e-02,7.234406444962235283e-02,1.788090265572416238e-01,-2.436087097743625529e-01,1.720852633823272138e-01,-3.443134109065630610e-02,-8.285658522892892786e-02,1.218376229454183092e-02,-1.259204112042101309e-01
4.308617234468938406e+00,6.407548624682882568e-03,-2.079000592334028230e-01,-1.247021624395709682e-01,1.696290805817420588e-01,-3.132785938572678341e-02,2.210917942360710320e-01,2.607004871400448454e-01,-1.522276181473867784e-01,-7.771230827415472053e-02,1.168136700040459386e-01,1.563128671475236958e-02,1.133121299424086001e-02,7.580243563636478166e-02,1.819673251819187709e-01,-2.490200658834129666e-01,1.739808249143591223e-01,-3.452248491820935489e-02,-8.393026753464627454e-02,1.181105317943520819e-02,-1.290526557209592529e-01
4.408817635270541047e+00,6.620050877043727293e-03,-2.102284541933172879e-01,-1.266455454145910542e-01,1.732947161715837625e-01,-3.438112770134257867e-02,2.221776347531412010e-01,2.618924536844146611e-01,-1.556944034947983779e-01,-7.998147775920999569e-02,1.176106405254286752e-01,1.675979112278540989e-02,1.025738771018916071e-02,7.922713070521930634e-02,1.851324827775056581e-01,-2.544412171145259416e-01,1.759056768643071922e-01,-3.457447369426246142e-02,-8.500332353400863461e-02,1.146772255830500256e-02,-1.322379808014754743e-01
4.509018036072144575e+00,6.837547707318253690e-03,-2.126300217662027980e-01,-1.286685399491618031e-01,1.770380901596043111e-01,-3.736034972806084875e-02,2.233298574287488347e-01,2.631556726719312955e-01,-1.591228026071637713e-01,-8.226195311208402139e-02,1.185521707945969144e-01,1.794651337789915022e-02,9.199432543885947139e-03,8.262156549279618678e-02,1.883057087763735926e-01,-2.598745328451346759e-01,1.778597452284962077e-01,-3.458952108646697748e-02,-8.607812083177100726e-02,1.115092634490598769e-02,-1.354765274547880261e-01
4.609218436873747216e+00,7.061737255415911733e-03,-2.151018492626793066e-01,-1.307687533371111044e-01,1.808574493922982807e-01,-4.027131982921521025e-02,2.245457078481973012e-01,2.644880049683194789e-01,-1.625168462870431318e-01,-8.455694913707707816e-02,1.196314179614894890e-01,1.918860396523681608e-02,8.156832088645551981e-03,8.598881790444209972e-02,1.914884675358097810e-01,-2.653226130846237929e-01,1.798429512195626190e-01,-3.456939411440408672e-02,-8.715698129354407242e-02,1.085804960855409756e-02,-1.387683132525254770e-01
4.709418837675350744e+00,7.294221767684223520e-03,-2.176411814057957750e-01,-1.329435692627366217e-01,1.847508276263873095e-01,-4.311945981720821663e-02,2.258223301261322313e-01,2.658872319678298735e-01,-1.658802696266099552e-01,-8.686962562735031645e-02,1.208419085016424060e-01,2.048314816452229473e-02,7.129477720317110162e-03,8.933162791424043014e-02,1.946824783380177726e-01,-2.707882884743295082e-01,1.818552112664549025e-01,-3.451541314958484624e-02,-8.824218104579417687e-02,1.058670657412640395e-02,-1.421132323289159283e-01
4.809619238476954273e+00,7.536507596908764185e-03,-2.202454203310300618e-01,-1.351901478008055990e-01,1.887160455288199035e-01,-4.590981895351119169e-02,2.271567669065416017e-01,2.673510555932391286e-01,-1.692165120076510876e-01,-8.920308736492565949e-02,1.221775382161886803e-01,2.182716605006006921e-02,6.117667597284602229e-03,9.265239756501103541e-02,1.978897153901171269e-01,-2.762746202875392965e-01,1.838964370144332006e-01,-3.442845191545016587e-02,-8.933595047584336202e-02,1.033474062206113896e-02,-1.455110553807868468e-01
4.909819639278556913e+00,7.790005202313175781e-03,-2.229121255862889228e-01,-1.375054254165549161e-01,1.927507106767716305e-01,-4.864707394866428503e-02,2.285459593627557073e-01,2.688770982958498257e-01,-1.725287171015665033e-01,-9.156038412068584487e-02,1.236325722318584175e-01,2.321761249073526351e-02,5.122106660466842210e-03,9.595319096831034233e-02,2.011124078241435242e-01,-2.817849004294921134e-01,1.859665353250696262e-01,-3.430893748737081500e-02,-9.044047423186930834e-02,1.010022428835768288e-02,-1.489614296675650928e-01
5.010020040080160442e+00,8.056029149559166408e-03,-2.256390141319082054e-01,-1.398861149656911995e-01,1.968522175576450928e-01,-5.133552896227654844e-02,2.299867471974471334e-01,2.704629030554905889e-01,-1.758197328693696937e-01,-9.394451065437445236e-02,1.252016450009788562e-01,2.465137715001364943e-02,4.143906633317442911e-03,9.923573430443145826e-02,2.043530396970489604e-01,-2.873226514373785623e-01,1.880654082762480694e-01,-3.415685029264740186e-02,-9.155789122290544646e-02,9.881459264576559001e-03,-1.524638790112771425e-01
5.110220440881763970e+00,8.335609840238551380e-03,-2.284236775472304193e-01,-1.423291454421372615e-01,2.010182129066595547e-01,-5.397934990617078710e-02,2.314761263248813483e-01,2.721061920774506260e-01,-1.790924310711190237e-01,-9.635794435659594814e-02,1.268797840906297769e-01,2.612562645149006657e-02,3.183882484636837464e-03,1.025015277473959874e-01,2.076135784076199309e-01,-2.928910837806276701e-01,1.901929205419765623e-01,-3.397249907980271627e-02,-9.269008441591401748e-02,9.677096862104769132e-03,-1.560180128804624367e-01
5.210420841683366611e+00,8.629399477934037235e-03,-2.312635686899573717e-01,-1.448335907204506279e-01,2.052482416854879976e-01,-5.658270866228029550e-02,2.330128406194776347e-01,2.738059243815166854e-01,-1.823502102406032999e-01,-9.880144453802261473e-02,1.286626974737788698e-01,2.763954568683708174e-02,2.239966887467825275e-03,1.057528739059527267e-01,2.108928820380766012e-01,-2.984900094635659085e-01,1.923487701331786648e-01,-3.375887762379923412e-02,-9.383769140600012326e-02,9.485888394777200125e-03,-1.596243105784664607e-01
5.310621242484970139e+00,8.938434895370621705e-03,-2.341570447795632559e-01,-1.473988286759513877e-01,2.095418147752348692e-01,-5.914895225214950730e-02,2.345962425623522030e-01,2.755612037060226061e-01,-1.855957662128179531e-01,-1.012759733283639940e-01,1.305465381039441208e-01,2.919284545247897295e-02,1.310095392029171114e-03,1.089924189030861967e-01,2.141898749974635308e-01,-3.041181478987082243e-01,1.945326238128367857e-01,-3.351854498823947370e-02,-9.500103219020444856e-02,9.306176401173895524e-03,-1.632832384088828137e-01
5.410821643286573668e+00,9.263673255401453505e-03,-2.371024878226451194e-01,-1.500239792296659547e-01,2.138981960547758909e-01,-6.168122610286443791e-02,2.362254925334527911e-01,2.773710150760508308e-01,-1.888315954459871548e-01,-1.037824980469290864e-01,1.325276196001963502e-01,3.078505912327702404e-02,3.925980351045747080e-04,1.122225084471089318e-01,2.175037553500731857e-01,-3.097745053849380592e-01,1.967441450772775269e-01,-3.325369230421630629e-02,-9.618047006645483177e-02,9.136471315717910324e-03,-1.669951031794363883e-01
5.511022044088176308e+00,9.605965863065649493e-03,-2.400982612012085848e-01,-1.527079238453995791e-01,2.183164326829605262e-01,-6.418250713835646493e-02,2.378995585480397357e-01,2.792342380372095367e-01,-1.920600318418025920e-01,-1.063219506708153461e-01,1.346024115799526744e-01,3.241555158562719335e-02,-5.138444636958953288e-04,1.154451799629141184e-01,2.208339410444364881e-01,-3.154583683551961393e-01,1.989829923666460165e-01,-3.296620340450526904e-02,-9.737640440194411662e-02,8.975475472159009926e-03,-1.707600645929869543e-01
5.611222444889779837e+00,9.966058165588306816e-03,-2.431427096726678505e-01,-1.554493055297362647e-01,2.227953550986120357e-01,-6.665560377940239756e-02,2.396172162566860553e-01,2.811496466556326901e-01,-1.952832467454236054e-01,-1.088952278349086811e-01,1.367675396589764503e-01,3.408351923746016920e-02,-1.410200701935820575e-03,1.186621625919756645e-01,2.241800699133230101e-01,-3.211693033764806970e-01,2.012488190649057429e-01,-3.265765482356451643e-02,-9.858927063313009664e-02,8.822083103573666665e-03,-1.745781352475293258e-01
5.711422845691383365e+00,1.034458975238048729e-02,-2.462341593698455511e-01,-1.582465288320388241e-01,2.273335770205273110e-01,-6.910315594362428926e-02,2.413770489452773671e-01,2.831159095179799912e-01,-1.985032489454769955e-01,-1.115031908318833698e-01,1.390197854513771647e-01,3.578798998824127275e-02,-2.297088594352384230e-03,1.218748771923480745e-01,2.275419996737407524e-01,-3.269071571498471940e-01,2.035412734998386375e-01,-3.232931579753485496e-02,-9.981954026573559846e-02,8.675380342365073688e-03,-1.784491806361931387e-01
5.811623246492986006e+00,1.074209435503921742e-02,-2.493709178009729244e-01,-1.610977598444488512e-01,2.319294954474769299e-01,-7.152763504548956264e-02,2.431774475350120257e-01,2.851315897314369296e-01,-2.017218846740570781e-01,-1.141466656122021028e-01,1.413560865696105728e-01,3.752782325897051352e-02,-3.174775372856398006e-03,1.250844363386665048e-01,2.309198079269361714e-01,-3.326720565104083205e-01,2.058599989430450472e-01,-3.198214826423974311e-02,-1.010677208747483430e-01,8.534645220263129342e-03,-1.823729191472430178e-01
5.911823647294589534e+00,1.115899984734750397e-02,-2.525512738496897280e-01,-1.640009262018866931e-01,2.365812906582053232e-01,-7.393134399631103026e-02,2.450166105824009843e-01,2.871951449237147846e-01,-2.049408376067257953e-01,-1.168264427841160386e-01,1.437735366244786983e-01,3.930170998218261019e-02,-4.043177586532324674e-03,1.282916443221468750e-01,2.343137921583944017e-01,-3.384644084273343290e-01,2.082046336099438177e-01,-3.161680686318524974e-02,-1.023343561044211120e-01,8.399347668324447583e-03,-1.863489220640785204e-01
6.012024048096192175e+00,1.159562824527431667e-02,-2.557734977750441563e-01,-1.669537170820515060e-01,2.412869262114304969e-01,-7.631641720424682529e-02,2.468925442792678504e-01,2.893049272430505692e-01,-2.081616288625126043e-01,-1.195432776136646918e-01,1.462693852251296944e-01,4.110817260194693512e-02,-4.901861101638219087e-03,1.314969971505855761e-01,2.377244697378389782e-01,-3.442849000038525342e-01,2.105748106597721270e-01,-3.123363893556012350e-02,-1.036200256682716092e-01,8.269149516932354504e-03,-1.903766135652340818e-01
6.112224448897795703e+00,1.205219570697460205e-02,-2.590358412114930897e-01,-1.699535832054212547e-01,2.460441489458442821e-01,-7.868482057430044307e-02,2.488030624527488577e-01,2.914591833582071412e-01,-2.113856170039144777e-01,-1.222978900246760592e-01,1.488410379790580662e-01,4.294556507386757677e-02,-5.750041101605794097e-03,1.347006825483598458e-01,2.411525779192320307e-01,-3.501344984772477575e-01,2.129701581955856793e-01,-3.083268452423571990e-02,-1.049253453490825438e-01,8.143904495796886606e-03,-1.944552707243791811e-01
6.212424849699399232e+00,1.252881253278926958e-02,-2.623365371689018177e-01,-1.729977368352526856e-01,2.508504889801121962e-01,-8.103835150832072731e-02,2.507457865652929496e-01,2.936560544584729815e-01,-2.146139980368959865e-01,-1.250909645987664798e-01,1.514860564921043928e-01,4.481207286508327031e-02,-6.586582087040378924e-03,1.379025799564274624e-01,2.445990738407741449e-01,-3.560144512188621047e-01,2.153902992642585390e-01,-3.041367637376606037e-02,-1.062509669989015748e-01,8.023658233954794258e-03,-1.985840235103180640e-01
6.312625250501001872e+00,1.302548316524519689e-02,-2.656738000325440940e-01,-1.760831517775812427e-01,2.557032597128733320e-01,-8.337863890500180064e-02,2.527181457146616683e-01,2.958935762536624159e-01,-2.178478054108891615e-01,-1.279231505753407327e-01,1.542021583684555774e-01,4.670571295426742542e-02,-7.409997875720910482e-03,1.411022605323268286e-01,2.480651345249044182e-01,-3.619262857340948547e-01,2.178348518564831859e-01,-2.997603993038779752e-02,-1.075975785390413664e-01,7.908648259769541708e-03,-2.027618547869899923e-01
6.412825651302605401e+00,1.354175450373519725e-02,-2.690457818263630729e-01,-1.792069800153426873e-01,2.606001871431812833e-01,-8.570720139396667547e-02,2.547177616834774838e-01,2.981700940357001062e-01,-2.210879807214427561e-01,-1.307943991796267358e-01,1.569876190593500753e-01,4.862476993236644618e-02,-8.219189876575114587e-03,1.442990741786388253e-01,2.515513227009147923e-01,-3.678710140010756913e-01,2.203032577578417639e-01,-2.951970591230839575e-02,-1.089654672655677864e-01,7.799513613909378300e-03,-2.069879715878423232e-01
6.513026052104208929e+00,1.407756495065874865e-02,-2.724511278283965332e-01,-1.823687907060572433e-01,2.655406868554094357e-01,-8.802539013700882986e-02,2.567443444708843447e-01,3.004852083601818880e-01,-2.243355941624369798e-01,-1.337038823618421080e-01,1.598405884985268088e-01,5.056969360321285356e-02,-9.016009013339442574e-03,1.474941809399338000e-01,2.550554132769463078e-01,-3.738453094617176231e-01,2.227948271094738475e-01,-2.904707641303521173e-02,-1.103537744410151289e-01,7.695875942984152160e-03,-2.112623046244997416e-01
6.613226452905811570e+00,1.463397322083983404e-02,-2.758889274164719740e-01,-1.855688495449538122e-01,2.705238363063192097e-01,-9.033429497706069178e-02,2.587981539535680886e-01,3.028383980785713248e-01,-2.275916214233500989e-01,-1.366517975542375918e-01,1.627581428388387152e-01,5.254139896111419822e-02,-9.802614582346345917e-03,1.506898001048903313e-01,2.585752124183611778e-01,-3.798446638823800847e-01,2.253091772271011983e-01,-2.856034811611509946e-02,-1.117618805758196221e-01,7.596125569072356525e-03,-2.155843761928999958e-01
6.713426853707415098e+00,1.521183360838086404e-02,-2.793581703451271658e-01,-1.888070313498298736e-01,2.755484634453645998e-01,-9.263492007298390618e-02,2.608791401485929806e-01,3.052289879051346411e-01,-2.308569031983191133e-01,-1.396382415986702763e-01,1.657375433572429169e-01,5.454048469715342545e-02,-1.058071654449718041e-02,1.538877136055085693e-01,2.621088359393173306e-01,-3.858650884648132107e-01,2.278458830839714955e-01,-2.806137960213092586e-02,-1.131892364611669644e-01,7.498948080295616582e-03,-2.199535588600954328e-01
6.813627254509018627e+00,1.581177145143319515e-02,-2.828577392205648411e-01,-1.920828174676827704e-01,2.806131633959288996e-01,-9.492818734238420153e-02,2.629869425353502099e-01,3.076561583607250183e-01,-2.341321464084123172e-01,-1.426631808677143454e-01,1.687762615339200856e-01,5.656723476964330144e-02,-1.135158478861005016e-02,1.570892503041759758e-01,2.656546919000652984e-01,-3.919031143425191765e-01,2.304044689148792013e-01,-2.755170989154487327e-02,-1.146353502818004133e-01,7.403347778964482553e-03,-2.243690877709895448e-01
6.913827655310621267e+00,1.643418313219712976e-02,-2.863864095006527499e-01,-1.953952957747098207e-01,2.857162984553250351e-01,-9.721493646161150082e-02,2.651208900555577230e-01,3.101189457727827614e-01,-2.374179242016293823e-01,-1.457264512646611887e-01,1.718719790522743318e-01,5.862161840412642710e-02,-1.211604913141981973e-02,1.602952859936675190e-01,2.692114806069481059e-01,-3.979557925807520324e-01,2.329844082161656171e-01,-2.703255844469842559e-02,-1.160997876160207859e-01,7.308647681578423622e-03,-2.288300606483369970e-01
7.014028056112224796e+00,1.707923607692195256e-02,-2.899428494949237711e-01,-1.987431606763084002e-01,2.908559980947956758e-01,-9.949592486575990768e-02,2.672800011132606124e-01,3.126162422753352432e-01,-2.407146759529014690e-01,-1.488277582235195406e-01,1.750225877989334544e-01,6.070329009337534221e-02,-1.287449931757813325e-02,1.635062433971455897e-01,2.727781946124016033e-01,-4.040206941765183135e-01,2.355851237457189107e-01,-2.650482516181234052e-02,-1.175821714356865416e-01,7.214489518825828798e-03,-2.333354377927438494e-01
7.114228456913827436e+00,1.774686875590587506e-02,-2.935256203645758566e-01,-2.021247131070756931e-01,2.960301589595127347e-01,-1.017718277486676648e-01,2.694629835748306723e-01,3.151467958089969601e-01,-2.440227072640908657e-01,-1.519666767090152582e-01,1.782261898637486630e-01,6.281158959739235881e-02,-1.362688501965337098e-02,1.667220921681599188e-01,2.763541187149539669e-01,-4.100959100585762629e-01,2.382059875229740054e-01,-2.596909038298669467e-02,-1.190821821062136854e-01,7.120833735584012128e-03,-2.378840420826671687e-01
7.214428857715430965e+00,1.843679068349607722e-02,-2.971331761224720314e-01,-2.055378605308089413e-01,3.012364448685779794e-01,-1.040432380629172093e-01,2.716682347689667876e-01,3.177092101209695318e-01,-2.473421899639914878e-01,-1.551426512165914873e-01,1.814810975397948278e-01,6.494554194340969311e-02,-1.437271583813069797e-02,1.699423488906477986e-01,2.799388299592262541e-01,-4.161800510874364978e-01,2.408463208289127744e-01,-2.542561488820084536e-02,-1.205995573865758230e-01,7.027959490919204015e-03,-2.424745589744154439e-01
7.314629258517034494e+00,1.914848241808869006e-02,-3.007638636331402271e-01,-2.089801169405053616e-01,3.064722868150226431e-01,-1.063106665198351453e-01,2.738938414866946558e-01,3.203019447650415907e-01,-2.506731621083284622e-01,-1.583549957724085244e-01,1.847858333233702577e-01,6.710385742588942382e-02,-1.511106130141202236e-02,1.731660770789338055e-01,2.835321976359319596e-01,-4.222722480553614544e-01,2.435053942060637633e-01,-2.487433989731345843e-02,-1.221340924293041474e-01,6.936464658086560764e-03,-2.471055365021483097e-01
7.414829659318637134e+00,1.988119556212879571e-02,-3.044159226127735041e-01,-2.124486028583620345e-01,3.117348829658074805e-01,-1.085745415894921739e-01,2.761375799813668985e-01,3.229233151015888370e-01,-2.540155279797582377e-01,-1.616028939333439274e-01,1.881391299139968110e-01,6.928493160652345051e-02,-1.584055086581601796e-02,1.763918871777299668e-01,2.871343832818770703e-01,-4.283721516863658318e-01,2.461824274585024674e-01,-2.431488707006250125e-02,-1.236856397804874247e-01,6.847265824530156773e-03,-2.517753852778765178e-01
7.515030060120240663e+00,2.063395276211044127e-02,-3.080874856292301622e-01,-2.159400453357761263e-01,3.170211986618228783e-01,-1.108352095007032745e-01,2.783969159686630612e-01,3.255714922975741499e-01,-2.573690580878688072e-01,-1.648853987869924875e-01,1.915399302144200067e-01,7.148684531423357691e-02,-1.655937391557813984e-02,1.796179365621358159e-01,2.907458406799603989e-01,-4.344799326362164260e-01,2.488765896518511656e-01,-2.374655850606521498e-02,-1.252541093797720495e-01,6.761598291882987138e-03,-2.564823784914623817e-01
7.615230460921844191e+00,2.140554770857661798e-02,-3.117765781020332971e-01,-2.194507779533446667e-01,3.223279664178888559e-01,-1.130929342410275373e-01,2.806690046265897243e-01,3.282445033265475320e-01,-2.607333891691794303e-01,-1.682014329516662576e-01,1.949873873306087746e-01,7.370736464517141373e-02,-1.726527976285057581e-02,1.828419295376382259e-01,2.943673158591732508e-01,-4.405962814924320181e-01,2.515869991132789751e-01,-2.316833674481815972e-02,-1.268394685603619620e-01,6.681016075966969385e-03,-2.612246519106189990e-01
7.715430861723446831e+00,2.219454513611927166e-02,-3.154811183023710774e-01,-2.229767408208646606e-01,3.276516859227547318e-01,-1.153478975567681364e-01,2.829506905954801144e-01,3.309402309686458321e-01,-2.641080241871406886e-01,-1.715497885763943853e-01,1.984808645717555942e-01,7.594394096271844807e-02,-1.795557764770227410e-02,1.860611173401114371e-01,2.979998470945994793e-01,-4.467224087742834859e-01,2.543127234315018526e-01,-2.257888476569719360e-02,-1.284417420490187034e-01,6.607391906792943470e-03,-2.660002038809110014e-01
7.815631262525050360e+00,2.299957052042556765e-02,-3.191992192593057220e-01,-2.265149406506215546e-01,3.329897014340974515e-01,-1.176002967064409405e-01,2.852394755053350162e-01,3.336572525593903271e-01,-2.674923684095886767e-01,-1.749291240732512298e-01,2.020193978801457790e-01,7.819475507661680092e-02,-1.862864052780339660e-02,1.892736679779868647e-01,3.016433935020411683e-01,-4.528576215225980639e-01,2.570527384675612703e-01,-2.197798746175864959e-02,-1.300605243027375402e-01,6.541987282554944695e-03,-2.708073695322838481e-01
7.915831663326653889e+00,2.382132748123845858e-02,-3.229299587830743445e-01,-2.300664538873669618e-01,3.383411838362914703e-01,-1.198501727789044180e-01,2.875361854226180514e-01,3.363955681738640680e-01,-2.708862788831281065e-01,-1.783387255084020462e-01,2.055997640102870117e-01,8.046133524395550352e-02,-1.928731058937698667e-02,1.924818711408415595e-01,3.052943219851934065e-01,-4.589947465816298644e-01,2.598063721584809582e-01,-2.136864557059645411e-02,-1.316943912895156277e-01,6.482953494365771910e-03,-2.756449678043222384e-01
8.016032064128257417e+00,2.466122495928803685e-02,-3.266724460910280237e-01,-2.336321284164544765e-01,3.437044453516612807e-01,-1.220972974465130284e-01,2.898418769879855805e-01,3.391544994851057870e-01,-2.742898018337937560e-01,-1.817782370947328974e-01,2.092183718671035975e-01,8.274528789774465709e-02,-1.993436064314167006e-02,1.956879731272478939e-01,3.089493571605018141e-01,-4.651271586682054204e-01,2.625732235932873859e-01,-2.075315613876008852e-02,-1.333421978016334219e-01,6.428269796294198458e-03,-2.805112348515376719e-01
8.116232464929860058e+00,2.552029330390147288e-02,-3.304256537680820838e-01,-2.372122672998711046e-01,3.490776082237309619e-01,-1.243414365799425797e-01,2.921571422206615254e-01,3.419332257599358993e-01,-2.777028312304526958e-01,-1.852471109499082558e-01,2.128719753389680946e-01,8.504772324328566113e-02,-2.057194512916939860e-02,1.988936060015044360e-01,3.126056686245034522e-01,-4.712490315140094310e-01,2.653527887718812317e-01,-2.013342834250691007e-02,-1.350028910881202193e-01,6.376359745552576119e-03,-2.854043281433851775e-01
8.216432865731462698e+00,2.639918069262759542e-02,-3.341884197220670316e-01,-2.408066412149054702e-01,3.544586192079833831e-01,-1.265823527343669930e-01,2.944821138827175555e-01,3.447307952523082086e-01,-2.811251071008253888e-01,-1.887446038036328377e-01,2.165576722446884983e-01,8.736926211158954625e-02,-2.120161160325181524e-02,2.020997976318360534e-01,3.162608580058755559e-01,-4.773553155607539455e-01,2.681444579939776807e-01,-1.951099948326540795e-02,-1.366755049589782889e-01,6.326085749779203522e-03,-2.903223340751986958e-01
8.316633266533067115e+00,2.729815313123688456e-02,-3.379594471837282232e-01,-2.444144884541478435e-01,3.598452495718599820e-01,-1.288198051494582053e-01,2.968164654790733659e-01,3.475461252033101855e-01,-2.845562155314855790e-01,-1.922697769976514648e-01,2.202729043335084347e-01,8.971003595937698805e-02,-2.182430073690023314e-02,2.053069716903939967e-01,3.199129589654354233e-01,-4.834417379601784748e-01,2.709475158591067578e-01,-1.888703498763521019e-02,-1.383591597851827892e-01,6.276749067038330486e-03,-2.952632679681910233e-01
8.416833667334669755e+00,2.821709445372139885e-02,-3.417373047067258640e-01,-2.480345149254900017e-01,3.652350950947603758e-01,-1.310535497493860169e-01,2.991594112574962327e-01,3.503780018411622454e-01,-2.879955886678603472e-01,-1.958214964857489804e-01,2.240154572851066617e-01,9.206968686907816835e-02,-2.244034631734559762e-02,2.085149476532556223e-01,3.235604371961403047e-01,-4.895048025740495468e-01,2.737611412666129396e-01,-1.826232840738712532e-02,-1.400530624986817407e-01,6.228089805820154548e-03,-3.002250740694536457e-01
8.517034068136272396e+00,2.915550632229490374e-02,-3.455204261676352306e-01,-2.516648941521255067e-01,3.706255760680431388e-01,-1.332833391428183967e-01,3.015097062086014024e-01,3.532250803812185258e-01,-2.914425047142302216e-01,-1.993984328337505274e-01,2.277834607095977348e-01,9.444736754883298335e-02,-2.304947524753857627e-02,2.117229408004247526e-01,3.272021904230876799e-01,-4.955417899741613730e-01,2.765844074156553201e-01,-1.763730141946307645e-02,-1.417565065923961920e-01,6.180286925040822700e-03,-3.052056255519569605e-01
8.617234468937876812e+00,3.011250822739279520e-02,-3.493071107659466157e-01,-2.553032672725495389e-01,3.760139372950253023e-01,-1.355089226229213017e-01,3.038656460658519798e-01,3.560858850259665531e-01,-2.948960879337290120e-01,-2.029990612195214095e-01,2.315753881475316467e-01,9.684174133249096039e-02,-2.365080754614949307e-02,2.149295622158315100e-01,3.308375484035152581e-01,-5.015507574423355708e-01,2.794162818052078889e-01,-1.701200382597612554e-02,-1.434688721202200257e-01,6.133958234042428785e-03,-3.102027245145502210e-01
8.717434869739479453e+00,3.108683748767204769e-02,-3.530955230240651610e-01,-2.589467430405587023e-01,3.813972480909820773e-01,-1.377300461673585941e-01,3.062250673055587624e-01,3.589588089650270764e-01,-2.983553086483438643e-01,-2.066216614329668966e-01,2.353900570698936323e-01,9.925098217961109137e-02,-2.424285634756831800e-02,2.181328187873321500e-01,3.344662729268004231e-01,-5.075305389704208858e-01,2.822556262340589206e-01,-1.638611355421050811e-02,-1.451896256970200971e-01,6.090160392593017835e-03,-3.152141019819613144e-01
8.817635270541082093e+00,3.207684925001134946e-02,-3.568836927873110243e-01,-2.625918978252515523e-01,3.867724022831477981e-01,-1.399464524382922348e-01,3.085853471468805176e-01,3.618421143751543445e-01,-3.018189832389153171e-01,-2.102643178760325582e-01,2.392266288781046135e-01,1.016727746754621242e-01,-2.482352790190472253e-02,2.213301132067093668e-01,3.380885578144610104e-01,-5.134807452602936362e-01,2.851011968008115294e-01,-1.575893665662158466e-02,-1.469183204986361235e-01,6.050388910886581734e-03,-3.202374179047970948e-01
8.917835671342686510e+00,3.308051648951101237e-02,-3.606695152239193791e-01,-2.662347756110280961e-01,3.921361182107149790e-01,-1.421578807823822843e-01,3.109434035518238160e-01,3.647339324202361066e-01,-3.052857741451373008e-01,-2.139249195627041522e-01,2.430846089040210323e-01,1.041043140310223963e-01,-2.539012157498805530e-02,2.245182439696721544e-01,3.417050289201549740e-01,-5.194017637238573792e-01,2.879516439038835585e-01,-1.512940731083584761e-02,-1.486545962618808225e-01,6.016578149543061818e-03,-3.252702611595434390e-01
9.018036072144289150e+00,3.409543000949293023e-02,-3.644507508250401928e-01,-2.698708879975899033e-01,3.974849387248345911e-01,-1.443640672307865691e-01,3.132956952252429761e-01,3.676322632512932786e-01,-3.087541898655569717e-01,-2.176011601190074030e-01,2.469638464099345176e-01,1.065423060829797514e-01,-2.593932984836729710e-02,2.276934053758556675e-01,3.453167441296799978e-01,-5.252947584830431893e-01,2.908055122415071914e-01,-1.449608781965096987e-02,-1.503981792845397736e-01,5.991101319608348880e-03,-3.303101495485646355e-01
9.118236472945891791e+00,3.511879844150071067e-02,-3.682250254047386151e-01,-2.734952141999403286e-01,4.028152311886165071e-01,-1.465647444991611537e-01,3.156382216148402309e-01,3.705349760064804432e-01,-3.122225849575749335e-01,-2.212905377830083342e-01,2.508645345885724409e-01,1.089829672937317750e-01,-2.646723831931113713e-02,2.308511875288214998e-01,3.489251933609742173e-01,-5.311616703698092135e-01,2.936612408117295070e-01,-1.385716861103573720e-02,-1.521488824253714456e-01,5.976770482554282296e-03,-3.353545298001039399e-01
9.218436873747494431e+00,3.614899777092493716e-02,-3.719904180097093893e-01,-2.771049070177303286e-01,4.081242398208417277e-01,-1.487594852454075800e-01,3.179687232013873599e-01,3.734406158614375082e-01,-3.156896167449008694e-01,-2.249910566759174557e-01,2.547853933663887238e-01,1.114243397459115242e-01,-2.697230384603815923e-02,2.339894607369491786e-01,3.525299846026549444e-01,-5.370014184994335027e-01,2.965175945331038343e-01,-1.321250043828533366e-02,-1.539060136644510579e-01,5.974728868120518510e-03,-3.404010598742501226e-01
9.318637274549098848e+00,3.718873965776923335e-02,-3.757465821620398216e-01,-2.807038804091271378e-01,4.134114979804613954e-01,-1.509473283349887507e-01,3.202907619838269992e-01,3.763494263784349925e-01,-3.191552116150827012e-01,-2.287025601191285396e-01,2.587205185947510921e-01,1.138704197841373389e-01,-2.746060196137689591e-02,2.371133434044165045e-01,3.561250111975172161e-01,-5.428034954217055841e-01,2.993745213085091672e-01,-1.256669465037711826e-02,-1.556674963538685341e-01,5.980716866412568063e-03,-3.454477878041465333e-01
9.418837675350701488e+00,3.823919052217509412e-02,-3.794925476566297085e-01,-2.842926834273754033e-01,4.186749861167958220e-01,-1.531274190173518845e-01,3.226054301842504191e-01,3.792603916935980979e-01,-3.226188449101021760e-01,-2.324240983444324227e-01,2.626662356178986468e-01,1.163224424210988206e-01,-2.793463653999899571e-02,2.402243955066960812e-01,3.597071401784679434e-01,-5.485622236329076307e-01,3.022315132505845048e-01,-1.192155802021653034e-02,-1.574320848546173213e-01,5.992979238806518671e-03,-3.504921844428522948e-01
9.519038076152304129e+00,3.930101319773748880e-02,-3.832272042479268337e-01,-2.878712150128054925e-01,4.239125622903193724e-01,-1.552989752190112593e-01,3.249132234573124944e-01,3.821723794208194969e-01,-3.260798275475724761e-01,-2.361545031623968893e-01,2.666193668752424584e-01,1.187809983694781690e-01,-2.839613078729103651e-02,2.433234381505004484e-01,3.632738297340771805e-01,-5.542729389412047736e-01,3.050879183911303638e-01,-1.127845110453176009e-02,-1.591986667134586975e-01,6.010300328797172319e-03,-3.555317355625767228e-01
9.619238476953908545e+00,4.037447662543752064e-02,-3.869493450163273285e-01,-2.914389341009244738e-01,4.291220514822060017e-01,-1.574612777796330632e-01,3.272142048303766648e-01,3.850842101766893677e-01,-3.295373378554997679e-01,-2.398924396877170073e-01,2.705770925072820687e-01,1.212462096249493221e-01,-2.884625446791170764e-02,2.464107760027353378e-01,3.668229480995287561e-01,-5.599316952185596774e-01,3.079429717011784029e-01,-1.063845270558063522e-02,-1.609662144909195236e-01,6.031843527861898563e-03,-3.605639699926881381e-01
9.719438877755511186e+00,4.145945585364237823e-02,-3.906576663681755046e-01,-2.949948596224158948e-01,4.343012455943290884e-01,-1.596136704520354499e-01,3.295080047035144899e-01,3.879946575804951170e-01,-3.329904215722828686e-01,-2.436364063392149337e-01,2.745369503556054913e-01,1.237177294661778310e-01,-2.928562390579178554e-02,2.494861972904993674e-01,3.703527735566201073e-01,-5.655352644007324292e-01,3.107957950909911449e-01,-1.000235987115066956e-02,-1.627337857612920491e-01,6.057151275460636274e-03,-3.655864596197136995e-01
9.819639278557113826e+00,4.255543203810542574e-02,-3.943507680357641321e-01,-2.985375705031403926e-01,4.394479034492618785e-01,-1.617555599021887058e-01,3.317938208495062602e-01,3.909024482542216017e-01,-3.364379918467138020e-01,-2.473847348398402479e-01,2.784968359628894885e-01,1.261947424548211238e-01,-2.971430198413416851e-02,2.525489738010844309e-01,3.738619944337628898e-01,-5.710811364872804274e-01,3.136453974100624209e-01,-9.370687894558988457e-03,-1.645005231126343559e-01,6.086145059035891897e-03,-3.705968193873398486e-01
9.919839679358718243e+00,4.366149244196618207e-02,-3.980271530773342725e-01,-3.020652056641350836e-01,4.445597507902775414e-01,-1.638864157092151108e-01,3.340704184138406085e-01,3.938062618225511846e-01,-3.398788292379773535e-01,-2.511355902166698684e-01,2.824550025728993496e-01,1.286759644355284227e-01,-3.013179814541387669e-02,2.555978608819756692e-01,3.773497091059824227e-01,-5.765675195415587151e-01,3.164906744471170930e-01,-8.743670314652354780e-03,-1.662656541467699423e-01,6.119125414012740322e-03,-3.755927072964122537e-01
1.002004008016032088e+01,4.477633043575022370e-02,-4.016852278770751683e-01,-3.055754640216137297e-01,4.496344802813484476e-01,-1.660057703653888550e-01,3.363361299147145655e-01,3.967047309128634569e-01,-3.433115817156511262e-01,-2.548869708009077195e-01,2.864100611304888910e-01,1.311596425359405071e-01,-3.053706839137801388e-02,2.586310974408509433e-01,3.808154259949177445e-01,-5.819933396907192025e-01,3.193304089301109983e-01,-8.121258915807220979e-03,-1.680284914792878892e-01,6.156771923798823147e-03,-3.805718244049351995e-01
1.012024048096192352e+01,4.589824549736931658e-02,-4.053233021451245754e-01,-3.090656044869670716e-01,4.546697515071470574e-01,-1.681132192761362609e-01,3.385888552430336151e-01,3.995964411552356266e-01,-3.467347646597055966e-01,-2.586367082278852592e-01,2.903609802816006225e-01,1.336435551666900756e-01,-3.092851528304580919e-02,2.616464059455815838e-01,3.842590635688220568e-01,-5.873582411257118885e-01,3.221632705262312268e-01,-7.503123727929646679e-03,-1.697884327395429160e-01,6.200143219784352150e-03,-3.855319148280724195e-01
1.022044088176352794e+01,4.702514321212138138e-02,-4.089395889175685417e-01,-3.125324459667624399e-01,4.596631909730455323e-01,-1.702084207600356169e-01,3.408260616624118611e-01,4.024799311824420744e-01,-3.501467608605043358e-01,-2.623824674370611176e-01,2.943070863732655251e-01,1.361250120214015924e-01,-3.130398794070860663e-02,2.646409924242319467e-01,3.876809503425622250e-01,-5.926625861012838614e-01,3.249878158418958995e-01,-6.888653026455334241e-03,-1.715449605706553249e-01,6.250676981342107551e-03,-3.904707657381466523e-01
1.032064128256513058e+01,4.815453527269039635e-02,-4.125322045564412399e-01,-3.159723673627437557e-01,4.646123921051153460e-01,-1.722910960488172050e-01,3.430447838091715829e-01,4.053536926299547427e-01,-3.535458205188036218e-01,-2.661217466720211533e-01,2.982480634536032182e-01,1.386008540766911490e-01,-3.166078204392983736e-02,2.676115464650594133e-01,3.910818248776189443e-01,-5.979074549359795210e-01,3.278024884227541680e-01,-6.276953332349668666e-03,-1.732976426295109174e-01,6.310189935827434544e-03,-3.953862073646395303e-01
1.042084168336673322e+01,4.928353947914653616e-02,-4.160991687497253566e-01,-3.193813075718318073e-01,4.695149152501280621e-01,-1.743610292873633560e-01,3.452416236923436244e-01,4.082161701359428574e-01,-3.569300612457526611e-01,-2.698518774804785081e-01,3.021839532718218480e-01,1.410674535921666584e-01,-3.199563983154506130e-02,2.705542412165144461e-01,3.944628357820868514e-01,-6.030946460121406894e-01,3.306056187536864366e-01,-5.666849412107646464e-03,-1.750461315867611334e-01,6.380877858578250239e-03,-4.002761129941919127e-01
1.052104208416833764e+01,5.041106745431208486e-02,-4.196390825508432565e-01,-3.227578541537633461e-01,4.743690424170561859e-01,-1.764175559184812114e-01,3.474155416498457272e-01,4.110663339724807130e-01,-3.602981717436460896e-01,-2.735710590779197315e-01,3.061128281232990966e-01,1.435237135323947921e-01,-3.230836106312819089e-02,2.734681206356731620e-01,3.978228530423076337e-01,-6.082227878089896400e-01,3.333962291687948554e-01,-5.058900441038447805e-03,-1.767894997263295687e-01,6.462944550737582255e-03,-4.051384197469385939e-01
1.062124248496994028e+01,5.153927712211239798e-02,-4.231515966503575088e-01,-3.261044647285638587e-01,4.791738373335132639e-01,-1.784594157838440553e-01,3.495693089094453199e-01,4.139036148053961139e-01,-3.636499210203414378e-01,-2.772788525156326123e-01,3.100299700613465825e-01,1.459723601072314692e-01,-3.260337935042295632e-02,2.763564877055664226e-01,4.011576060087251872e-01,-6.132856306441802907e-01,3.361743440226601654e-01,-4.455812050860314191e-03,-1.785261830268707883e-01,6.553432006634715007e-03,-4.099708921258700678e-01
1.072144288577154292e+01,5.266901975311661516e-02,-4.266360071795511355e-01,-3.294214266607206620e-01,4.839278030555489440e-01,-1.804857607905039907e-01,3.517038765302198944e-01,4.167269343404290116e-01,-3.669846900735784789e-01,-2.809741384058679903e-01,3.139324208102861058e-01,1.484140153024013087e-01,-3.288261306159174363e-02,2.792202563877480559e-01,4.044648811529625854e-01,-6.182797398145193357e-01,3.389394180045758320e-01,-3.858662142357190388e-03,-1.802552057868370972e-01,6.650966501306777683e-03,-4.147712344819227681e-01
1.082164328657314734e+01,5.380078159907373397e-02,-4.300915423265787574e-01,-3.327086996787722017e-01,4.886294883924274801e-01,-1.824958282548112265e-01,3.538198206582554017e-01,4.195352329622342169e-01,-3.703017549064171465e-01,-2.846556892335370126e-01,3.178175495273961038e-01,1.508489157454145912e-01,-3.314752068888403985e-02,2.820599417990995450e-01,4.077428066912574534e-01,-6.232022856599351845e-01,3.416908208223255472e-01,-3.268337655561769431e-03,-1.819756632902510551e-01,6.754488076856062645e-03,-4.195372698936266076e-01
1.092184368737474998e+01,5.493469018164469364e-02,-4.335173642736137034e-01,-3.359659256064852495e-01,4.932774905392902087e-01,-1.844889392479283352e-01,3.559173509568398508e-01,4.223274718445788611e-01,-3.736002885136851526e-01,-2.883221725364221166e-01,3.216830453884357843e-01,1.532769220409380684e-01,-3.339911206494546037e-02,2.848756708331504628e-01,4.109898439213551802e-01,-6.280510314939038441e-01,3.444278397458950813e-01,-2.685541313015343736e-03,-1.836867195060456759e-01,6.863243311346224618e-03,-4.242669405009846240e-01
1.102204408817635262e+01,5.607051429240247215e-02,-4.369125691968483993e-01,-3.391924283628547920e-01,4.978704550771564930e-01,-1.864644985958303358e-01,3.579963106064635303e-01,4.251026329503426182e-01,-3.768793608819785423e-01,-2.919721509051771413e-01,3.255269175876456811e-01,1.556975187707952402e-01,-3.363794836281779749e-02,2.876671821600784718e-01,4.142047872225085858e-01,-6.328243336034494737e-01,3.471496796074727276e-01,-2.110791619767745254e-03,-1.853876070880645932e-01,6.976785318802284155e-03,-4.289583075054732020e-01
1.112224448897795703e+01,5.720766399283205156e-02,-4.402761872664942566e-01,-3.423872139621044197e-01,5.024070759729230007e-01,-1.884219948793047494e-01,3.600561763048187314e-01,4.278597190315175380e-01,-3.801379389896613059e-01,-2.956040819833274380e-01,3.293474953377472647e-01,1.581098144939661887e-01,-3.386414209593900659e-02,2.904338262267091020e-01,4.173867640554782543e-01,-6.375211412491438301e-01,3.498554628014491907e-01,-1.544422863377374958e-03,-1.870776273750620888e-01,7.094973749210627643e-03,-4.336095511700420180e-01
1.122244488977955967e+01,5.834519061433033477e-02,-4.436071826467814505e-01,-3.455489705136857159e-01,5.068860955793638157e-01,-1.903610004339513495e-01,3.620960582667998029e-01,4.305977536292078800e-01,-3.833748868068652116e-01,-2.992163184672693710e-01,3.331434278699429430e-01,1.605125417465876059e-01,-3.407735711814316448e-02,2.931745652565160842e-01,4.205352349625319786e-01,-6.421409966651064893e-01,3.525442292844174208e-01,-9.865851139112327695e-04,-1.887561503907029259e-01,7.217974788518999492e-03,-4.382189708191138178e-01
1.132264529058116231e+01,5.948178675820627037e-02,-4.469044534959594195e-01,-3.486760682222789232e-01,5.113063046351310481e-01,-1.922811713501824948e-01,3.641147002245033737e-01,4.333157810736305016e-01,-3.865889652954904165e-01,-3.028071081062709280e-01,3.369136844339163384e-01,1.629040570419527933e-01,-3.427680862366054571e-02,2.958879732496209614e-01,4.236499935674455375e-01,-6.466840350590047359e-01,3.552149365751728349e-01,-4.372442239448598791e-04,-1.904226148435624322e-01,7.346261158636513411e-03,-4.427849848385846387e-01
1.142284569138276673e+01,6.061578629568081800e-02,-4.501668319662963103e-01,-3.517665593877923880e-01,5.156665422647539465e-01,-1.941822474732229353e-01,3.661104794272280749e-01,4.360128664841146917e-01,-3.897788324092049672e-01,-3.063745937024714427e-01,3.406575542978319548e-01,1.652823408705117736e-01,-3.446126314711756011e-02,2.985722359827935324e-01,4.267311665755020300e-01,-6.511509846120541178e-01,3.578664597547132620e-01,1.038181714376334996e-04,-1.920765281271266667e-01,7.480612117433647207e-03,-4.473061306758239764e-01
1.152304609218436937e+01,6.174516436788682339e-02,-4.533930842040792553e-01,-3.548181784053628940e-01,5.199656959786393973e-01,-1.960640524031097842e-01,3.680814066414746510e-01,4.386880957691019489e-01,-3.929430430934448548e-01,-3.099168131108814284e-01,3.443746467483354001e-01,1.676449976998710401e-01,-3.462903856353675980e-02,3.012251510094513529e-01,4.297792137734921525e-01,-6.555431664790173363e-01,3.604975914662387759e-01,6.370046546435408075e-04,-1.937174663197920865e-01,7.622113458742236711e-03,-4.517810648396741735e-01
1.162324649298597201e+01,6.286753738586924045e-02,-4.565819103496144837e-01,-3.578283417653554954e-01,5.242027016730720357e-01,-1.979264934946926013e-01,3.700251261509460154e-01,4.413405756261463142e-01,-3.960800492854141819e-01,-3.134316992393829659e-01,3.480648910905531634e-01,1.699892559747937792e-01,-3.477800408833686685e-02,3.038441276596602347e-01,4.327949280297141987e-01,-6.598624947882052449e-01,3.631070419151518625e-01,1.162902025571612048e-03,-1.953450741848657968e-01,7.772157512355484452e-03,-4.562085629004510867e-01
1.172344689378757465e+01,6.398039266355734500e-02,-4.597320113526664476e-01,-3.607944219841184852e-01,5.283765921633366558e-01,-1.997694978514122643e-01,3.719391923751801388e-01,4.439694588509868201e-01,-3.991882791005195719e-01,-3.169171761200207382e-01,3.517283171206305181e-01,1.723122532142254137e-01,-3.490592254454739918e-02,3.064264975743977160e-01,4.357791940709122014e-01,-6.641111281218095019e-01,3.656935204422917529e-01,1.682114339188613139e-03,-1.969590031392294549e-01,7.932219223278158884e-03,-4.605875066143129137e-01
1.182364729458917907e+01,6.508439901076676359e-02,-4.628430654085418650e-01,-3.637173332845852758e-01,5.324869886397761709e-01,-2.015922325378700086e-01,3.738248260020511360e-01,4.465741502022623211e-01,-4.022672918591789215e-01,-3.203724891995590740e-01,3.553622805681628805e-01,1.746148334512819811e-01,-3.501494583450794756e-02,3.089735644266426995e-01,4.387299694897562330e-01,-6.682868918502695710e-01,3.682568027244210174e-01,2.193359252429985529e-03,-1.985582620830063094e-01,8.100875138432097819e-03,-4.649165557008879679e-01
1.192384769539078171e+01,6.618112640180878747e-02,-4.659150777189979276e-01,-3.665984915787591780e-01,5.365334346785115560e-01,-2.033938788456283175e-01,3.756839579751793945e-01,4.491539224224616045e-01,-4.053170072403532442e-01,-3.237972104262078488e-01,3.589639985304242109e-01,1.768984394267406890e-01,-3.510782528169247713e-02,3.114871470933136544e-01,4.416450879682676245e-01,-6.723871058547764568e-01,3.707968233045216833e-01,2.695565784145938747e-03,-2.001420543769918681e-01,8.276242365745357238e-03,-4.691941594142277072e-01
1.202404809619238435e+01,6.727152739019538752e-02,-4.689479171602985441e-01,-3.694386440745676126e-01,5.405154416371389381e-01,-2.051738167886119901e-01,3.775178037150872523e-01,4.517080367919770190e-01,-4.083371618233587186e-01,-3.271907070396710138e-01,3.625313253773963518e-01,1.791637771762523978e-01,-3.518641742596479577e-02,3.139682822630490699e-01,4.445230500513973060e-01,-6.764100738795371104e-01,3.733133263201137142e-01,3.188087450701303574e-03,-2.017097613258190536e-01,8.457021184490405921e-03,-4.734189026569732284e-01
1.212424849699398877e+01,6.835620999405495057e-02,-4.719413932085607666e-01,-3.722382661886878830e-01,5.444325871627265778e-01,-2.069315218094237296e-01,3.793272370278528705e-01,4.542358049022170996e-01,-4.113274008003250937e-01,-3.305522669668471969e-01,3.660624160195051213e-01,1.814112161394105249e-01,-3.525217664315392213e-02,3.164176775243793815e-01,4.473626467023962272e-01,-6.803545798895926922e-01,3.758059837007278192e-01,3.670404802329693510e-03,-2.032608206807207107e-01,8.642180263848405972e-03,-4.775895192786712151e-01
1.222444889779559141e+01,6.943543769613222394e-02,-4.748952559397549011e-01,-3.749975615465465650e-01,5.482845151918142035e-01,-2.086665647793441436e-01,3.811127901051100109e-01,4.567365886556070675e-01,-4.142872779761951896e-01,-3.338810988218297027e-01,3.695557259076199252e-01,1.836407891597510444e-01,-3.530615514505403008e-02,3.188357113657270814e-01,4.501629593028150245e-01,-6.842198880708190156e-01,3.782743951679047867e-01,4.142125423133488291e-03,-2.047947266395294674e-01,8.830956662909202406e-03,-4.817048920757734387e-01
1.232464929859719405e+01,7.050912944378845415e-02,-4.778091960297045082e-01,-3.777164619823203950e-01,5.520709359504143432e-01,-2.103786119983318270e-01,3.828746535240483140e-01,4.592098002655886635e-01,-4.172162557687256745e-01,-3.371763319059069008e-01,3.730100110330544783e-01,1.858521924847525708e-01,-3.534900297942449726e-02,3.212224331754067741e-01,4.529233596525046868e-01,-6.880057428299265476e-01,3.807180882351963169e-01,4.602983931083874658e-03,-2.063110298466779013e-01,9.022855830671337035e-03,-4.857640527916375350e-01
1.242484969939879846e+01,7.157685964900131759e-02,-4.806828447540864580e-01,-3.803946275389354925e-01,5.557916259540111037e-01,-2.120674251950233902e-01,3.846126762474131877e-01,4.616549022566203142e-01,-4.201137052084863988e-01,-3.404370162075618378e-01,3.764243279275663046e-01,1.880447857658363309e-01,-3.538096802998987739e-02,3.235775632416252323e-01,4.556435099696159452e-01,-6.917123687944599641e-01,3.831365182081644116e-01,5.052841978020829010e-03,-2.078093373931985122e-01,9.217651606042050194e-03,-4.897661821165266716e-01
1.252505010020040110e+01,7.263785818836482333e-02,-4.835157739884307637e-01,-3.830314464680678044e-01,5.594464280075608364e-01,-2.137328615267332366e-01,3.863263656235056964e-01,4.640714074641766329e-01,-4.229789059388606720e-01,-3.436621224024722920e-01,3.797980336633567933e-01,1.902175920583660251e-01,-3.540189601643992101e-02,3.259004927524810080e-01,4.583233628905994950e-01,-6.953404708127984835e-01,3.855290681843815404e-01,5.491688249653089646e-03,-2.092893128167235273e-01,9.415386217837258195e-03,-4.937106096876091588e-01
1.262525050100200374e+01,7.369101040308950745e-02,-4.863074962081207486e-01,-3.856260352301429384e-01,5.630352512054916936e-01,-2.153748735794538405e-01,3.880148873861826719e-01,4.664588790347490854e-01,-4.258110462160452081e-01,-3.468505418535109408e-01,3.831307858530713650e-01,1.923692978216480498e-01,-3.541123049442955473e-02,3.281902837959650432e-01,4.609631614702061619e-01,-6.988912339541559771e-01,3.878950490534306406e-01,5.919638465558204471e-03,-2.107506761014851793e-01,9.616370284781581082e-03,-4.975968140889590607e-01
1.272545090180360816e+01,7.473485709900228036e-02,-4.890574644883929900e-01,-3.881772384943362186e-01,5.665580709317044050e-01,-2.169935093678555527e-01,3.896770656548567691e-01,4.688169304258455461e-01,-4.286092229090503469e-01,-3.500010866107454155e-01,3.864225426497993610e-01,1.944982529189314413e-01,-3.540801285557889505e-02,3.304456693599601147e-01,4.635634391814866251e-01,-7.023663235085807477e-01,3.902336994969053396e-01,6.336935379182505844e-03,-2.121932036783156228e-01,9.821182815508332220e-03,-5.014244228515559731e-01
1.282565130260521080e+01,7.576759454654644066e-02,-4.917650725043372639e-01,-3.906836291385726856e-01,5.700149288595711683e-01,-2.185889123352867114e-01,3.913113829344962991e-01,4.711452254059904088e-01,-4.313724414996996104e-01,-3.531124894114378021e-01,3.896735627470739871e-01,1.966024706174076542e-01,-3.539088232747324148e-02,3.326650533322411674e-01,4.661250199157915275e-01,-7.057678849869555293e-01,3.925441859884095108e-01,6.743948777841095830e-03,-2.136167284246467124e-01,1.003067120855950442e-02,-5.051932124532846347e-01
1.292585170340681344e+01,7.678707448078180009e-02,-4.944296545308966007e-01,-3.931435082495269850e-01,5.734059329519365367e-01,-2.201613213537735314e-01,3.929159801156253407e-01,4.734434780547246424e-01,-4.340996160826300354e-01,-3.561834036800453074e-01,3.928844053788725366e-01,1.986796275882108387e-01,-3.535807597366306954e-02,3.348465105004753140e-01,4.686490179827715319e-01,-7.090985441209973761e-01,3.948256027935576618e-01,7.141175482717880031e-03,-2.150211396645103634e-01,1.024595125238579076e-02,-5.089031083189358151e-01
1.302605210420841786e+01,7.779087725035761791e-02,-4.970505060172211165e-01,-3.955549808851062110e-01,5.767312672579378852e-01,-2.217110491971190922e-01,3.944887414182262075e-01,4.757114536904782365e-01,-4.367895954936706904e-01,-3.592124293435328686e-01,3.960558649594295710e-01,2.007271460341425451e-01,-3.530753132562240715e-02,3.369878763984742176e-01,4.711367691578864370e-01,-7.123613049105324002e-01,3.970769944527697271e-01,7.529194408292617068e-03,-2.164063643315582708e-01,1.046833751062380656e-02,-5.125541761013131525e-01
1.312625250501002050e+01,7.877909483316163086e-02,-4.996276631642534438e-01,-3.979185984710432167e-01,5.799913697381910982e-01,-2.232377674047610061e-01,3.960303047699333390e-01,4.779489126787582198e-01,-4.394421610840039683e-01,-3.621991211048390946e-01,3.991868152736590125e-01,2.027451637257799144e-01,-3.524038039338081574e-02,3.390898013223010432e-01,4.735875762008002754e-01,-7.155561362559779148e-01,3.992981953317674693e-01,7.907431686679063793e-03,-2.177718982249119972e-01,1.069703052990641189e-02,-5.161461642633874414e-01
1.322645290581162314e+01,7.975382633603050886e-02,-5.021617531614698260e-01,-4.002364855809322219e-01,5.831865736945068823e-01,-2.247408122067593439e-01,3.975431521233742105e-01,4.801554732530616265e-01,-4.420578495565644084e-01,-3.651438456692925882e-01,4.022751375764216375e-01,2.047357401247933972e-01,-3.515964682186704243e-02,3.411546051432959858e-01,4.759997138817536610e-01,-7.186813133848766189e-01,4.014896456388718504e-01,8.275150669443618809e-03,-2.191172948966838285e-01,1.093007690941411730e-02,-5.196783766992050246e-01
1.332665330661322756e+01,8.071664148800786198e-02,-5.046532835339549994e-01,-4.025102247686904167e-01,5.863171758533124445e-01,-2.262197166294163120e-01,3.990291355889891700e-01,4.823307780959035229e-01,-4.446370360873970196e-01,-3.680468272881055047e-01,4.053192737322496297e-01,2.067003361816085460e-01,-3.506756926281286851e-02,3.431839470075286336e-01,4.783720214153177608e-01,-7.217359078008155349e-01,4.036516382770248823e-01,8.631980079914709433e-03,-2.204422860320337518e-01,1.116605388403270512e-02,-5.231502382804962270e-01
1.342685370741483020e+01,8.166875152745460553e-02,-5.071026910004131638e-01,-4.047411198629589646e-01,5.893835286294890619e-01,-2.276741234926501212e-01,4.004897554224466361e-01,4.844745297185132360e-01,-4.471799937750894349e-01,-3.709081983634838209e-01,4.083179539000142411e-01,2.086400615940867675e-01,-3.496598934804997366e-02,3.451791669198340795e-01,4.807036077192851087e-01,-7.247193771257125494e-01,4.057843764154206445e-01,8.977636759561690230e-03,-2.217466479543553637e-01,1.140378481485306884e-02,-5.265613192500308015e-01
1.352705410821643284e+01,8.261100920204902942e-02,-5.095103414731684266e-01,-4.069301959671032809e-01,5.923860401263721931e-01,-2.291037854099952642e-01,4.019261600246435973e-01,4.865864904608346864e-01,-4.496868936407723005e-01,-3.737279994486275014e-01,4.112701965329265685e-01,2.105556748075253504e-01,-3.485635168950998453e-02,3.471412857438127553e-01,4.829938514146697170e-01,-7.276315650998177453e-01,4.078879734895060061e-01,9.311925667994890715e-03,-2.230302016252758979e-01,1.164233918917123231e-02,-5.299113352216183737e-01
1.362725450901803725e+01,8.354390876878675654e-02,-5.118765300581643585e-01,-4.090781994592126991e-01,5.953251741357508120e-01,-2.305085647886024880e-01,4.033391459417052793e-01,4.886664824915263328e-01,-4.521578046281189422e-01,-3.765061792477304992e-01,4.141753083785370548e-01,2.124475830146575484e-01,-3.473970387922442615e-02,3.490710052018305420e-01,4.852424008257070209e-01,-7.304727015817127356e-01,4.099624532009800704e-01,9.634739882965589336e-03,-2.242928126446561699e-01,1.188103262048833923e-02,-5.332001471801077752e-01
1.372745490981963989e+01,8.446758599398067335e-02,-5.142014810549638826e-01,-4.111855979921006377e-01,5.982014501378682958e-01,-2.318884338292385716e-01,4.047291578649854227e-01,4.907143878079607835e-01,-4.545926936033455323e-01,-3.792425946159805328e-01,4.170328844787355438e-01,2.143158421556523585e-01,-3.461669648932476362e-02,3.509687078750186040e-01,4.874491739798537671e-01,-7.332434025483106632e-01,4.120077495177943416e-01,9.946060600366001328e-03,-2.255343912505906045e-01,1.211942684851064281e-02,-5.364277614813874884e-01
1.382765531062124253e+01,8.538181815326109647e-02,-5.164853479567497185e-01,-4.132525804933047109e-01,6.010154433014218700e-01,-2.332434745262866593e-01,4.060962886310660047e-01,4.927301482362254625e-01,-4.569914253552110894e-01,-3.819370105595594755e-01,4.198428081697515024e-01,2.161601569181148541e-01,-3.448758307204236040e-02,3.528344572032736104e-01,4.896143586077882359e-01,-7.359446700948562015e-01,4.140237066741527250e-01,1.024595713422930474e-02,-2.267548923194072918e-01,1.235732973914953001e-02,-5.395943298523857568e-01
1.392785571142284695e+01,8.628602403157564771e-02,-5.187282134503242714e-01,-4.152790571650865070e-01,6.037677844835626084e-01,-2.345738786677459831e-01,4.074402792217575175e-01,4.947137654311220545e-01,-4.593537625950175340e-01,-3.845891002356431332e-01,4.226052510821538544e-01,2.179798807370858515e-01,-3.435222015970852000e-02,3.546679974852576245e-01,4.917384121434101307e-01,-7.385778924349258867e-01,4.160100791705116374e-01,1.053458691672963347e-02,-2.279543153656679033e-01,1.259479528452150596e-02,-5.427001493910702523e-01
1.402805611222444959e+01,8.717926392318919859e-02,-5.209300894161094098e-01,-4.172646594844316437e-01,6.064591602298956552e-01,-2.358799478352319456e-01,4.087605187640986348e-01,4.966653008761666710e-01,-4.616793659566092445e-01,-3.871984449524010219e-01,4.253206731408508690e-01,2.197740157950420770e-01,-3.421006726475445126e-02,3.564687538783979370e-01,4.938220617238404664e-01,-7.411448439004276745e-01,4.179665317735796748e-01,1.081219549818205651e-02,-2.291327045421677200e-01,1.283212360294818180e-02,-5.457456625664479644e-01
1.412825651302605223e+01,8.806023963168407853e-02,-5.230909169281465765e-01,-4.192087402030498788e-01,6.090903127744802248e-01,-2.371620934039762596e-01,4.100560445303565449e-01,4.985848758835900174e-01,-4.639677939963738895e-01,-3.897645341689968124e-01,4.279898225650904942e-01,2.215412130218961939e-01,-3.406018687971130304e-02,3.582358323988873994e-01,4.958663041894217360e-01,-7.436476849416012724e-01,4.198926395163181113e-01,1.107911654704261083e-02,-2.302901486399356601e-01,1.306986093895630766e-02,-5.487314572185657546e-01
1.422845691382765487e+01,8.892729446995985276e-02,-5.252105662540969000e-01,-4.211103733473750554e-01,6.116620400398293800e-01,-2.384208365428267529e-01,4.113255419380267841e-01,5.004726715943370596e-01,-4.662185031932416512e-01,-3.922867654955880523e-01,4.306137358684599681e-01,2.232797720949967479e-01,-3.390124447721012263e-02,3.599680199216841459e-01,4.978724060837178556e-01,-7.460889621270180294e-01,4.217878876979404557e-01,1.133577184990827713e-02,-2.314267810882342236e-01,1.330879966327774312e-02,-5.516582665585100242e-01
1.432865731462925929e+01,8.977841326023348889e-02,-5.272888368552410832e-01,-4.229683542185650458e-01,6.141751956369101428e-01,-2.396568082142474521e-01,4.125673445498332370e-01,5.023289289780674682e-01,-4.684308479486856136e-01,-3.947644446933262219e-01,4.331937378588862630e-01,2.249876414391281387e-01,-3.373150850998188344e-02,3.616637841805119269e-01,4.998419036535141635e-01,-7.484716081435809354e-01,4.236516718839127282e-01,1.158267131151699547e-02,-2.325427799545595753e-01,1.354997827284947637e-02,-5.545269691684066027e-01
1.442885771543086193e+01,9.061122233403921811e-02,-5.293254573864794033e-01,-4.247811993925018070e-01,6.166306888651436058e-01,-2.408707491743185547e-01,4.137794340737280807e-01,5.041539488331551189e-01,-4.706040805867216514e-01,-3.971967856743567338e-01,4.357314416386355860e-01,2.266624182265106480e-01,-3.354885041085748504e-02,3.633212737678594983e-01,5.017766028488173102e-01,-7.507989417965243995e-01,4.254832979059531284e-01,1.182041295474763748e-02,-2.336383679446414341e-01,1.379468139081360158e-02,-5.573385890014208588e-01
1.452905811623246457e+01,9.142393182682675978e-02,-5.313203523270407791e-01,-4.265479632645887142e-01,6.190295082469829957e-01,-2.420632860006207976e-01,4.149604135136181760e-01,5.059480414226473766e-01,-4.727376973547098293e-01,-3.995832238405526149e-01,4.382280684406779092e-01,2.283022885021827042e-01,-3.335185718565466390e-02,3.649392742765367736e-01,5.036778847693262895e-01,-7.530736076465911477e-01,4.272822242579464302e-01,1.204935520919240936e-02,-2.347136904897032528e-01,1.404368365641394181e-02,-5.600940930113995631e-01
1.462925851703406899e+01,9.221910544105878238e-02,-5.332746136810373461e-01,-4.282713439219395513e-01,6.213725209793252713e-01,-2.432338933946609494e-01,4.161132370063636010e-01,5.077111733462481569e-01,-4.748327908329277314e-01,-4.019247693907269658e-01,4.406819096327499463e-01,2.299098891485156504e-01,-3.314390411115199914e-02,3.665206785675955703e-01,5.055441681291176215e-01,-7.552939689484118313e-01,4.290492564648124563e-01,1.226877371190802403e-02,-2.357684864156684712e-01,1.429479322312106684e-02,-5.627934396271752071e-01
1.472945891783567163e+01,9.299918197287734833e-02,-5.351892230386848803e-01,-4.299537852010643646e-01,6.236603298897486214e-01,-2.443819621336398018e-01,4.172405685885093862e-01,5.094431969675830008e-01,-4.768903962488357240e-01,-4.042225138242951377e-01,4.430915650923955007e-01,2.314878337493322669e-01,-3.292784116771532710e-02,3.680679190398232214e-01,5.073742200680803061e-01,-7.574591426009901207e-01,4.307853935280722690e-01,1.247844068850881803e-02,-2.368026791935374520e-01,1.454646940176453768e-02,-5.654365152507867531e-01
1.482965931863727427e+01,9.376611580651120215e-02,-5.370650488515934518e-01,-4.315973334342071421e-01,6.258935729591389441e-01,-2.455070449736165006e-01,4.183445827156160313e-01,5.111440323901547123e-01,-4.789113889061589746e-01,-4.064773962038250033e-01,4.454560020785934271e-01,2.330382373551165565e-01,-3.270597407239701770e-02,3.695829836370923549e-01,5.091671583878385476e-01,-7.595686916238738595e-01,4.324914836571053245e-01,1.267824202749723642e-02,-2.378162543937702711e-01,1.479749235574638264e-02,-5.680233532583968126e-01
1.492985971943887868e+01,9.452148832638615494e-02,-5.389028814074681151e-01,-4.332037398482749824e-01,6.280729368364025289e-01,-2.466088355928948150e-01,4.194270852890440437e-01,5.128136671126803936e-01,-4.808965261682092707e-01,-4.086902363563677532e-01,4.477744679493693702e-01,2.345628237255323600e-01,-3.248020981116735151e-02,3.710675420246518641e-01,5.109223604245909378e-01,-7.616224756252456540e-01,4.341682443847218464e-01,1.286812109800414793e-02,-2.388092394327463175e-01,1.504685248367749160e-02,-5.705541150932753602e-01
1.503006012024048133e+01,9.526650791712508448e-02,-5.407034328301094650e-01,-4.347744605648375948e-01,6.301991568384657239e-01,-2.476871685920233879e-01,4.204895136559536617e-01,5.144521560290921114e-01,-4.828464474578849641e-01,-4.108617348734577845e-01,4.500464901617957092e-01,2.360629253294231067e-01,-3.225205663891453356e-02,3.725229455891266861e-01,5.126394630491110105e-01,-7.636206508019230954e-01,4.358162625671622159e-01,1.304807874978883980e-02,-2.397817035727642376e-01,1.529375041937760388e-02,-5.730290902657994012e-01
1.513026052104208397e+01,9.600200996354794902e-02,-5.424673370794133032e-01,-4.363106566001275777e-01,6.322730169502759345e-01,-2.487420194937955686e-01,4.215329366093050201e-01,5.160596214285364525e-01,-4.847616742576712490e-01,-4.129924731111129788e-01,4.522718762719916685e-01,2.375394833448121190e-01,-3.202262407944465872e-02,3.739502274385183012e-01,5.143183626667471309e-01,-7.655636699393589817e-01,4.374359943840975817e-01,1.321817331323903687e-02,-2.407337579220419910e-01,1.553759703187532898e-02,-5.754486963534533039e-01
1.523046092184368838e+01,9.672845685067182897e-02,-5.441951499513708601e-01,-4.378131938650404176e-01,6.342953498248008470e-01,-2.497735047432495525e-01,4.225580543878581508e-01,5.176362529953747460e-01,-4.866426101096398837e-01,-4.150829131898344238e-01,4.544507139351232627e-01,2.389930476589023911e-01,-3.179262292548171165e-02,3.753501024022043442e-01,5.159592152174224955e-01,-7.674522824116414288e-01,4.390277653386294165e-01,1.337852059937089458e-02,-2.416655554347168500e-01,1.577801342540814319e-02,-5.778134790008284671e-01
1.533066132264529102e+01,9.744593796371080197e-02,-5.458873490780682403e-01,-4.392826431651343233e-01,6.362670367830284279e-01,-2.507818817076682416e-01,4.235651986761729271e-01,5.191823078091830634e-01,-4.884895406154493025e-01,-4.171333979946065251e-01,4.565833709054032963e-01,2.404237768680766441e-01,-3.156236523866761540e-02,3.767229670309386602e-01,5.175624361756350211e-01,-7.692875341814932044e-01,4.405917702572896832e-01,1.352929389982898342e-02,-2.425772909108454001e-01,1.601483093942236702e-02,-5.801241119196232088e-01
1.543086172344689366e+01,9.815416968807606779e-02,-5.475443339276874211e-01,-4.407192802006303367e-01,6.381890078139674793e-01,-2.517675486765793558e-01,4.245543326046091193e-01,5.206981103447518855e-01,-4.903026334363447258e-01,-4.191441511748970616e-01,4.586704950360912525e-01,2.418314382778974092e-01,-3.133176434956216894e-02,3.780688995968515265e-01,5.191287005504572338e-01,-7.710707678002723942e-01,4.421280732900408905e-01,1.367072398688631320e-02,-2.434692009964035397e-01,1.624809114857320505e-02,-5.823813968886434322e-01
1.553106212424849808e+01,9.885249540937592061e-02,-5.491664258045054758e-01,-4.421230855664124992e-01,6.400622415746469729e-01,-2.527310448617554051e-01,4.255250507493264500e-01,5.221840524720867682e-01,-4.920819382931580499e-01,-4.211152771446571297e-01,4.607130142794936822e-01,2.432154079031070004e-01,-3.110033485764308533e-02,3.793876600934493193e-01,5.206589428855368240e-01,-7.728036224079720684e-01,4.436366079102759263e-01,1.380309911344432088e-02,-2.443415641832864527e-01,1.647804586272471131e-02,-5.845862637538018491e-01
1.563126252505010072e+01,9.953988551341567959e-02,-5.507538678488944628e-01,-4.434937447520274079e-01,6.418877653901167157e-01,-2.536730503972136619e-01,4.264765791322842614e-01,5.236405934564074549e-01,-4.938273869663076798e-01,-4.230467610823210323e-01,4.627121366869636487e-01,2.445746704676273198e-01,-3.086719263130598481e-02,3.806786902356147917e-01,5.221543572590958693e-01,-7.744880337332202824e-01,4.451171769148182245e-01,1.392676501303286365e-02,-2.451947008093086355e-01,1.670515712694979962e-02,-5.867397704281185344e-01
1.573146292585170336e+01,1.002149373861977721e-01,-5.523068250373222021e-01,-4.448306481416846592e-01,6.436666552534467955e-01,-2.545943863392161055e-01,4.274077752212420700e-01,5.250682599581487642e-01,-4.955387932957988628e-01,-4.249384689308065566e-01,4.646693504089012272e-01,2.459078194045601906e-01,-3.063105480786438434e-02,3.819411134596070179e-01,5.236163972839315006e-01,-7.761262340932805204e-01,4.465694524239217644e-01,1.404212489981023632e-02,-2.460289730582038425e-01,1.693009722153024713e-02,-5.888431028917207044e-01
1.583166332665330778e+01,1.008758754139217340e-01,-5.538253841823516099e-01,-4.461328910142566828e-01,6.454000358257278025e-01,-2.554960146662696996e-01,4.283171279297590672e-01,5.264676460329600349e-01,-4.972158531812235216e-01,-4.267901473975148074e-01,4.665864236947531163e-01,2.472130568561870800e-01,-3.039023979354970803e-02,3.831737349230611711e-01,5.250467761074155693e-01,-7.777207523940508072e-01,4.479929758812707941e-01,1.414963946856315907e-02,-2.468447849596252519e-01,1.715374866195670464e-02,-5.908975751918426056e-01
1.593186372745491042e+01,1.015205509829841118e-01,-5.553095539326406982e-01,-4.473992735432786305e-01,6.470890804360708293e-01,-2.563790382791258371e-01,4.292027576171942860e-01,5.278394131317052373e-01,-4.988581445817601434e-01,-4.286014239543299853e-01,4.684654048930129155e-01,2.484881936739692654e-01,-3.014266726351129411e-02,3.843750415049888569e-01,5.264474664114945357e-01,-7.792744141300648186e-01,4.493871580539802735e-01,1.424982689470677237e-02,-2.476425823891452438e-01,1.737720419892866200e-02,-5.929046294428257369e-01
1.603206412825651483e+01,1.021464424799785747e-01,-5.567592647729432409e-01,-4.486283007969486536e-01,6.487350110816075821e-01,-2.572447010007810619e-01,4.300624160887068781e-01,5.291842901004630839e-01,-5.004651275161741131e-01,-4.303718068376199413e-01,4.703086224512210700e-01,2.497306494185477233e-01,-2.988585816181637059e-02,3.855432018057779464e-01,5.278207004126899138e-01,-7.807903413844907714e-01,4.507512790325954866e-01,1.434326283428465423e-02,-2.484228530682555391e-01,1.760176681835449314e-02,-5.948658358261187384e-01
1.613226452905811570e+01,1.027512102220558832e-01,-5.581745247661280551e-01,-4.498186468827553020e-01,6.503390865169766943e-01,-2.580942640575097369e-01,4.308940275376431650e-01,5.305030409537161429e-01,-5.020363493355760598e-01,-4.321008757450717774e-01,4.721183070045001928e-01,2.509380078495843103e-01,-2.961753867663607584e-02,3.866765888958483277e-01,5.291685896673243850e-01,-7.822714004145812083e-01,4.520846291617083845e-01,1.443044660812541069e-02,-2.491860905944095206e-01,1.782855658200982116e-02,-5.967827468197716145e-01
1.623246492985972012e+01,1.033377177868479574e-01,-5.595566495983059774e-01,-4.509732195414158373e-01,6.519021916166310993e-01,-2.589274036820923830e-01,4.317006132845770949e-01,5.317958761112006050e-01,-5.035732442291070976e-01,-4.337900710460759757e-01,4.738931148070242294e-01,2.521132852598784724e-01,-2.934096838748887284e-02,3.877782509371828779e-01,5.304897283564207200e-01,-7.837158859691046864e-01,4.533882044642233988e-01,1.451087674840298436e-02,-2.499323490979238893e-01,1.805550059701891211e-02,-5.986554850063037225e-01
1.633266533066132453e+01,1.039093103890982583e-01,-5.609068277326463292e-01,-4.520951265882469650e-01,6.534247508600121712e-01,-2.597429819080002700e-01,4.324857021118241329e-01,5.330625487155857822e-01,-5.050773460478332755e-01,-4.354411024092349480e-01,4.756313063099260052e-01,2.532603399873216699e-01,-2.905971590992995762e-02,3.888513056242323129e-01,5.317824528963227548e-01,-7.851226085106386421e-01,4.546637476789305299e-01,1.458435935182888013e-02,-2.506614816551104297e-01,1.828100019529623962e-02,-6.004839161046129359e-01
1.643286573146292540e+01,1.044685339675310021e-01,-5.622260372680083496e-01,-4.531868116884348874e-01,6.549072206541050045e-01,-2.605400944651873330e-01,4.332520304266281319e-01,5.343028910010405585e-01,-5.065498990719351502e-01,-4.370554032476997586e-01,4.773317045680630089e-01,2.543822058553745213e-01,-2.877647455243955918e-02,3.898981347955229326e-01,5.330456506686672702e-01,-7.864910876361067560e-01,4.559127592032354293e-01,1.465087019307974997e-02,-2.513734134534148512e-01,1.850398195628872103e-02,-6.022681197504218265e-01
1.653306613226452981e+01,1.050175252385490005e-01,-5.635151788179392218e-01,-4.542503981955780534e-01,6.563501204157983215e-01,-2.613180480437757303e-01,4.340019183183765894e-01,5.355168306464542782e-01,-5.079920096250204464e-01,-4.386342560813717428e-01,4.789934369674331283e-01,2.554814504532504360e-01,-2.849350466411336089e-02,3.909207858205690500e-01,5.342784870150411036e-01,-7.878210731578373371e-01,4.571365404733286897e-01,1.471042299961582318e-02,-2.520681324309044791e-01,1.872354923057712936e-02,-6.040082987407161541e-01
1.663326653306613423e+01,1.055580116962334253e-01,-5.647750755106740739e-01,-4.552876891516866031e-01,6.577540325718841396e-01,-2.620763602940556769e-01,4.347372695586006475e-01,5.367043907754368570e-01,-5.094046460741229465e-01,-4.401787925369021748e-01,4.806159352251744843e-01,2.565601751359151139e-01,-2.821263363466255947e-02,3.919209715998724364e-01,5.354804052369815937e-01,-7.891125451035625460e-01,4.583361939641855676e-01,1.476306945168088733e-02,-2.527456892762686147e-01,1.893898213987606216e-02,-6.057047790337443116e-01
1.673346693386773509e+01,1.060913116123439331e-01,-5.660064729891358670e-01,-4.563001672871828118e-01,6.591196025590579932e-01,-2.628147598264855000e-01,4.354595716009751483e-01,5.378656899563187821e-01,-5.107886388297032676e-01,-4.416899933476923223e-01,4.821989353895653752e-01,2.576200150240868236e-01,-2.793525589441382337e-02,3.929000705649228209e-01,5.366511265959762467e-01,-7.903657137164192825e-01,4.595126231895660385e-01,1.480889918230229689e-02,-2.534061974288180363e-01,1.914973757703394494e-02,-6.073580097490174357e-01
1.683366733466933951e+01,1.066183340363187348e-01,-5.672100394109353960e-01,-4.572889950209009235e-01,6.604475388239184896e-01,-2.635331862116918056e-01,4.361698955813186895e-01,5.390009422021511121e-01,-5.121446803456483066e-01,-4.431686883538938360e-01,4.837424778400247205e-01,2.586621390042366797e-01,-2.766233291430927888e-02,3.938591266781977240e-01,5.377906503134630700e-01,-7.915810194549485201e-01,4.606665327020149081e-01,1.484803977729097849e-02,-2.540498330784854986e-01,1.935544920603307628e-02,-6.089685631673094068e-01
1.693386773547094393e+01,1.071395787952744288e-01,-5.683863654483711780e-01,-4.582550144600872066e-01,6.617386128229679754e-01,-2.642317899804690340e-01,4.368688963175934581e-01,5.401104569707052550e-01,-5.134733251192719061e-01,-4.446155565024082490e-01,4.852469072871114508e-01,2.596872497285879211e-01,-2.739439320590655522e-02,3.947988494331622911e-01,5.388992535708300169e-01,-7.927591329930958608e-01,4.617984280928617014e-01,1.488065677524142046e-02,-2.546768351658253993e-01,1.955592746198956539e-02,-6.105371347306569607e-01
1.703406813627254479e+01,1.076551364940061123e-01,-5.695359642884297857e-01,-4.591987474003997316e-01,6.629936590226120918e-01,-2.649109326237800710e-01,4.375568123099054518e-01,5.411946391644734122e-01,-5.147749896913139667e-01,-4.460311258468871443e-01,4.867128727725248960e-01,2.606955836151166328e-01,-2.713153232137876375e-02,3.957196138542695141e-01,5.399774915094157635e-01,-7.939009552202108688e-01,4.629086159922207733e-01,1.490695366753168154e-02,-2.552875053820138351e-01,1.975115955115336330e-02,-6.120645430423595768e-01
1.713426853707414921e+01,1.081646885149873671e-01,-5.706592716327856252e-01,-4.601203953259088153e-01,6.642135748991598865e-01,-2.655711865927558035e-01,4.382334657405043132e-01,5.422539891306680238e-01,-5.160499526459415565e-01,-4.474157735477324316e-01,4.881413276691047853e-01,2.616869108475514127e-01,-2.687341285351446674e-02,3.966214604969602320e-01,5.410261972305089317e-01,-7.950076172410478481e-01,4.639972040689913091e-01,1.492717189832338566e-02,-2.558822081688487682e-01,1.994130945090828028e-02,-6.135517298669794783e-01
1.723446893787575362e+01,1.086675070183702602e-01,-5.717566456978007139e-01,-4.610198394090965768e-01,6.653993209388238128e-01,-2.662133352986951751e-01,4.388982624737833849e-01,5.432891026612222118e-01,-5.172983546107476904e-01,-4.487697258720957927e-01,4.895335296808310810e-01,2.626605353753732608e-01,-2.661926443571773632e-02,3.975040954476629085e-01,5.420464817953487557e-01,-7.960804803757652870e-01,4.650641010308570467e-01,1.494159086456172368e-02,-2.564613707187498592e-01,2.012671790977194758e-02,-6.149997601303417438e-01
1.733466933867735449e+01,1.091624549419852458e-01,-5.728283672145251249e-01,-4.618966405108571038e-01,6.665519206377195083e-01,-2.668383731130653524e-01,4.395501920562795428e-01,5.443006709927898923e-01,-5.185201982567523293e-01,-4.500930581938791808e-01,4.908910408428240335e-01,2.636152949138159118e-01,-2.636788374200811635e-02,3.983668903237937986e-01,5.430397342251244153e-01,-7.971211361599260803e-01,4.661090166242866095e-01,1.495052791597545339e-02,-2.570254829747584124e-01,2.030790244739583833e-02,-6.164098219195341954e-01
1.743486973947895891e+01,1.096479860013414021e-01,-5.738746394286967645e-01,-4.627500391804966751e-01,6.676724605018664604e-01,-2.674475053675016700e-01,4.401878277166736964e-01,5.452894808067449972e-01,-5.197153482984019357e-01,-4.513856949937346541e-01,4.922157275213442928e-01,2.645495609438656137e-01,-2.611763448702061202e-02,3.992088822737570597e-01,5.440076215009759242e-01,-7.981314063444971962e-01,4.671314616345335069e-01,1.495433835507690122e-02,-2.575750976305377082e-01,2.048555735456527443e-02,-6.177832264829072884e-01
1.753507014028056332e+01,1.101221446896261252e-01,-5.748955881007414837e-01,-4.635789556557332602e-01,6.687620900471871188e-01,-2.680421483538075189e-01,4.408093263657901217e-01,5.462564142291824743e-01,-5.208835314935693628e-01,-4.526474098590643202e-01,4.935097604137927418e-01,2.654612387122610162e-01,-2.586644742600572450e-02,4.000287739769445294e-01,5.449520885639930201e-01,-7.991133428958504537e-01,4.681307478856358006e-01,1.495341543716195536e-02,-2.581108301303725039e-01,2.066055369319940924e-02,-6.191214082300745547e-01
1.763527054108216419e+01,1.105825662777053658e-01,-5.758912615057726336e-01,-4.643819898626970200e-01,6.698220217995074499e-01,-2.686239293239543469e-01,4.414124285965969063e-01,5.472024488309175094e-01,-5.220243366435541876e-01,-4.538778254840202808e-01,4.947756145487104962e-01,2.663477672314935041e-01,-2.561182035482945096e-02,4.008249336437357258e-01,5.458753583152161637e-01,-8.000692279957615227e-01,4.691059882404164383e-01,1.494819037031007609e-02,-2.586333586691694775e-01,2.083393929635122752e-02,-6.204259247319118264e-01
1.773547094188376860e+01,1.110264768141235592e-01,-5.768616304335918432e-01,-4.651574214159300835e-01,6.708535312945571594e-01,-2.691946864900819358e-01,4.419944586842059486e-01,5.481286576274858602e-01,-5.231372145930824891e-01,-4.550764136695049089e-01,4.960160692857792375e-01,2.672061192798069196e-01,-2.535081810997322216e-02,4.015953950154980689e-01,5.467799316156358724e-01,-8.010015740414108132e-01,4.700560966004831975e-01,1.493913231538428893e-02,-2.591434241924570614e-01,2.100693876820757672e-02,-6.216984567205583456e-01
1.783567134268537302e+01,1.114506931251035560e-01,-5.778065881886882416e-01,-4.659032096183864935e-01,6.718579570779690258e-01,-2.697564690244980135e-01,4.425523245858726806e-01,5.490362090791440774e-01,-5.242214782303069587e-01,-4.562424953231705715e-01,4.972342083158207138e-01,2.680328014011977289e-01,-2.508007256853398564e-02,4.023378573645867151e-01,5.476685872861931648e-01,-8.019131236453828082e-01,4.709797879062284642e-01,1.492674838603118802e-02,-2.596418303963853313e-01,2.118095348408912532e-02,-6.229408080894155431e-01
1.793587174348697388e+01,1.118545837217642114e-01,-5.787266028652473526e-01,-4.666194478583838290e-01,6.728363596512177969e-01,-2.703103350053686071e-01,4.430854690540210750e-01,5.499259500955927527e-01,-5.252773440888005574e-01,-4.573763454007486184e-01,4.984312086947716436e-01,2.688272062273690532e-01,-2.479895785916373663e-02,4.030523101755003612e-01,5.485422598078320000e-01,-8.028046411588224407e-01,4.718767749678115520e-01,1.491107997033672833e-02,-2.601291072518533976e-01,2.135600403166055053e-02,-6.241540238098798321e-01
1.803607214428857830e+01,1.122436432005807921e-01,-5.796232396776174189e-01,-4.673109269599913240e-01,6.737886964649238974e-01,-2.708540827104344295e-01,4.435995445622872846e-01,5.507972829990208652e-01,-5.263071251867202927e-01,-4.584805045595298223e-01,4.996036577505565401e-01,2.695957745227864910e-01,-2.451326897650292144e-02,4.037437187505142910e-01,5.493976482001649009e-01,-8.036732805119773948e-01,4.727498159069578043e-01,1.489154511067682964e-02,-2.606047830195148407e-01,2.152953882540863811e-02,-6.253372452643660706e-01
1.813627254509017916e+01,1.126213510127168499e-01,-5.804974536952818287e-01,-4.679805179826665440e-01,6.747148935148798987e-01,-2.713858342243372634e-01,4.440982579698985466e-01,5.516495174677920055e-01,-5.273123833419726125e-01,-4.595567442324853813e-01,5.007496358631940980e-01,2.703427336260660341e-01,-2.422653928797263018e-02,4.044149652704165931e-01,5.502329952853242112e-01,-8.045183040474156444e-01,4.736012160536809956e-01,1.486817449634754082e-02,-2.610684202828654765e-01,2.170048608578141469e-02,-6.264901549217383181e-01
1.823647294589178358e+01,1.129906394660278313e-01,-5.813501101062055199e-01,-4.686306864928761473e-01,6.756149829103664795e-01,-2.719040524571307293e-01,4.445847481528052980e-01,5.524821257500633909e-01,-5.282944913661795638e-01,-4.606066290923951367e-01,5.018676302324910354e-01,2.710716709317019801e-01,-2.394172847206658614e-02,4.050685090735268168e-01,5.510469082715920841e-01,-8.053392117509242665e-01,4.744329685454010681e-01,1.484102612306219260e-02,-2.615196909756415389e-01,2.186796695584379557e-02,-6.276125952116107243e-01
1.833667334669338800e+01,1.133539443187273482e-01,-5.821819968473231910e-01,-4.692635367444481509e-01,6.764890993602000746e-01,-2.724075252134371405e-01,4.450616357902280051e-01,5.532947390183911018e-01,-5.292546512135307690e-01,-4.616315360473611240e-01,5.029564971750132285e-01,2.717855905115551529e-01,-2.366127763401031439e-02,4.057064342109506505e-01,5.518383215304988321e-01,-8.061356976832069199e-01,4.752467713754903178e-01,1.481017415784246540e-02,-2.619583724493309007e-01,2.203126501275792792e-02,-6.287045538836940617e-01
1.843687374749498886e+01,1.137132047793873030e-01,-5.829938246045393013e-01,-4.698808116785718747e-01,6.773374801727325423e-01,-2.728953651924475032e-01,4.455310233646574414e-01,5.540871473697295269e-01,-5.301938939807837592e-01,-4.626326542408074616e-01,5.040154621240859889e-01,2.724869131148535684e-01,-2.338710930576108626e-02,4.063304494465798666e-01,5.526064965968224829e-01,-8.069076499798839563e-01,4.760440273932731170e-01,1.477570893901840668e-02,-2.623843474731730185e-01,2.218982626778318035e-02,-6.297661640077950596e-01
1.853707414829659328e+01,1.140698635069378186e-01,-5.837862268127285148e-01,-4.704838929237983858e-01,6.781604652558514967e-01,-2.733670099879217386e-01,4.459944951618547426e-01,5.548592998254321396e-01,-5.311130799072640851e-01,-4.636109850514807396e-01,5.050441196297943414e-01,2.731774761681921015e-01,-2.312062744600790545e-02,4.069418882570924323e-01,5.533510221685893349e-01,-8.076551508514929756e-01,4.768258443040263028e-01,1.473773697622840495e-02,-2.627976042341588769e-01,2.234325916627618452e-02,-6.307977039738172920e-01
1.863727454909819770e+01,1.144248666106672530e-01,-5.845597596557354780e-01,-4.710738007960398877e-01,6.789584971169803085e-01,-2.738222220881883495e-01,4.464531172708512963e-01,5.556113043312502775e-01,-5.320128983748646512e-01,-4.645673420934495756e-01,5.060424333589823576e-01,2.738585337755325977e-01,-2.286271744017157048e-02,4.075417088319524539e-01,5.540718141070737346e-01,-8.083784765834881592e-01,4.775930346689788997e-01,1.469638095041921749e-02,-2.631982363370310996e-01,2.249133458769079705e-02,-6.317995974917604007e-01
1.873747494989979856e+01,1.147786636502222124e-01,-5.853149020663742652e-01,-4.716511942985702754e-01,6.797321208630775491e-01,-2.742610888761447541e-01,4.469074375839486302e-01,5.563434277573342523e-01,-5.328938679080464924e-01,-4.655023512161048371e-01,5.070107360952534892e-01,2.745307567182037056e-01,-2.261374610040462613e-02,4.081304940734100661e-01,5.547691154367978550e-01,-8.090780975362407146e-01,4.783461159053122302e-01,1.465177971384595476e-02,-2.635864428042840046e-01,2.263398584557809942e-02,-6.327724135917206505e-01
1.883767535070140298e+01,1.151312076356075381e-01,-5.860520557264293773e-01,-4.722163711220247473e-01,6.804819842006378794e-01,-2.746840226292570075e-01,4.473574857967188012e-01,5.570560958982329058e-01,-5.337563361738384415e-01,-4.664164505041596409e-01,5.079497297389706789e-01,2.751942324549012664e-01,-2.237356166559135301e-02,4.087084515965017650e-01,5.554434963455320284e-01,-8.097546781450388753e-01,4.790853102861600821e-01,1.460408829007207865e-02,-2.639625280761634385e-01,2.277130868758643276e-02,-6.337168666238904846e-01
1.893787575150300739e+01,1.154819550271862921e-01,-5.867715450666549648e-01,-4.727692676443999709e-01,6.812088374356912723e-01,-2.750917605195600246e-01,4.478027734080038402e-01,5.577498934728934987e-01,-5.346004799818371289e-01,-4.673098902776493535e-01,5.088604853072562495e-01,2.758484651216878136e-01,-2.214149380134782311e-02,4.092754137290499639e-01,5.560958541842946357e-01,-8.104090769200872346e-01,4.798105449406082079e-01,1.455347787396941289e-02,-2.643269020106668310e-01,2.290356129546136307e-02,-6.346338162585587472e-01
1.903807615230460826e+01,1.158298657356797989e-01,-5.874736172667751610e-01,-4.733094589310540279e-01,6.819135334738034571e-01,-2.754853646136574685e-01,4.482422937199163071e-01,5.584255641246620439e-01,-5.354263052842066495e-01,-4.681827330919314800e-01,5.097444429339919036e-01,2.764923755319927956e-01,-2.191635360002185812e-02,4.098308375116633262e-01,5.567274134673521058e-01,-8.110423464465077448e-01,4.805214518536948809e-01,1.450013583171813614e-02,-2.646800798835431956e-01,2.303116428504569171e-02,-6.355242674861109053e-01
1.913827655310621267e+01,1.161734031221676178e-01,-5.881584422554840819e-01,-4.738361587347065806e-01,6.825970278200755859e-01,-2.758662218727216953e-01,4.486745218378388467e-01,5.590840104212829731e-01,-5.362336471756793399e-01,-4.690348537376858862e-01,5.106034118698187241e-01,2.771243011766128528e-01,-2.169643358069301559e-02,4.103738046977366549e-01,5.573397258722188052e-01,-8.116557333843390509e-01,4.812173678664106169e-01,1.444426570080677846e-02,-2.650226823882932403e-01,2.315470070627946575e-02,-6.363893706170286046e-01
1.923847695390781709e+01,1.165105339980875288e-01,-5.888261127104454928e-01,-4.743482194954385944e-01,6.832603785791446782e-01,-2.762360441524938648e-01,4.490974146704244663e-01,5.597262938548993594e-01,-5.370221698935551125e-01,-4.698659392409145208e-01,5.114395704821371735e-01,2.777419962237113737e-01,-2.147950768917263747e-02,4.109030217534508922e-01,5.579346702396571489e-01,-8.122506784685368242e-01,4.818973346756982301e-01,1.438608719003223006e-02,-2.653554356361692013e-01,2.327491604319995716e-02,-6.372304212818898916e-01
1.933867735470941795e+01,1.168387286252355328e-01,-5.894766440582934752e-01,-4.748441323406924486e-01,6.839047464551832878e-01,-2.765968682032838299e-01,4.495084109295964803e-01,5.603536348420528057e-01,-5.377913668177017881e-01,-4.706754888629415268e-01,5.122554662551070948e-01,2.783426315188186062e-01,-2.126283129800382588e-02,4.114168198577730640e-01,5.585144525736774890e-01,-8.128288165089732065e-01,4.825600988344527220e-01,1.432583617949974471e-02,-2.656791711561749536e-01,2.339271821394168713e-02,-6.380488604313692136e-01
1.943887775551102237e+01,1.171549607157659489e-01,-5.901099744746317599e-01,-4.753220270852722140e-01,6.845313947518995024e-01,-2.769510556699703585e-01,4.499044311305482879e-01,5.609674127236833341e-01,-5.385405604705548743e-01,-4.714628141004135187e-01,5.130540157896477105e-01,2.789227945848319346e-01,-2.104314120646141179e-02,4.119131549024564465e-01,5.590816060415384481e-01,-8.133919763904375877e-01,4.832041117515215034e-01,1.426376472062291546e-02,-2.659948258950659006e-01,2.350917757073640868e-02,-6.388462743362374185e-01
1.953907815631262679e+01,1.174557074321912475e-01,-5.907259648840339494e-01,-4.757796722313430982e-01,6.851416893725370549e-01,-2.773012930920008556e-01,4.502818775917438177e-01,5.615691657651298296e-01,-5.392689025171177875e-01,-4.722270386852990276e-01,5.138385048034375124e-01,2.794784896220155468e-01,-2.081665564055201062e-02,4.123896074920403443e-01,5.596389909737465862e-01,-8.139421810726362727e-01,4.838275296917042279e-01,1.420014103612370591e-02,-2.663034422173491955e-01,2.362552689991311364e-02,-6.396243945873617553e-01
1.963927855711422765e+01,1.177369493873821615e-01,-5.913243989600438510e-01,-4.762144749684319445e-01,6.857370988198753237e-01,-2.776505919033914749e-01,4.506366344349170827e-01,5.621605911561293745e-01,-5.399753737649616303e-01,-4.729670985848890008e-01,5.146125881309147054e-01,2.800051375080005456e-01,-2.057907425301400139e-02,4.128433829438502012e-01,5.601897948640562896e-01,-8.144816475901920372e-01,4.844282137757528472e-01,1.413524952003243108e-02,-2.666061679052834088e-01,2.374316142189802220e-02,-6.403850980957057626e-01
1.973947895791583207e+01,1.179980833634027282e-01,-5.919055854713244358e-01,-4.766264732527032422e-01,6.863183811119106803e-01,-2.779997956140041748e-01,4.509681639079519133e-01,5.627424395324359674e-01,-5.406601021174671784e-01,-4.736832310242256594e-01,5.153771986081210343e-01,2.805022875181500397e-01,-2.032980775389441400e-02,4.132744594577891784e-01,5.607347151621618897e-01,-8.150109150944971903e-01,4.850059745547987133e-01,1.406903252257842539e-02,-2.669034090959401251e-01,2.386220205586924922e-02,-6.411291901054247955e-01
1.983967935871743649e+01,1.182473801870585900e-01,-5.924711082291196362e-01,-4.770221081085854742e-01,6.868842624142621478e-01,-2.783438392484431367e-01,4.512851825597504196e-01,5.633125855949477900e-01,-5.413262055697336539e-01,-4.743789385360671074e-01,5.161264433682247743e-01,2.809799610302948780e-01,-2.007758726238469474e-02,4.136895390131971606e-01,5.612683683131881596e-01,-8.155267372200752929e-01,4.855658542671131839e-01,1.400099144467207776e-02,-2.671935855822751837e-01,2.397981827794659626e-02,-6.418546769941506636e-01
1.993987975951903735e+01,1.184886367752348846e-01,-5.930217898967545809e-01,-4.774040999909066052e-01,6.874342501160224383e-01,-2.786803121998211452e-01,4.515916929485039866e-01,5.638698804778001783e-01,-5.419752931675955177e-01,-4.750559317384082658e-01,5.168581068757980290e-01,2.814426227788064394e-01,-1.982609370971193802e-02,4.140913982363016999e-01,5.617888318395928282e-01,-8.160283609491699730e-01,4.861104350649207428e-01,1.393132638342602612e-02,-2.674760363688343245e-01,2.409506101252605406e-02,-6.425609228458980526e-01
2.004008016032064177e+01,1.187248799093485740e-01,-5.935583423151182814e-01,-4.777746377679260026e-01,6.879680296775129156e-01,-2.790073346442267233e-01,4.518908938136619868e-01,5.644134497448572985e-01,-5.426087074447863978e-01,-4.757156386799770709e-01,5.175705406277476550e-01,2.818938427480182085e-01,-1.957821872636142727e-02,4.144822592944767403e-01,5.622946775722790225e-01,-8.165153058860302737e-01,4.866418276377881269e-01,1.386024149469008634e-02,-2.677502754011790720e-01,2.420721188791577494e-02,-6.432475230943645039e-01
2.014028056112224618e+01,1.189585825082879189e-01,-5.940814011111651416e-01,-4.781355499535728248e-01,6.884854224162803016e-01,-2.793234236105400226e-01,4.521854070374492496e-01,5.649426379302225909e-01,-5.432275971937282621e-01,-4.763592887848273061e-01,5.182624892697004215e-01,2.823365599254049618e-01,-1.933630265329235737e-02,4.148639703196797535e-01,5.627848110075128751e-01,-8.169872534365423267e-01,4.871617930583314049e-01,1.378791936111528442e-02,-2.680159456804127593e-01,2.431569905675698071e-02,-6.439142376789145361e-01
2.024048096192384705e+01,1.191916636284124642e-01,-5.945915256979144026e-01,-4.784883047074460771e-01,6.889863855070977872e-01,-2.796274929804330456e-01,4.524772776448658940e-01,5.654570085382393252e-01,-5.438329174655320841e-01,-4.769879128523384360e-01,5.189330905960024554e-01,2.827730823015827677e-01,-1.910213454193780344e-02,4.152380054084515715e-01,5.632584713069230808e-01,-8.174440468082292410e-01,4.876717427822158113e-01,1.371452099215384260e-02,-2.682728192631803066e-01,2.442009719602395573e-02,-6.445609910445803115e-01
2.034068136272545146e+01,1.194254884635530534e-01,-5.950891992744506975e-01,-4.788340098348146667e-01,6.894710119819639216e-01,-2.799188534883694790e-01,4.527679738036874957e-01,5.659563440434904891e-01,-5.444254295699975099e-01,-4.776023430572160500e-01,5.195818755497200181e-01,2.832050868703093194e-01,-1.887695215420470349e-02,4.156054646219164983e-01,5.637152312975008961e-01,-8.178856910102516586e-01,4.881727386481560793e-01,1.364018582405918285e-02,-2.685207972616683314e-01,2.452012750702408164e-02,-6.451878721420609697e-01
2.044088176352705588e+01,1.196608683450118005e-01,-5.955748288259238299e-01,-4.791734127866172366e-01,6.899395307301038338e-01,-2.801972127216048603e-01,4.530583868244649759e-01,5.664406458907990105e-01,-5.450057010756128584e-01,-4.782032129494913630e-01,5.202087682226388399e-01,2.836336196284834354e-01,-1.866144196247389656e-02,4.159670739857822541e-01,5.641549974716005833e-01,-8.183123528534068658e-01,4.886654928779159412e-01,1.356503171988593208e-02,-2.687599098436050937e-01,2.461565771539778874e-02,-6.457951344277231831e-01
2.054108216432865675e+01,1.198980607415621180e-01,-5.960487451235485512e-01,-4.795069006594623873e-01,6.903923064979679003e-01,-2.804626751201865220e-01,4.533488311605245458e-01,5.669101344952272026e-01,-5.455741058095551210e-01,-4.787909574545213820e-01,5.208140858552646746e-01,2.840590955761453373e-01,-1.845573914960010886e-02,4.163231854903401419e-01,5.645780099869389668e-01,-8.187243609501296815e-01,4.891503680763085726e-01,1.348915496948992036e-02,-2.689903162322605512e-01,2.470670207111859418e-02,-6.463831958636009345e-01
2.064128256513026116e+01,1.201367692594487169e-01,-5.965112027246050053e-01,-4.798345001956285105e-01,6.908298398892328551e-01,-2.807157419769534812e-01,4.536390444079678730e-01,5.673652492420773186e-01,-5.461308238576901841e-01,-4.793658128729891832e-01,5.213985388368227447e-01,2.844812987164767049e-01,-1.825942760891192951e-02,4.166737770904648808e-01,5.649848426665953216e-01,-8.191222057144916802e-01,4.896273772311964256e-01,1.341263028952817057e-02,-2.692123047064464703e-01,2.479342134849308807e-02,-6.469526389173954062e-01
2.074148296593186558e+01,1.203761436423875925e-01,-5.969623799724383950e-01,-4.801558777830637337e-01,6.912527673648012350e-01,-2.809573114375366054e-01,4.539281873056719152e-01,5.678066484868912189e-01,-5.466758415645726066e-01,-4.799278168809034684e-01,5.219632307052582965e-01,2.848993820558004542e-01,-1.807153994421185211e-02,4.170184527056145507e-01,5.653764029990120399e-01,-8.195065393622020800e-01,4.900961837134911181e-01,1.333551082345891398e-02,-2.694262926005160930e-01,2.487612284616093350e-02,-6.475042105624753130e-01
2.084168336673346644e+01,1.206147797715659831e-01,-5.974023789964589826e-01,-4.804703394553861973e-01,6.916618612428014901e-01,-2.811886785003584466e-01,4.542148437352891421e-01,5.682352095554504823e-01,-5.472089515334455090e-01,-4.804768085295988977e-01,5.225096581472359336e-01,2.853118676035809043e-01,-1.789055746977624706e-02,4.173564422198307589e-01,5.657539321379938535e-01,-8.198781759106066325e-01,4.905561012771536555e-01,1.325782814154158676e-02,-2.696328263043644702e-01,2.495526038709485611e-02,-6.480388222778764584e-01
2.094188376753507086e+01,1.208507196656425087e-01,-5.978312257121424222e-01,-4.807768308918837774e-01,6.920580296985879842e-01,-2.814115350166335183e-01,4.544970207212472024e-01,5.686520287437764054e-01,-5.477297526262410177e-01,-4.810124282457358680e-01,5.230397109981405057e-01,2.857166463724238326e-01,-1.771441021035535107e-02,4.176866014817386397e-01,5.661190049027085003e-01,-8.202380911786885109e-01,4.910060940591943202e-01,1.317959224083681442e-02,-2.698325812634282950e-01,2.503143431860067186e-02,-6.485575500483019562e-01
2.104208416833667528e+01,1.210814514807469905e-01,-5.982488698210293165e-01,-4.810739374175141969e-01,6.924423167647411059e-01,-2.816279696903678520e-01,4.547721484307493123e-01,5.690584213181301143e-01,-5.482376499635795986e-01,-4.815341178313007342e-01,5.235556722420762199e-01,2.861109783780762528e-01,-1.754047690117331235e-02,4.180074123045466328e-01,5.664735297776861689e-01,-8.205874227870681992e-01,4.914447765796725043e-01,1.310079154520643260e-02,-2.700263619786859026e-01,2.510539151231725927e-02,-6.490616343641225638e-01
2.114228456913827614e+01,1.213039095104805759e-01,-5.986551848107254381e-01,-4.813598840029050252e-01,6.928159023310670461e-01,-2.818404680783594407e-01,4.550370801737738113e-01,5.694559215150123421e-01,-5.487318549247708344e-01,-4.820411204636055880e-01,5.240602180118671960e-01,2.864914926394265260e-01,-1.736558498792814889e-02,4.183169824660467606e-01,5.668197489128198319e-01,-8.209274701580029365e-01,4.918704137416970990e-01,1.302139290531348012e-02,-2.702151020066573817e-01,2.517802536421656981e-02,-6.495524802213760163e-01
2.124248496993988056e+01,1.215144741859156968e-01,-5.990499679549018408e-01,-4.816325352643537339e-01,6.931801021445979094e-01,-2.820519125901980173e-01,4.552880924030746623e-01,5.698462825411634292e-01,-5.492113851478128694e-01,-4.825324806952883683e-01,5.245564175890573555e-01,2.868541871785045272e-01,-1.718601062679174854e-02,4.186130457086145173e-01,5.671602381233651347e-01,-8.212596945153873840e-01,4.922809208314261054e-01,1.294134159862218685e-02,-2.703998639594044073e-01,2.525037579460364182e-02,-6.500316571217673589e-01
2.134268537074148497e+01,1.217089720755960697e-01,-5.994329403132946377e-01,-4.818893954638275301e-01,6.935363678095918250e-01,-2.822655824882650544e-01,4.555208847141810069e-01,5.702314765735637669e-01,-5.496750645293925208e-01,-4.830070444543129726e-01,5.250477334039103106e-01,2.871944290204813677e-01,-1.699747868440990711e-02,4.188929617392087024e-01,5.674979068899406176e-01,-8.215857188847531800e-01,4.926738635180669124e-01,1.286056132939799451e-02,-2.705818395045304636e-01,2.532362924811656923e-02,-6.505008990726692808e-01
2.144288577154308584e+01,1.218846762354114238e-01,-5.998040033286855532e-01,-4.821289449276724426e-01,6.938857737158766747e-01,-2.824836997351624079e-01,4.557326761188436048e-01,5.706129222974624104e-01,-5.501222008053908707e-01,-4.834641779119795979e-01,5.255365264359348476e-01,2.875092754944031381e-01,-1.679721389623986538e-02,4.191551156901627828e-01,5.678347064751311235e-01,-8.219066718935502669e-01,4.930477204795189472e-01,1.277896678143695779e-02,-2.707618540691566489e-01,2.539855978893899163e-02,-6.509614741157121465e-01
2.154308617234469025e+01,1.220508586301908144e-01,-6.001645852856341001e-01,-4.823575277213366652e-01,6.942262703399487700e-01,-2.826997487452958535e-01,4.559332199867364155e-01,5.709872897088945631e-01,-5.505561784247151591e-01,-4.839074854025862127e-01,5.260162868152639115e-01,2.878095777813860501e-01,-1.659459532713775803e-02,4.194061186119794615e-01,5.681649854331269900e-01,-8.222198428944230697e-01,4.934085177371351771e-01,1.269669358147689636e-02,-2.709377855216396624e-01,2.547266017266903645e-02,-6.514108549437241935e-01
2.164328657314629467e+01,1.222116945258494708e-01,-6.005154457090133846e-01,-4.825778617460487196e-01,6.945570531277520665e-01,-2.829109019197555419e-01,4.561268695001366447e-01,5.713530514421089057e-01,-5.509786752100667151e-01,-4.843386343008585504e-01,5.264844571779654370e-01,2.881000813449967057e-01,-1.639355524563805913e-02,4.196487698494408836e-01,5.684866041721768903e-01,-8.225243396120404116e-01,4.937590257231427859e-01,1.261406105236894185e-02,-2.711088118314052275e-01,2.554495212038981541e-02,-6.518481062478023169e-01
2.174348697394789554e+01,1.223694783019333016e-01,-6.008570988364141385e-01,-4.827914281913652239e-01,6.948777979959959161e-01,-2.831156970550247620e-01,4.563160115804482664e-01,5.717094197467692540e-01,-5.513907240117037478e-01,-4.847586209315210004e-01,5.269398604196615654e-01,2.883833675329326995e-01,-1.619612195347685038e-02,4.198845766314838746e-01,5.687986063940982939e-01,-8.228198601316997207e-01,4.941008273982602228e-01,1.253135012282634818e-02,-2.712745692534093700e-01,2.561497000746928987e-02,-6.522728768198210458e-01
2.184368737474949995e+01,1.225260612193287690e-01,-6.011899988197199063e-01,-4.829994492349629631e-01,6.951882968257327988e-01,-2.833129931933269785e-01,4.565025781654440951e-01,5.720558039822175589e-01,-5.517931977655230469e-01,-4.851682951038057134e-01,5.273816133501354475e-01,2.886615369792957519e-01,-1.600391155011007815e-02,4.201147791450982605e-01,5.691002726003566714e-01,-8.231062089338070376e-01,4.944352285214731468e-01,1.244879509751596093e-02,-2.714347930557373112e-01,2.568235076421560015e-02,-6.526849467842706920e-01
2.194388777555110437e+01,1.226828514202628895e-01,-6.015145397251060455e-01,-4.832028880426384454e-01,6.954884574623576565e-01,-2.835019706226254987e-01,4.566880462092653414e-01,5.723918106174731291e-01,-5.521868094930606485e-01,-4.855683601114524350e-01,5.278091266933311321e-01,2.889362096045915429e-01,-1.581812793271359860e-02,4.203403505353264791e-01,5.693911200920649396e-01,-8.233832968938759045e-01,4.947632576500342605e-01,1.236658365705822944e-02,-2.715893175196032461e-01,2.574683387587707942e-02,-6.530842275982577938e-01
2.204408817635270523e+01,1.228408139283032607e-01,-6.018310555330402822e-01,-4.834024487683083460e-01,6.957783037156082262e-01,-2.836821308766238059e-01,4.568734376824220567e-01,5.727172432312334083e-01,-5.525721123014915026e-01,-4.859593727327086166e-01,5.282221050873533441e-01,2.892085246157296008e-01,-1.563956279618314987e-02,4.205619969052639129e-01,5.696709029699837945e-01,-8.236511412825280321e-01,4.950856661394635871e-01,1.228485685802720682e-02,-2.717380759393504541e-01,2.580826138264224329e-02,-6.534707620515046722e-01
2.214428857715430965e+01,1.230004706483580346e-01,-6.021398201382827109e-01,-4.835985765540092296e-01,6.960579753595651509e-01,-2.838532967347651703e-01,4.570593195717929103e-01,5.730321025118736422e-01,-5.529494993836294725e-01,-4.863417432303294152e-01,5.286205470844674847e-01,2.894791405060234690e-01,-1.546859563313433480e-02,4.207801573160588338e-01,5.699396121345213784e-01,-8.239098657654930769e-01,4.954029281435481380e-01,1.220370913295053435e-02,-2.718811006224514104e-01,2.586657787963980715e-02,-6.538447242663497638e-01
2.224448897795591407e+01,1.231619003666759582e-01,-6.024410473498856833e-01,-4.837914575298974951e-01,6.963277281326516466e-01,-2.840156122222330937e-01,4.572458038806251901e-01,5.733365862574466565e-01,-5.533192040179273352e-01,-4.867157353515775275e-01,5.290047451511002974e-01,2.897482350551907060e-01,-1.530519373390267293e-02,4.209950037869122363e-01,5.701974752857336126e-01,-8.241597004036087526e-01,4.957152406143422452e-01,1.212318829030945705e-02,-2.720185228895076746e-01,2.592183051693865842e-02,-6.542064196977475099e-01
2.234468937875751493e+01,1.233247387508463050e-01,-6.027348908911936975e-01,-4.839810188142497083e-01,6.965879337376336133e-01,-2.841695426099509203e-01,4.574325476285348580e-01,5.736310893756830787e-01,-5.536812995684770033e-01,-4.870814663282234669e-01,5.293752856678386465e-01,2.900155053293527185e-01,-1.514891218654356234e-02,4.212064412950780046e-01,5.704449569233239759e-01,-8.244009816528207191e-01,4.960225233021672842e-01,1.204329551453882548e-02,-2.721505730742498352e-01,2.597416899954788430e-02,-6.545562851332684673e-01
2.244488977955911935e+01,1.234881783497989577e-01,-6.030214443998435092e-01,-4.841669285134622136e-01,6.968390798416200793e-01,-2.843158744145820038e-01,4.576187528515065495e-01,5.739162038839916713e-01,-5.540356994850091921e-01,-4.874389068765454525e-01,5.297330489294308498e-01,2.902801676810349840e-01,-1.499889387683226924e-02,4.214141077758628562e-01,5.706827583466437259e-01,-8.246341523641826932e-01,4.963244187556118403e-01,1.196398536602707487e-02,-2.722775805235376212e-01,2.602384558741675791e-02,-6.548948886930989755e-01
2.254509018036072376e+01,1.236509685938043251e-01,-6.033007414277643532e-01,-4.843485957220514670e-01,6.970817700760623126e-01,-2.844557153985297071e-01,4.578031666018934631e-01,5.741927189094585549e-01,-5.543821573028937522e-01,-4.877878811973291318e-01,5.300792091447855681e-01,2.905409577491668283e-01,-1.485386948826397310e-02,4.216173741226263982e-01,5.709118176546916779e-01,-8.248597617838562268e-01,4.966202923215317089e-01,1.188516578111625289e-02,-2.723999735973599012e-01,2.607121509543474172e-02,-6.552229298300414895e-01
2.264529058116232463e+01,1.238114157944734117e-01,-6.035727554411773887e-01,-4.845251705226537031e-01,6.973167240367547093e-01,-2.845904945699375133e-01,4.579840809484175268e-01,5.744616206888477628e-01,-5.547202666431393370e-01,-4.881280669758681356e-01,5.304152344369725824e-01,2.907961304590815921e-01,-1.471215750205372846e-02,4.218153441867809605e-01,5.711333097461140929e-01,-8.250784655531109291e-01,4.969092321450497285e-01,1.180669807210200234e-02,-2.725182796688345177e-01,2.611673489343147372e-02,-6.555412393295145801e-01
2.274549098196392904e+01,1.239673831447577895e-01,-6.038373998205963655e-01,-4.846955439860253234e-01,6.975447772838343496e-01,-2.847219621826887481e-01,4.581593329761693423e-01,5.747240925686013524e-01,-5.550494612123937355e-01,-4.884589953819635233e-01,5.307428868432223501e-01,2.910434600225165758e-01,-1.457166419713646840e-02,4.220068547777918178e-01,5.713486463192052334e-01,-8.252910257083243550e-01,4.971900491695560032e-01,1.172839692723355760e-02,-2.726331251242085085e-01,2.616096490617680209e-02,-6.558507793095527116e-01
2.284569138276553346e+01,1.241162907189495707e-01,-6.040945278608269575e-01,-4.848583481710425080e-01,6.977668813417807758e-01,-2.848521897364068023e-01,4.583263047866080742e-01,5.749815150048389611e-01,-5.553690148029435392e-01,-4.887800510699241707e-01,5.310642223149262264e-01,2.912802399376130391e-01,-1.442988365016702537e-02,4.221904756631770228e-01,5.715594758719065860e-01,-8.254983106809822280e-01,4.974612771367077357e-01,1.165003041071376033e-02,-2.727452353628579962e-01,2.620456761338074356e-02,-6.561526432208064641e-01
2.294589178356713433e+01,1.242551154726814489e-01,-6.043439327709674291e-01,-4.850119561247014932e-01,6.979841036994167691e-01,-2.849835699764550201e-01,4.584819234975615609e-01,5.752354655633581393e-01,-5.556780412927144752e-01,-4.890904721785665488e-01,5.313815907176363540e-01,2.915032829889162014e-01,-1.428389773552012076e-02,4.223645095685074069e-01,5.717676837018077496e-01,-8.257012952976781062e-01,4.977211725864293390e-01,1.157131996269905247e-02,-2.728554347972881877e-01,2.624830804969351117e-02,-6.564480558465423110e-01
2.304609218436873874e+01,1.243808314323174707e-01,-6.045854027327094427e-01,-4.851547441817624651e-01,6.981975073226731610e-01,-2.851184916859924590e-01,4.586231155496253153e-01,5.754875242959702764e-01,-5.559756481084171531e-01,-4.893894959258913158e-01,5.316973299040913536e-01,2.917094054633229683e-01,-1.413079759123018163e-02,4.225272648881195914e-01,5.719751407558814060e-01,-8.259009444861669103e-01,4.979679912618554805e-01,1.149197589446032848e-02,-2.729645417906865212e-01,2.629294767384880022e-02,-6.567382350243644584e-01
2.314629258517033961e+01,1.244986501817146596e-01,-6.048197530252592546e-01,-4.852899428431452500e-01,6.984058839693447762e-01,-2.852532603421213953e-01,4.587552929106435418e-01,5.757355887994927146e-01,-5.562638193839483103e-01,-4.896790483948492700e-01,5.320080810921805625e-01,2.919044347953932972e-01,-1.397550211605289375e-02,4.226820913184939355e-01,5.721790684662878546e-01,-8.260960669374370902e-01,4.982051380597218304e-01,1.141242381028159669e-02,-2.730714221724433455e-01,2.633727880033097379e-02,-6.570218034369540439e-01
2.324649298597194402e+01,1.246125504396446565e-01,-6.050476435641306550e-01,-4.854199211699206096e-01,6.986083335261110694e-01,-2.853851061549877444e-01,4.588825560216771016e-01,5.759780111058218077e-01,-5.565441269426162352e-01,-4.899605686643032088e-01,5.323114234106011144e-01,2.920927220466332797e-01,-1.382160258123663228e-02,4.228314276172969177e-01,5.723775241582240714e-01,-8.262858550514547984e-01,4.984351902778129673e-01,1.133311697868916862e-02,-2.731752750662825857e-01,2.638043399663546340e-02,-6.572977647654015820e-01
2.334669338677354844e+01,1.247240751750000737e-01,-6.052694258950235273e-01,-4.855455953210788267e-01,6.988046175034490215e-01,-2.855130555149392180e-01,4.590064910646584617e-01,5.762142173049866756e-01,-5.568172894385264859e-01,-4.902346864983507801e-01,5.326066217173165418e-01,2.922759383664762511e-01,-1.367036064773434305e-02,4.229762027146753978e-01,5.725699486873456756e-01,-8.264701386298737296e-01,4.986591934386999103e-01,1.125430952956555687e-02,-2.732758780422212541e-01,2.642213158504932990e-02,-6.575658815181768535e-01
2.344689378757514930e+01,1.248344814454927648e-01,-6.054854116853374268e-01,-4.856677281765367504e-01,6.989945741295803261e-01,-2.856363400882354076e-01,4.591283945150662626e-01,5.764437700208323578e-01,-5.570839186559051193e-01,-4.905019446092371282e-01,5.328931193268994226e-01,2.924554576296964359e-01,-1.352278902418789855e-02,4.231171893238408477e-01,5.727559191953370821e-01,-8.266488073610911425e-01,4.988780188297146090e-01,1.117621051294748376e-02,-2.733730677242097729e-01,2.646215069426218272e-02,-6.578259996339845816e-01
2.354709418837675372e+01,1.249447403976537835e-01,-6.056958727241718021e-01,-4.857869293371372410e-01,6.991781183504713892e-01,-2.857543968170472848e-01,4.592492731419250962e-01,5.766663684110202581e-01,-5.573445195090988014e-01,-4.907627986573544487e-01,5.331705380105317138e-01,2.926323564364090024e-01,-1.337965146692808582e-02,4.232550039410690745e-01,5.729351491099115012e-01,-8.268218108202478600e-01,4.990923635029497762e-01,1.109898389902587434e-02,-2.734667397901323072e-01,2.650033125936618675e-02,-6.580780484817649878e-01
2.364729458917835814e+01,1.250555372668334109e-01,-6.059010409223257732e-01,-4.859036551246494473e-01,6.993552418298336626e-01,-2.858668679194573681e-01,4.593698440078057277e-01,5.768818481670273668e-01,-5.575994900425743639e-01,-4.910176172512422665e-01,5.334386779960044178e-01,2.928074141120697305e-01,-1.324146277997462727e-02,4.233901068457002204e-01,5.731074881448106062e-01,-8.269891584692278252e-01,4.993027502752587776e-01,1.102274857814586860e-02,-2.735568489718065988e-01,2.653657402185605543e-02,-6.583220408606927920e-01
2.374749498997995900e+01,1.251672713772011558e-01,-6.061011083122983534e-01,-4.860182085817688069e-01,6.995260129491233103e-01,-2.859736008894598336e-01,4.594905344688248738e-01,5.770901815141470381e-01,-5.578491214309191371e-01,-4.912666819475872138e-01,5.336975179677180270e-01,2.929811127074755106e-01,-1.310848881503617891e-02,4.235228021001390952e-01,5.732729222998051988e-01,-8.271509196566585453e-01,4.995095277282558532e-01,1.094757836080681793e-02,-2.736434090549839104e-01,2.657084052962904383e-02,-6.585580730001783234e-01
2.384769539078156342e+01,1.252800561417457270e-01,-6.062962270482878946e-01,-4.861307394721169350e-01,6.996905768075414311e-01,-2.860746484969604042e-01,4.596114821746453138e-01,5.772914772114884352e-01,-5.580935979788409496e-01,-4.915101872512231962e-01,5.339472150666818573e-01,2.931536369987639556e-01,-1.298074647151030610e-02,4.236532375498547887e-01,5.734315738606945434e-01,-8.273072236179109806e-01,4.997128702083158958e-01,1.087350197766227648e-02,-2.737264928793492480e-01,2.660315313698496248e-02,-6.587863245598668538e-01
2.394789579158316783e+01,1.253937190622750608e-01,-6.064865094061931972e-01,-4.862412442802416246e-01,6.998491552220339473e-01,-2.861702687877762941e-01,4.597325350684759449e-01,5.774859805519768630e-01,-5.583329971211682397e-01,-4.917482406151313379e-01,5.341881048905147145e-01,2.933248744874135117e-01,-1.285800369648351475e-02,4.237814048233808362e-01,5.735837013993067002e-01,-8.274582594750996556e-01,4.999127778265746169e-01,1.080050307952001160e-02,-2.738062323385210273e-01,2.663359500462617047e-02,-6.590070586296385979e-01
2.404809619238476870e+01,1.255078017294163073e-01,-6.066720277836121777e-01,-4.863495662116170126e-01,7.000020467272916047e-01,-2.862609250836363750e-01,4.598532513870716154e-01,5.776740733623536572e-01,-5.585672894228493890e-01,-4.919808624404399255e-01,5.344207014934445610e-01,2.934944154002434025e-01,-1.273977948473123574e-02,4.239071393323153303e-01,5.737296997734985249e-01,-8.276042762370822148e-01,5.001090764589285476e-01,1.072852023734200723e-02,-2.738828183800515181e-01,2.666231009965756502e-02,-6.592206217296090465e-01
2.414829659318637312e+01,1.256215598226158303e-01,-6.068528146998429795e-01,-4.864553951926434139e-01,7.001496265757501947e-01,-2.863472859821810101e-01,4.599728996607332365e-01,5.778562740031760736e-01,-5.587963385789537218e-01,-4.922079860764245751e-01,5.346456973863085160e-01,2.936615526894139627e-01,-1.262534387871781794e-02,4.240301202713206430e-01,5.738701001271556690e-01,-8.277455827994600890e-01,5.003014177460348710e-01,1.065744694224444317e-02,-2.739565010054262895e-01,2.668950319558660925e-02,-6.594274438101287439e-01
2.424849699398797753e+01,1.257339631101392630e-01,-6.070288627958831951e-01,-4.865582678706473208e-01,7.002923467375899991e-01,-2.864302253569621093e-01,4.600904587133078927e-01,5.780332373688175096e-01,-5.590199014146707279e-01,-4.924294578205078987e-01,5.348639635365529665e-01,2.938252820324260828e-01,-1.251371796859654384e-02,4.241498706181237588e-01,5.740055698901923575e-01,-8.278825479445777180e-01,5.004892790933116453e-01,1.058713160549771930e-02,-2.740275892700648197e-01,2.671543987232330095e-02,-6.596280382517832885e-01
2.434869739478957840e+01,1.258436954490713411e-01,-6.072001248344304214e-01,-4.866575676138815143e-01,7.004307359007365674e-01,-2.865108223574432400e-01,4.602046176621885643e-01,5.782057548874671715e-01,-5.592376278853103955e-01,-4.926450369182599487e-01,5.350765493682335672e-01,2.939843018321216528e-01,-1.240367389220963130e-02,4.242657571335159417e-01,5.741369127785516113e-01,-8.280156003415232169e-01,5.006719636709375809e-01,1.051737755852644521e-02,-2.740964512833199418e-01,2.674044651618018645e-02,-6.598230018653933326e-01
2.444889779559118281e+01,1.259491547853161530e-01,-6.073665136998818159e-01,-4.867525245115250088e-01,7.005653994708599397e-01,-2.865903614089995166e-01,4.603137759183143496e-01,5.783747545211305185e-01,-5.594490610763029892e-01,-4.928543955633979401e-01,5.352846827620151293e-01,2.941370132166833962e-01,-1.229373483508820232e-02,4.243769903613529570e-01,5.742650687942053578e-01,-8.281452285461282647e-01,5.008486004138521519e-01,1.044794305290942978e-02,-2.741635142084781762e-01,2.676491031987237451e-02,-6.600130148920149153e-01
2.454909819639278723e+01,1.260484531535969177e-01,-6.075279023983344295e-01,-4.868422153736830515e-01,7.006970195713752014e-01,-2.866703322129174891e-01,4.604160431861704650e-01,5.785413007656289297e-01,-5.596536372031996054e-01,-4.930571188977861952e-01,5.354897700551716211e-01,2.942815200396348696e-01,-1.218217503045232637e-02,4.244826246285551274e-01,5.743911142251539870e-01,-8.282719810009676609e-01,5.010181440217558180e-01,1.037854126037970545e-02,-2.742292642627597310e-01,2.678927928251751203e-02,-6.601988410029386856e-01
2.464929859719438809e+01,1.261394373295254279e-01,-6.076841266794552610e-01,-4.869255751931969578e-01,7.008263492744772893e-01,-2.867524145760065868e-01,4.605092605345534884e-01,5.787065849354574576e-01,-5.598506929879890626e-01,-4.932527114129286461e-01,5.356933823694945973e-01,2.944156507957139679e-01,-1.206703856977023662e-02,4.245815698679299421e-01,5.745162508491230557e-01,-8.283964611535382661e-01,5.011793876753328769e-01,1.030884284063908300e-02,-2.742942420472038734e-01,2.681405757316689814e-02,-6.603813208734483631e-01
2.474949899799599251e+01,1.262236465143281861e-01,-6.078354893706917617e-01,-4.870035582400189522e-01,7.009531005272275905e-01,-2.868355774172839379e-01,4.605950277579315966e-01,5.788700378489509690e-01,-5.600408870563525765e-01,-4.934417996705290355e-01,5.358946595785680778e-01,2.945411243657198863e-01,-1.194969892095281219e-02,4.246748144534168712e-01,5.746397767620822217e-01,-8.285184089703789834e-01,5.013333822682195517e-01,1.023900678994983486e-02,-2.743581613030427468e-01,2.683892773941437201e-02,-6.605601415325922376e-01
2.484969939879759693e+01,1.263043071617180324e-01,-6.079825104086602483e-01,-4.870779438903869440e-01,7.010764896782996081e-01,-2.869175663934260267e-01,4.606766331699865824e-01,5.790302145842098902e-01,-5.602255019253897794e-01,-4.936254556688066120e-01,5.360916936230477603e-01,2.946613435670761283e-01,-1.183292812375521391e-02,4.247641787420329829e-01,5.747602267088247618e-01,-8.286372144711956489e-01,5.014821611290770642e-01,1.016952052063380303e-02,-2.744203942568366750e-01,2.686322565348323033e-02,-6.607344627313378460e-01
2.494989979959919779e+01,1.263827458603632437e-01,-6.081254665831851147e-01,-4.871494443907114502e-01,7.011962583203890098e-01,-2.869975223009053611e-01,4.607554229744583174e-01,5.791865532848452514e-01,-5.604051413035500140e-01,-4.938041520661630157e-01,5.362838373337369680e-01,2.947776832860647955e-01,-1.171775486098001855e-02,4.248503806350040213e-01,5.748771375978639631e-01,-8.287527187984641275e-01,5.016265803709463178e-01,1.010064648354141656e-02,-2.744807452045243679e-01,2.688671619923398842e-02,-6.609040315023642087e-01
2.505010020040080221e+01,1.264600724652818475e-01,-6.082646039081239797e-01,-4.872186644711457570e-01,7.013122079004782128e-01,-2.870747403178740553e-01,4.608325260971350423e-01,5.793386017931053678e-01,-5.605803256604070528e-01,-4.939783012218420533e-01,5.364705729884079455e-01,2.948913011395790096e-01,-1.160502999986338588e-02,4.249340299430847678e-01,5.749901401016362934e-01,-8.288648041557326041e-01,5.017673679519427665e-01,1.003260361480062292e-02,-2.745390601015734178e-01,2.690920771210105963e-02,-6.610686579029400045e-01
2.515030060120240663e+01,1.265371800978417893e-01,-6.084001376213677981e-01,-4.872861013455861978e-01,7.014241997198358280e-01,-2.871486700041637752e-01,4.609088541858533672e-01,5.794860176498756177e-01,-5.607514922266586543e-01,-4.941482551959296976e-01,5.366515123118018593e-01,2.950031374751226898e-01,-1.149542659207507776e-02,4.250156283865589857e-01,5.750989586565018463e-01,-8.289733938076224717e-01,5.019051236752566370e-01,9.965567335816886280e-03,-2.745952265629796329e-01,2.693055197909272752e-02,-6.612282150149233484e-01
2.525050100200400749e+01,1.266147451457608208e-01,-6.085322521848403055e-01,-4.873521447116718752e-01,7.015321549340174379e-01,-2.872189153012857932e-01,4.609851016104984378e-01,5.796285680946789975e-01,-5.609189949941272291e-01,-4.943143057493540327e-01,5.368263964756292417e-01,2.951139153708108309e-01,-1.138943987371845296e-02,4.250955695952394198e-01,5.752034114627440076e-01,-8.290784520798275548e-01,5.020403191891523731e-01,9.899669553273197919e-03,-2.746491738632675927e-01,2.695064423879115628e-02,-6.613826389447617915e-01
2.535070140280561191e+01,1.266932272631065559e-01,-6.086611012844987956e-01,-4.874170767507848279e-01,7.016360545528648185e-01,-2.872852345324309331e-01,4.610617454630036582e-01,5.797661300656755667e-01,-5.610831047157591733e-01,-4.944766843438853088e-01,5.369950960985691024e-01,2.952241406353691699e-01,-1.128738726533044454e-02,4.251741391084678523e-01,5.753034104845700103e-01,-8.291799843591144414e-01,5.021732979869694136e-01,9.834998659130053666e-03,-2.747008729364903146e-01,2.696942318135239769e-02,-6.615319288234926542e-01
2.545090180360721632e+01,1.267728693702963594e-01,-6.087868078303336761e-01,-4.874810721280499193e-01,7.017359394405062734e-01,-2.873475404024696256e-01,4.611390455573509128e-01,5.798986901996624477e-01,-5.612440089056253134e-01,-4.946355621421358317e-01,5.371576112462698172e-01,2.953341018081345748e-01,-1.118940837188159808e-02,4.252515143751149918e-01,5.753989614501101579e-01,-8.292780370933223733e-01,5.023042754071215255e-01,9.771599530625478189e-03,-2.747503363762291984e-01,2.698687094850638069e-02,-6.616761468067425822e-01
2.555110220440881719e+01,1.268536976540974859e-01,-6.089094639563683575e-01,-4.875441979923349489e-01,7.018319103153568550e-01,-2.874058999979518525e-01,4.612170444295705662e-01,5.800263448320742699e-01,-5.614018118389209056e-01,-4.947910500075601847e-01,5.373140714313484612e-01,2.954438701590546557e-01,-1.109546498277604910e-02,4.253277647535804729e-01,5.754901638514184903e-01,-8.293726977913635778e-01,5.024333386330970264e-01,9.709473530275014586e-03,-2.747976184355944707e-01,2.700301313355692179e-02,-6.618154180747276571e-01
2.565130260521042160e+01,1.269355215676270798e-01,-6.090291310206595865e-01,-4.876064139762505412e-01,7.019241277501179210e-01,-2.874605347871072025e-01,4.612955673377411858e-01,5.801492999969829478e-01,-5.615565345519651919e-01,-4.949431985044549509e-01,5.374647356133913645e-01,2.955532996886880426e-01,-1.100534107185151093e-02,4.254028515117930231e-01,5.755772109444725615e-01,-8.294640950232226029e-01,5.025604466934590064e-01,9.648578505871715713e-03,-2.748428150272246295e-01,2.701791878138170774e-02,-6.619499308322537301e-01
2.575150300601202602e+01,1.270179338303520089e-01,-6.091458396052973345e-01,-4.876675721961503673e-01,7.020128121717774672e-01,-2.875118206198447046e-01,4.613742222619899858e-01,5.802678714270974591e-01,-5.617081148422019554e-01,-4.950919978979589353e-01,5.376099921989537789e-01,2.956620271282042745e-01,-1.091864279737930939e-02,4.254766278272103519e-01,5.756603897491731070e-01,-8.295523984199570933e-01,5.026854304618448843e-01,9.588828790486161532e-03,-2.748860637232868331e-01,2.703170038843231635e-02,-6.620799363087159772e-01
2.585170340681362688e+01,1.271003104280890306e-01,-6.092595895164046871e-01,-4.877274172521307571e-01,7.020982438616100163e-01,-2.875602877277531055e-01,4.614523999044924385e-01,5.803824845537642885e-01,-5.618564072681990762e-01,-4.952373781540529429e-01,5.377503590415597667e-01,2.957694719393837990e-01,-1.083479850206435675e-02,4.255488387868189837e-01,5.757400810493445986e-01,-8.296378186736971250e-01,5.028079926569668512e-01,9.530095202466446966e-03,-2.749275437554766777e-01,2.704451390273419908e-02,-6.622057487580992330e-01
2.595190380761523130e+01,1.271818106130047366e-01,-6.093703497841380656e-01,-4.877855862280309762e-01,7.021807629551767294e-01,-2.876066207241007033e-01,4.615292736894724412e-01,5.804936745069668724e-01,-5.620011831496489751e-01,-4.953792089395600562e-01,5.378864834417026453e-01,2.958748363146179727e-01,-1.075305871304514833e-02,4.256191213871345913e-01,5.758167593927351335e-01,-8.297206075376456491e-01,5.029277078426116487e-01,9.472205045438183632e-03,-2.749674760150184194e-01,2.705655872388669850e-02,-6.623277454589777680e-01
2.605210420841683572e+01,1.272613769036155806e-01,-6.094780586626867835e-01,-4.878416086914333927e-01,7.022607694423248503e-01,-2.876516586038353473e-01,4.616037997632023715e-01,5.806020861153262658e-01,-5.621421305673682811e-01,-4.955172996221454684e-01,5.380191421468445423e-01,2.959771051769091721e-01,-1.067249614189378498e-02,4.256870045342018294e-01,5.758909930910157682e-01,-8.298010578260782699e-01,5.030440224276405692e-01,9.414942108304503315e-03,-2.750061230526646971e-01,2.706807770306302735e-02,-6.624463667145154000e-01
2.615230460921843658e+01,1.273377350847877953e-01,-6.095826236302736012e-01,-4.878949066936629220e-01,7.023387231671888165e-01,-2.876963947435843827e-01,4.616747169940029205e-01,5.807084739061004752e-01,-5.622788543632977198e-01,-4.956513992703164839e-01,5.381492413514166184e-01,2.960750461798705158e-01,-1.059200568461596097e-02,4.257519090435941678e-01,5.759634442197816284e-01,-8.298795034143432447e-01,5.031562546659894553e-01,9.358046665246057966e-03,-2.750437890786968098e-01,2.707935714301028599e-02,-6.625621158524654941e-01
2.625250501002004100e+01,1.274093942077374475e-01,-6.096839213891542819e-01,-4.879447947697875820e-01,7.024151438281890369e-01,-2.877419769016548723e-01,4.617405469722432043e-01,5.808137021051849036e-01,-5.624108761405025581e-01,-4.957811966534224624e-01,5.382778166968190670e-01,2.961672097077261978e-01,-1.051030442165095183e-02,4.258131476404143356e-01,5.760348686185509104e-01,-8.299563192388618171e-01,5.032635946566687002e-01,9.301215475721012760e-03,-2.750808199629244943e-01,2.709072679804945885e-02,-6.626755592251707405e-01
2.635270541082164542e+01,1.274746465900305215e-01,-6.097817978656180360e-01,-4.879904799386182157e-01,7.024906109780325592e-01,-2.877897072180333748e-01,4.617995940103408747e-01,5.809187446371122387e-01,-5.625376342631722704e-01,-4.959063202416549854e-01,5.384060332714210029e-01,2.962519288753113211e-01,-1.042593161787163519e-02,4.258699249592937663e-01,5.761061158907654356e-01,-8.300319212971275507e-01,5.033651043437633588e-01,9.244101784465056509e-03,-2.751176032346860367e-01,2.710255987407540756e-02,-6.627873262095637097e-01
2.645290581162324628e+01,1.275328617260326758e-01,-6.098762352886067939e-01,-4.880317380634224267e-01,7.025653969250609254e-01,-2.878400995225798842e-01,4.618512525179139239e-01,5.810240475252393955e-01,-5.626589553446262881e-01,-4.960267133745356327e-01,5.385343608762266365e-01,2.963286516460539866e-01,-1.033837489013868932e-02,4.259220285134561190e-01,5.761775025106213866e-01,-8.301064841833246666e-01,5.034604960138483465e-01,9.186521115032498727e-03,-2.751542911505459044e-01,2.711499673590100912e-02,-6.628977098694543990e-01
2.655310621242485070e+01,1.275868601971681948e-01,-6.099676684586017306e-01,-4.880700520884179716e-01,7.026387761204903049e-01,-2.878911687501387595e-01,4.618983774941796128e-01,5.811282833641731038e-01,-5.627759496095354752e-01,-4.961432516261560788e-01,5.386611330784716323e-01,2.964002873011156169e-01,-1.024999985809809874e-02,4.259709690841815277e-01,5.762477802657480774e-01,-8.301794774114705788e-01,5.035515071379654817e-01,9.128950762683628317e-03,-2.751903365341085705e-01,2.712746741930473909e-02,-6.630059408916150199e-01
2.665330661322645511e+01,1.276383317216645552e-01,-6.100563917132785230e-01,-4.881062353357101258e-01,7.027103286747112820e-01,-2.879417662842801984e-01,4.619426598262280081e-01,5.812306229419370585e-01,-5.628893361902254089e-01,-4.962564271802882843e-01,5.387854556314963794e-01,2.964685065201903558e-01,-1.016208605802924360e-02,4.260175565629582550e-01,5.763163358119819391e-01,-8.302506564125181621e-01,5.036391531724059289e-01,9.071779653895500548e-03,-2.752254660462564173e-01,2.713966496673180656e-02,-6.631116011483446648e-01
2.675350701402805598e+01,1.276886596023358578e-01,-6.101426568825195629e-01,-4.881409542529369650e-01,7.027797220125787669e-01,-2.879909626344672180e-01,4.619854843964445457e-01,5.813303967970721020e-01,-5.629997166199268710e-01,-4.963666514126653384e-01,5.389066169041697441e-01,2.965346772932411779e-01,-1.007566621513702326e-02,4.260624539659308985e-01,5.763826856902796170e-01,-8.303198340674853295e-01,5.037242713885584644e-01,9.015330719653285099e-03,-2.752594647259120619e-01,2.715134319335235288e-02,-6.632143636960279309e-01
2.685370741482966039e+01,1.277389912064585964e-01,-6.102266822396931190e-01,-4.881747668565422638e-01,7.028466911473005840e-01,-2.880379957947782898e-01,4.620280017338060374e-01,5.814270616710268680e-01,-5.631076000439320106e-01,-4.964742764345585480e-01,5.390240418365336295e-01,2.965999390022049931e-01,-9.991589712053244865e-03,4.261062170565228513e-01,5.764464403350707533e-01,-8.303868644737170124e-01,5.038075641118833214e-01,8.959870205953316888e-03,-2.752921602232405451e-01,2.716230117964470517e-02,-6.633139709240868376e-01
2.695390781563126481e+01,1.277902379657714638e-01,-6.103086525016533370e-01,-4.882081227317756622e-01,7.029110386804362509e-01,-2.880822712439068400e-01,4.620711280138807275e-01,5.815202005081577807e-01,-5.632134032195943441e-01,-4.965795950927773816e-01,5.391372919398027541e-01,2.966652024209924798e-01,-9.910522588836656252e-03,4.261492943454361360e-01,5.765073040742585420e-01,-8.304516429448852710e-01,5.038895987219120798e-01,8.905607673803099533e-03,-2.753234227996494421e-01,2.717238327139539014e-02,-6.634102345549808266e-01
2.705410821643286567e+01,1.278430753764754901e-01,-6.103887188287400178e-01,-4.882413630326922771e-01,7.029726348018976445e-01,-2.881233619451618599e-01,4.621155450588282365e-01,5.816095224557294996e-01,-5.633174505163287549e-01,-4.966828409696695812e-01,5.392460652963649848e-01,2.967311497154882516e-01,-9.832947542972926905e-03,4.261920270906514041e-01,5.765650751292189513e-01,-8.305141060109892948e-01,5.039708076522474434e-01,8.852695999221307094e-03,-2.753531653277888069e-01,2.718147907969913069e-02,-6.635030356442064292e-01
2.715430861723447009e+01,1.278979429992339878e-01,-6.104669988247789503e-01,-4.882747204821531462e-01,7.030314172899490011e-01,-2.881610083464672400e-01,4.621617003373995614e-01,5.816948628639141416e-01,-5.634199739156117159e-01,-4.967841883831211613e-01,5.393501965597807812e-01,2.967982344435505793e-01,-9.759163929374644469e-03,4.262346492974281587e-01,5.766196456148015015e-01,-8.305742314183556241e-01,5.040514883905635735e-01,8.801231373237771924e-03,-2.753813432915510617e-01,2.718952348095884236e-02,-6.635923245802975989e-01
2.725450901803607451e+01,1.279550444591725233e-01,-6.105435765370816892e-01,-4.883083193718248949e-01,7.030873915112066941e-01,-2.881951183803623251e-01,4.622098069649371865e-01,5.817761832857920590e-01,-5.635211130109809563e-01,-4.968837523865562433e-01,5.394496569547836406e-01,2.968666815550117244e-01,-9.689287760381328635e-03,4.262772877183044207e-01,5.766710015393283761e-01,-8.306320381296378175e-01,5.041318034786058666e-01,8.751253301893502021e-03,-2.754079547860712740e-01,2.719649661688563688e-02,-6.636781210848254897e-01
2.735470941883767537e+01,1.280143474458790009e-01,-6.106185024564454444e-01,-4.883421755621798477e-01,7.031406304206393454e-01,-2.882257674640015810e-01,4.622598437033748620e-01,5.818535714773516165e-01,-5.636209150080356833e-01,-4.969815887689371103e-01,5.395445542772802083e-01,2.969364873916777725e-01,-9.623251705759429397e-03,4.263199618530970070e-01,5.767192228045955327e-01,-8.306875863238165625e-01,5.042117805121910656e-01,8.702744606240672351e-03,-2.754330405177268237e-01,2.720242389449882212e-02,-6.637605142123984558e-01
2.745490981963927979e+01,1.280755837134035513e-01,-6.106917935171535250e-01,-4.883761964824961943e-01,7.031912745615677141e-01,-2.882531984991547613e-01,4.623115549612377695e-01,5.819272413974888591e-01,-5.637193347244364716e-01,-4.970776940547645406e-01,5.396351328943497228e-01,2.970074196873286332e-01,-9.560805092702304511e-03,4.263625839489014191e-01,5.767644832058714810e-01,-8.307409773961997868e-01,5.042913121412069266e-01,8.655631422342617912e-03,-2.754566838041376808e-01,2.720737598612589861e-02,-6.638396623506623850e-01
2.755511022044088421e+01,1.281382490802586704e-01,-6.107634330969747838e-01,-4.884101811308576568e-01,7.032395320656649185e-01,-2.882778218722067409e-01,4.623644507936426340e-01,5.819975332080077335e-01,-5.638162345899052630e-01,-4.971720055040771968e-01,5.397217737442443486e-01,2.970790175677179845e-01,-9.501513905830254181e-03,4.264049590000917878e-01,5.768070504318985048e-01,-8.307923539584225470e-01,5.043701560696128849e-01,8.609783201273845873e-03,-2.754790105741661832e-01,2.721146882940256653e-02,-6.639157932203001433e-01
2.765531062124248507e+01,1.282016034294190254e-01,-6.108333710171639508e-01,-4.884438200741538227e-01,7.032856786529563253e-01,-2.883002154541577933e-01,4.624178069022973903e-01,5.820649132736201992e-01,-5.639113846462254775e-01,-4.972644011124521257e-01,5.398049943363893988e-01,2.971505915505734396e-01,-9.444760787190498511e-03,4.264467847483209284e-01,5.768472860648915512e-01,-8.308418998384471399e-01,5.044479350554393893e-01,8.565012709120035581e-03,-2.755001893679172587e-01,2.721486362727271527e-02,-6.639892038750323522e-01
2.775551102204408949e+01,1.282646707083216486e-01,-6.109015235424617440e-01,-4.884766954480798118e-01,7.033300576318192165e-01,-2.883211246006232020e-01,4.624706646355014605e-01,5.821299741619462287e-01,-5.640044625472419026e-01,-4.973546996110047025e-01,5.398854487513830014e-01,2.972212235455964358e-01,-9.389745036257175770e-03,4.264876516825204522e-01,5.768856455805388972e-01,-8.308898400805628803e-01,5.045241369107883456e-01,8.521076026978022938e-03,-2.755204313367382030e-01,2.721776684798844076e-02,-6.640602607016162784e-01
2.785571142284569390e+01,1.283262389288658822e-01,-6.109677733810944256e-01,-4.885082809571365536e-01,7.033730798989834554e-01,-2.883414621518336496e-01,4.625218309881456991e-01,5.821934346435135854e-01,-5.640950535588608039e-01,-4.974426604663882423e-01,5.399639276409959887e-01,2.972897668544621785e-01,-9.335482609931358006e-03,4.265270430389005440e-01,5.769226783480022602e-01,-8.309364409453863232e-01,5.045981145018327840e-01,8.477672550955819494e-03,-2.755399902432188464e-01,2.722043022511001775e-02,-6.641293994198470552e-01
2.795591182364729477e+01,1.283848601674132950e-01,-6.110319696847742454e-01,-4.885379418746307878e-01,7.034152239395310424e-01,-2.883623084326349950e-01,4.625698786017122810e-01,5.822561396917579346e-01,-5.641826505590497032e-01,-4.975279838807944999e-01,5.400413582281724523e-01,2.973548461708197532e-01,-9.280806122541042369e-03,4.265643348009501845e-01,5.769590276299160214e-01,-8.309820099098612634e-01,5.046690857488171922e-01,8.434444992172600297e-03,-2.755591624611914980e-01,2.722315075750593102e-02,-6.641971250825567941e-01
2.805611222444889918e+01,1.284388505647877377e-01,-6.110939280486993308e-01,-4.885649350426747861e-01,7.034570358268960044e-01,-2.883849112524882741e-01,4.626131457642748690e-01,5.823190604830229544e-01,-5.642666540378377116e-01,-4.976103107919533364e-01,5.401188043070290767e-01,2.974148575802921801e-01,-9.224364845841144175e-03,4.265987956994369279e-01,5.769954305823881135e-01,-8.310268956672585139e-01,5.047361336260572928e-01,8.390979376758707364e-03,-2.755782869757308906e-01,2.722627070935285110e-02,-6.642640120756149180e-01
2.815631262525050360e+01,1.284862903262753986e-01,-6.111534305115533527e-01,-4.885884088721866303e-01,7.034991292228649495e-01,-2.884106859054698657e-01,4.626497364104983911e-01,5.823832943965600029e-01,-5.643463720973153075e-01,-4.976892228731328860e-01,5.401974662428556950e-01,2.974679685604761370e-01,-9.164624709013509049e-03,4.266295872124070687e-01,5.770327182549995770e-01,-8.310714881271762389e-01,5.047982061619400440e-01,8.346805045855653152e-03,-2.755977453831542912e-01,2.723017761013565505e-02,-6.643307041179282724e-01
2.825651302605210446e+01,1.285254150162989384e-01,-6.112102772560369379e-01,-4.886075945835576251e-01,7.035420724141000504e-01,-2.884409321309802099e-01,4.626779119840913057e-01,5.824498625987081235e-01,-5.644211669290988276e-01,-4.977643473880006830e-01,5.402784413981577272e-01,2.975125082416883449e-01,-9.100192017383611914e-03,4.266559563839997793e-01,5.770716414391073856e-01,-8.311161408365818071e-01,5.048543457618621666e-01,8.301472317604960405e-03,-2.756178832616181240e-01,2.723522473080581402e-02,-6.643977946246129029e-01
2.835671342685370888e+01,1.285588700065246892e-01,-6.112648587122838650e-01,-4.886238122191929878e-01,7.035851491189412110e-01,-2.884737741553454748e-01,4.627003318503906115e-01,5.825174548580187572e-01,-5.644920728033935298e-01,-4.978364451453327622e-01,5.403601729593656700e-01,2.975511406913164403e-01,-9.033229011904220923e-03,4.266792388720374585e-01,5.771110657480429396e-01,-8.311603667836101605e-01,5.049061412572335428e-01,8.255489167369983727e-03,-2.756381915715419018e-01,2.724088717849970295e-02,-6.644645330739863409e-01
2.845691382765530975e+01,1.285893129153123093e-01,-6.113175823966586764e-01,-4.886382649123899857e-01,7.036276198029386419e-01,-2.885073553104989807e-01,4.627196337382211144e-01,5.825846626111670368e-01,-5.645601696298683247e-01,-4.979061920466295033e-01,5.404411841229389557e-01,2.975864250488686191e-01,-8.965735211067509675e-03,4.267006199222843632e-01,5.771499974894199747e-01,-8.312037407955904511e-01,5.049551188525617240e-01,8.209519729594431936e-03,-2.756582185365166193e-01,2.724667170823924164e-02,-6.645301753535137745e-01
2.855711422845691416e+01,1.286185698359786633e-01,-6.113687442619754053e-01,-4.886517540037979557e-01,7.036689845804310339e-01,-2.885404182405649220e-01,4.627376238496613281e-01,5.826505101247406726e-01,-5.646262231534401321e-01,-4.979740437213924786e-01,5.405205017748783147e-01,2.976200955588783059e-01,-8.899030221277689362e-03,4.267208810320753942e-01,5.771878055230280635e-01,-8.312459987156575192e-01,5.050023195269616183e-01,8.164056518140018134e-03,-2.756776762473511222e-01,2.725225224015132355e-02,-6.645942296094484725e-01
2.865731462925851858e+01,1.286481649955345530e-01,-6.114185969027696732e-01,-4.886649510433094257e-01,7.037088322863748191e-01,-2.885719186636236389e-01,4.627558109066040037e-01,5.827141902550448949e-01,-5.646908786903699351e-01,-4.980403868044411264e-01,5.405973226094544781e-01,2.976536023592603608e-01,-8.834210573581441350e-03,4.267406776919690503e-01,5.772239696753693750e-01,-8.312869253624692867e-01,5.050486168547076993e-01,8.119509022667325063e-03,-2.756963277329032014e-01,2.725735850513038780e-02,-6.646562930426459515e-01
2.875751503006011944e+01,1.286793207546847451e-01,-6.114673495552996885e-01,-4.886783977900601150e-01,7.037468404763435048e-01,-2.886010253717114504e-01,4.627754061507560746e-01,5.827750644481018982e-01,-5.647546611282632245e-01,-4.981055389359129171e-01,5.406710131292080668e-01,2.976881114813108575e-01,-8.772149723667925850e-03,4.267605393857472618e-01,5.772580807396586744e-01,-8.313263545302068680e-01,5.050947170052340063e-01,8.076203708635803363e-03,-2.757139869600796489e-01,2.726177604483840181e-02,-6.647160519085645314e-01
2.885771543086172386e+01,1.287129576078279436e-01,-6.115151680975450255e-01,-4.886925062124291563e-01,7.037827754265280067e-01,-2.886271202308208772e-01,4.627973233436387668e-01,5.828326627396511750e-01,-5.648179749260693328e-01,-4.981697487612631869e-01,5.407411096449497023e-01,2.977245048497070834e-01,-8.713498051868762834e-03,4.267808695904156124e-01,5.772898404758236568e-01,-8.313641689885743480e-01,5.051411587431341443e-01,8.034384017303764641e-03,-2.757305188338363133e-01,2.726534621170486825e-02,-6.647732815172650023e-01
2.895791583166332828e+01,1.287496941830568731e-01,-6.115621750492079567e-01,-4.887075584880387069e-01,7.038164921337366486e-01,-2.886497981809006408e-01,4.628221787665874332e-01,5.828866837551496261e-01,-5.648811041140820999e-01,-4.982331959312652492e-01,5.408073182757597852e-01,2.977633802825078724e-01,-8.658682863158058060e-03,4.268019457762031177e-01,5.773190616105048356e-01,-8.314003004827986709e-01,5.051883134281612842e-01,7.994210365728388404e-03,-2.757458391971780443e-01,2.726796616892682851e-02,-6.648278462334110683e-01
2.905811623246492914e+01,1.287898472421581397e-01,-6.116084495717123426e-01,-4.887237070037542819e-01,7.038479343153948298e-01,-2.886688672358554419e-01,4.628502912207517750e-01,5.829369947097712279e-01,-5.649442122939393185e-01,-4.982959911020103383e-01,5.408695149489890497e-01,2.978050514911531610e-01,-8.607908387152383989e-03,4.268239194065623909e-01,5.773456678370552098e-01,-8.314347297336299736e-01,5.052363850152280511e-01,7.955760146765723795e-03,-2.757599148311586923e-01,2.726958889046885923e-02,-6.648796994762687929e-01
2.915831663326653356e+01,1.288334316806123703e-01,-6.116540274682041867e-01,-4.887409743556846431e-01,7.038771344095456906e-01,-2.886843484835461826e-01,4.628816820270956200e-01,5.829836314084071436e-01,-5.650073426386231779e-01,-4.983581759349076101e-01,5.409277454002577867e-01,2.978495480804643214e-01,-8.561155778110776313e-03,4.268468159381695326e-01,5.773696938155409297e-01,-8.314674864373414742e-01,5.052854100544067473e-01,7.919027729070680921e-03,-2.757727634548810536e-01,2.727022316106306882e-02,-6.649288837197071533e-01
2.925851703406813797e+01,1.288801605275941009e-01,-6.116989011835516354e-01,-4.887592533491817437e-01,7.039042135748492246e-01,-2.886964760857897994e-01,4.629160750263969781e-01,5.830267982456661668e-01,-5.650704178924601528e-01,-4.984197230966842529e-01,5.409822251734565102e-01,2.978966155486439948e-01,-8.518183114934756509e-03,4.268705348209241857e-01,5.773912851727404094e-01,-8.314986492657292505e-01,5.053352576909290184e-01,7.883924457097036056e-03,-2.757844537254970363e-01,2.726993357620910441e-02,-6.649755304921974863e-01
2.935871743486973884e+01,1.289294449459718606e-01,-6.117430198043446454e-01,-4.887783069988407281e-01,7.039293816905830559e-01,-2.887056972783594855e-01,4.629528965792482076e-01,5.830668682058738339e-01,-5.651332403711206709e-01,-4.984805362593852096e-01,5.410333396207456236e-01,2.979457152872762027e-01,-8.478525401168311021e-03,4.268948494979495911e-01,5.774106985021453253e-01,-8.315283458661123506e-01,5.053856296651864088e-01,7.850278651097438581e-03,-2.757951052382074941e-01,2.726884054217414838e-02,-6.650198603768139316e-01
2.945891783567134325e+01,1.289803942323081154e-01,-6.117862890588955382e-01,-4.887977685285000429e-01,7.039529373566419945e-01,-2.887126723709844689e-01,4.629912755660557933e-01,5.831043828630732007e-01,-5.651954919616194450e-01,-4.985404501003735667e-01,5.410816439025553093e-01,2.979960245813262354e-01,-8.441494564997898201e-03,4.269194074055924215e-01,5.774283013639598394e-01,-8.315567528613330150e-01,5.054360603127295848e-01,7.817835607123391900e-03,-2.758048885262623928e-01,2.726712027599291141e-02,-6.650621830112332100e-01
2.955911823647294767e+01,1.290318158168592966e-01,-6.118285713172382234e-01,-4.888171413712414370e-01,7.039752678935382590e-01,-2.887182747473500677e-01,4.630300433870405130e-01,5.831400523810246206e-01,-5.652567341223154740e-01,-4.985992303023302208e-01,5.411278629875859725e-01,2.980464366091405970e-01,-8.406179459252448305e-03,4.269437299734230029e-01,5.774445722851008211e-01,-8.315840958497565660e-01,5.054859165642692220e-01,7.786257597025275992e-03,-2.758140250609604771e-01,2.726500480546764985e-02,-6.651028970877346236e-01
2.965931863727454854e+01,1.290822152635757725e-01,-6.118696855911290866e-01,-4.888357991693897397e-01,7.039968493424012541e-01,-2.887235908650977456e-01,4.630677339622373268e-01,5.831747555132055227e-01,-5.653164078829119310e-01,-4.986565735532539900e-01,5.411728916528077971e-01,2.980955604424473382e-01,-8.371445861403366967e-03,4.269672126242350374e-01,5.774601007591979585e-01,-8.316106494052709630e-01,5.055343979456751180e-01,7.755123868452332668e-03,-2.758227872516497703e-01,2.726278196916814833e-02,-6.651424903532003885e-01
2.975951903807615295e+01,1.291297962701019320e-01,-6.119094075340462124e-01,-4.888529857745130824e-01,7.040182464649780147e-01,-2.887299202558251676e-01,4.631025837314953764e-01,5.832095396028107448e-01,-5.653738338444562750e-01,-4.987121075464617248e-01,5.412177944834609677e-01,2.981417210463556122e-01,-8.335936473564524787e-03,4.269891247740459361e-01,5.774755872465938689e-01,-8.316367370772876910e-01,5.055805365779769689e-01,7.723930644852668170e-03,-2.758314984457271302e-01,2.726079541643173024e-02,-6.651815396091149690e-01
2.985971943887775737e+01,1.291724606677760734e-01,-6.119474694411898286e-01,-4.888678152474228988e-01,7.040401127436325401e-01,-2.887387755250859778e-01,4.631325316544781523e-01,5.832456205827523110e-01,-5.654282121793400284e-01,-4.987653909805880859e-01,5.412638058730556700e-01,2.981829592793560635e-01,-8.298070922492272947e-03,4.270086098320964862e-01,5.774918431743436553e-01,-8.316627313907409835e-01,5.056231971773637035e-01,7.692091125473257511e-03,-2.758405329286385266e-01,2.725944460736324723e-02,-6.652207107115656326e-01
2.995991983967935823e+01,1.292078084216304046e-01,-6.119835602494823057e-01,-4.888792718581737584e-01,7.040631903813462378e-01,-2.887518823523900768e-01,4.631552192106631605e-01,5.832843829756593212e-01,-5.654786226312989994e-01,-4.988159135595858218e-01,5.413123300233719792e-01,2.982170318933204389e-01,-8.256045759585431063e-03,4.270246852008510730e-01,5.775097909362154613e-01,-8.316890538460880444e-01,5.056610770551840384e-01,7.658935485359941002e-03,-2.758503159238788749e-01,2.725918481283510011e-02,-6.652607585712424498e-01
3.006012024048096265e+01,1.292335254609590645e-01,-6.120173793544000374e-01,-4.888863813608977371e-01,7.040881958201085089e-01,-2.887709032419170097e-01,4.631683738648235682e-01,5.833271658841381324e-01,-5.655241762289425766e-01,-4.988631873059762856e-01,5.413647173035278648e-01,2.982417809770793182e-01,-8.208129585308540990e-03,4.270364102471125300e-01,5.775303135499100238e-01,-8.317161082898568703e-01,5.056929235010092505e-01,7.623810921259385580e-03,-2.758612546019403311e-01,2.726045358136487337e-02,-6.653024105748108763e-01
3.016032064128256707e+01,1.292537387665038950e-01,-6.120495238822409867e-01,-4.888909839653075573e-01,7.041139388697905677e-01,-2.887929204886582335e-01,4.631760831282051849e-01,5.833717308903834109e-01,-5.655665135696085200e-01,-4.989082175555640819e-01,5.414186241613265782e-01,2.982611553481750444e-01,-8.157448334290362188e-03,4.270455946854319063e-01,5.775518330147514368e-01,-8.317432063662584252e-01,5.057210752278984423e-01,7.587764474550880676e-03,-2.758726260536868979e-01,2.726247517412041729e-02,-6.653444602890369319e-01
3.026052104208416793e+01,1.292718434150275653e-01,-6.120804994672306432e-01,-4.888945293109745460e-01,7.041394346795103454e-01,-2.888155562696722023e-01,4.631816917607735618e-01,5.834161921694157593e-01,-5.656070126022583189e-01,-4.989517860939107763e-01,5.414721768436517868e-01,2.982783416665724108e-01,-8.106470468451549422e-03,4.270536430248813575e-01,5.775731376693813424e-01,-8.317698191291905685e-01,5.057474189522318531e-01,7.551741014261100816e-03,-2.758838739191938894e-01,2.726463102330262470e-02,-6.653859281853636842e-01
3.036072144288577235e+01,1.292895023918729791e-01,-6.121105705780333084e-01,-4.888977030197014240e-01,7.041642091704231055e-01,-2.888376655838660323e-01,4.631868321160917956e-01,5.834596198695423119e-01,-5.656463725620181071e-01,-4.989942671332396329e-01,5.415244984963112351e-01,2.982948775017729148e-01,-8.056348727311471100e-03,4.270612108602216406e-01,5.775936849770270110e-01,-8.317957139475552486e-01,5.057728707715927197e-01,7.516237028605301553e-03,-2.758947488870773235e-01,2.726663039520291903e-02,-6.654263543656782076e-01
3.046092184368737676e+01,1.293080770836087245e-01,-6.121399575117059122e-01,-4.889010678337612492e-01,7.041878781716087721e-01,-2.888583146288501435e-01,4.631928411900182452e-01,5.835012578317357868e-01,-5.656851701332106241e-01,-4.990359712001387060e-01,5.415748774232997942e-01,2.983120230741212464e-01,-8.008022855413165705e-03,4.270688367483720382e-01,5.776130352812679503e-01,-8.318207039266376501e-01,5.057981837523108926e-01,7.481657486010742132e-03,-2.759050490625296614e-01,2.726823655014854256e-02,-6.654653674655677253e-01
3.056112224448897763e+01,1.293286272780291568e-01,-6.121688363936984567e-01,-4.889050636158970287e-01,7.042101474200719302e-01,-2.888767808009381488e-01,4.632007606207063644e-01,5.835405235896353737e-01,-5.657238594493547712e-01,-4.990771451355612842e-01,5.416227670867997945e-01,2.983307612548053989e-01,-7.962219602323320974e-03,4.270769422084103040e-01,5.776308518060366826e-01,-8.318446479081058609e-01,5.058239479294620589e-01,7.448315835116682895e-03,-2.759146199673191968e-01,2.726926674250256671e-02,-6.655026846543188324e-01
3.066132264529058205e+01,1.293519111641542874e-01,-6.121973391778534612e-01,-4.889100073493220511e-01,7.042308125607418257e-01,-2.888925526951467426e-01,4.632113366886052019e-01,5.835770083695466237e-01,-5.657627720931659443e-01,-4.991179720948255016e-01,5.416677861071805822e-01,2.983517975658565025e-01,-7.919452722632287778e-03,4.270858317215727173e-01,5.776469006556180785e-01,-8.318674504700106498e-01,5.058505903068680754e-01,7.416434004774378336e-03,-2.759233545397904996e-01,2.726959222066389216e-02,-6.655381116349184945e-01
3.076152304609218646e+01,1.293783853322299227e-01,-6.122255536464061842e-01,-4.889160931377196095e-01,7.042497591464725870e-01,-2.889053301051957567e-01,4.632250203164588465e-01,5.836104770904408934e-01,-5.658021170965555902e-01,-4.991585715476145602e-01,5.417097182629988517e-01,2.983755601801490465e-01,-7.880022975954074915e-03,4.270956927312541951e-01,5.776610508146500234e-01,-8.318890619267858000e-01,5.058783748570969685e-01,7.386142404047089244e-03,-2.759311931348643054e-01,2.726913822706722793e-02,-6.655715426440532712e-01
3.086172344689378733e+01,1.294082047737274699e-01,-6.122535234099849566e-01,-4.889233922052432235e-01,7.042669626380427816e-01,-2.889150240235082157e-01,4.632419670693067593e-01,5.836408683639559003e-01,-5.658419809406318723e-01,-4.991989992779766738e-01,5.417485124909984240e-01,2.984021999214006016e-01,-7.844018126926350851e-03,4.271065956430080690e-01,5.776732741481227507e-01,-8.319094783292479978e-01,5.059074025214631565e-01,7.357479922210073166e-03,-2.759381235240373487e-01,2.726788399818312267e-02,-6.656029604521097598e-01
3.096192384769539174e+01,1.294412228813441867e-01,-6.122812479076105152e-01,-4.889318528965163613e-01,7.042824884041559708e-01,-2.889217566412103366e-01,4.632620371544836080e-01,5.836682944943957230e-01,-5.658823275556991161e-01,-4.992392473843250689e-01,5.417842828861104687e-01,2.984315902641720419e-01,-7.811312945210437640e-03,4.271184938245462526e-01,5.776836454013795086e-01,-8.319287414645969436e-01,5.059376112100268941e-01,7.330393928750587006e-03,-2.759441808953825293e-01,2.726586276451794383e-02,-6.656324363631743735e-01
3.106212424849699616e+01,1.294769914490029039e-01,-6.123086824066966694e-01,-4.889413006766328285e-01,7.042964917214401543e-01,-2.889258613481314741e-01,4.632847954216194331e-01,5.836930414787302457e-01,-5.659229983212578086e-01,-4.992792442794378727e-01,5.418173087014533928e-01,2.984633273338675452e-01,-7.781569205491322208e-03,4.271312236057391853e-01,5.776923422001158936e-01,-8.319469388564150192e-01,5.059687758015947168e-01,7.304740273367887893e-03,-2.759494478535489126e-01,2.726316175061388111e-02,-6.656601302150334520e-01
3.116232464929859702e+01,1.295147606718522471e-01,-6.123357380030497454e-01,-4.889514381311563795e-01,7.043092177744479931e-01,-2.889278827328040089e-01,4.633095113626395367e-01,5.837155690065958247e-01,-5.659637120660051535e-01,-4.993188546904583358e-01,5.418480343483328410e-01,2.984967299067344260e-01,-7.754235687477649408e-03,4.271445042786157775e-01,5.776996450503802949e-01,-8.319642037646677313e-01,5.060005081437192187e-01,7.280283285973236651e-03,-2.759540544197616185e-01,2.725992217504894649e-02,-6.656862903791730401e-01
3.126252505010020144e+01,1.295534791462665813e-01,-6.123622816208689201e-01,-4.889618449661210509e-01,7.043210016556572528e-01,-2.889285765824637364e-01,4.633351591117643720e-01,5.837365104602950661e-01,-5.660040650678344054e-01,-4.993578796588946656e-01,5.418770693962415841e-01,2.985308394098633022e-01,-7.728548175901718553e-03,4.271579380973635764e-01,5.777059373385740049e-01,-8.319807151857031569e-01,5.060322570526993857e-01,7.256695776689886523e-03,-2.759581780318220434e-01,2.725633925043698114e-02,-6.657112537607792202e-01
3.136272545090180586e+01,1.295917938698459282e-01,-6.123881360127463314e-01,-4.889719780080308276e-01,7.043322683654699157e-01,-2.889289098830493119e-01,4.633604174455098756e-01,5.837566729147963818e-01,-5.660435310538353137e-01,-4.993960565406200813e-01,5.419051885728598528e-01,2.985644199211879846e-01,-7.703529460519491223e-03,4.271710102783286556e-01,5.777117053314505535e-01,-8.319966978522526091e-01,5.060633083135801513e-01,7.233559035853096182e-03,-2.759620435441075825e-01,2.725266218342764848e-02,-6.657354457987380014e-01
3.146292585170340672e+01,1.296280502414159930e-01,-6.124130797596665232e-01,-4.889811712038599767e-01,7.043435328122128469e-01,-2.889300608192028053e-01,4.633836697826870243e-01,5.837770371377347667e-01,-5.660814612002937896e-01,-4.994330590058727593e-01,5.419333317640548930e-01,2.985959581694855314e-01,-7.677989336110586926e-03,4.271830890000154479e-01,5.777175381761165962e-01,-8.320124222334301933e-01,5.060927846801526186e-01,7.210362834010124525e-03,-2.759659232275716856e-01,2.724919417470643423e-02,-6.657593804656352088e-01
3.156312625250501114e+01,1.296602920610283038e-01,-6.124368472710071121e-01,-4.889886356210527696e-01,7.043553998121377946e-01,-2.889334187742693127e-01,4.634030041844023340e-01,5.837987575894112435e-01,-5.661170841326923497e-01,-4.994684970392559431e-01,5.419626040138812995e-01,2.986236635343761936e-01,-7.650524602478283101e-03,4.271934254030871903e-01,5.777241279000311369e-01,-8.320282045347329181e-01,5.061196458749541716e-01,7.186505421920227205e-03,-2.759701367697440788e-01,2.724629241899465329e-02,-6.657836602677565940e-01
3.166332665330661555e+01,1.296862615299600174e-01,-6.124591287845383425e-01,-4.889934594475236485e-01,7.043685640894208344e-01,-2.889405843302970678e-01,4.634162133540573603e-01,5.838231624227929739e-01,-5.661495059257096729e-01,-4.995019169397377778e-01,5.419942755245809041e-01,2.986454680463235256e-01,-7.619519064449515114e-03,4.272011535903653678e-01,5.777322694110060830e-01,-8.320444066980404729e-01,5.061426885892682526e-01,7.161293530554660100e-03,-2.759750512747305984e-01,2.724436810504943240e-02,-6.658089762450876137e-01
3.176352705410821642e+01,1.297043032680175179e-01,-6.124797002202210239e-01,-4.889949812194448464e-01,7.043835399437367029e-01,-2.889527330129693650e-01,4.634216812898786508e-01,5.838512353579518033e-01,-5.661780736176309503e-01,-4.995329950175429468e-01,5.420292800501765873e-01,2.986598625293202525e-01,-7.583792146237223510e-03,4.272056481814794360e-01,5.777425429566240833e-01,-8.320612949496922761e-01,5.061610375918984550e-01,7.134209385049988285e-03,-2.759809348327901812e-01,2.724372243280021380e-02,-6.658358396742695140e-01
3.186372745490982084e+01,1.297191673749605312e-01,-6.124992599443020991e-01,-4.889951670804474904e-01,7.043989230445768523e-01,-2.889665367626060855e-01,4.634240695769312746e-01,5.838802754144469809e-01,-5.662047155877899529e-01,-4.995627662696203175e-01,5.420650082606797149e-01,2.986712459476159043e-01,-7.546733469906181588e-03,4.272087946398226976e-01,5.777532992161436010e-01,-8.320781410666675537e-01,5.061772861777098509e-01,7.106649125344206841e-03,-2.759870272995458840e-01,2.724349907563226869e-02,-6.658628622345055259e-01
3.196392785571142525e+01,1.297330404082481237e-01,-6.125181422843708479e-01,-4.889948977222183801e-01,7.044140709734748595e-01,-2.889804796109453622e-01,4.634255177268992165e-01,5.839090295948424769e-01,-5.662303388846591234e-01,-4.995916946524380231e-01,5.421002917277890631e-01,2.986816199171407060e-01,-7.509851776120381184e-03,4.272114282375444883e-01,5.777638226891090856e-01,-8.320946309268977270e-01,5.061926171463847490e-01,7.079287096517188418e-03,-2.759929990310065473e-01,2.724331393166896584e-02,-6.658894192927242717e-01
3.206412825651302967e+01,1.297469881782932211e-01,-6.125365197643009019e-01,-4.889945934505264824e-01,7.044286764246863175e-01,-2.889938332464200288e-01,4.634270666402993677e-01,5.839368886860951680e-01,-5.662553985205729390e-01,-4.996200055441501475e-01,5.421345814737772439e-01,2.986919516957144971e-01,-7.473855933054569106e-03,4.272139441110469060e-01,5.777737879022611933e-01,-8.321106241483248178e-01,5.062076057449963473e-01,7.052463394342761704e-03,-2.759987002348938123e-01,2.724298536723736633e-02,-6.659152179785414738e-01
3.216432865731462698e+01,1.297618643188160892e-01,-6.125545331957562567e-01,-4.889945917221739102e-01,7.044424958928623415e-01,-2.890060168100359594e-01,4.634295504176625391e-01,5.839633684005643977e-01,-5.662802619164779561e-01,-4.996478823431494964e-01,5.421674421078832573e-01,2.987030168940795760e-01,-7.439310608105720486e-03,4.272166598728593945e-01,5.777829372075906633e-01,-8.321260107149086593e-01,5.062227148313142022e-01,7.026449032389489244e-03,-2.760040123999518702e-01,2.724236874236097769e-02,-6.659400272246001062e-01
3.226452905811623140e+01,1.297783102868441951e-01,-6.125722916781920491e-01,-4.889951471449957565e-01,7.044553496730504571e-01,-2.890165968953721243e-01,4.634335963595335728e-01,5.839881093760119768e-01,-5.663052089019333657e-01,-4.996754664680674307e-01,5.421985518263128245e-01,2.987153994759003672e-01,-7.406636267893028369e-03,4.272198156116389089e-01,5.777910807823385397e-01,-8.321407109766271182e-01,5.062382948738050059e-01,7.001445942020655296e-03,-2.760088482959474065e-01,2.724135641075976777e-02,-6.659636777665705054e-01
3.236472945891783581e+01,1.297967553627122073e-01,-6.125898725988540017e-01,-4.889964314778599275e-01,7.044671218606936014e-01,-2.890252875485805895e-01,4.634396249664711753e-01,5.840108771756025163e-01,-5.663304317151111045e-01,-4.997028573577740329e-01,5.422277024122382771e-01,2.987294917577639208e-01,-7.376109178257919327e-03,4.272235738921697501e-01,5.777980966289955056e-01,-8.321546756494764274e-01,5.062545839516315871e-01,6.977586972394280579e-03,-2.760131519736698791e-01,2.723987771985015086e-02,-6.659860621431500372e-01
3.246492985971944023e+01,1.298174166500619953e-01,-6.126073216327784232e-01,-4.889985336306674757e-01,7.044777603516312325e-01,-2.890319502683864616e-01,4.634478499390479178e-01,5.840315622879030943e-01,-5.663560350027952994e-01,-4.997301124713779963e-01,5.422547992357987789e-01,2.987454944091795794e-01,-7.347861404264042183e-03,4.272280197553635084e-01,5.778039305753026600e-01,-8.321678858154701874e-01,5.062717077546537991e-01,6.954935890463113599e-03,-2.760168987649311845e-01,2.723789901074499462e-02,-6.660071346960637628e-01
3.256513026052104465e+01,1.298402990758427689e-01,-6.126246527427927635e-01,-4.890014596643524336e-01,7.044872768420983311e-01,-2.890365940060878325e-01,4.634582781778505134e-01,5.840501801268832560e-01,-5.663820358203828231e-01,-4.997572472882266803e-01,5.422798612540999930e-01,2.987634164525790892e-01,-7.321880810197271480e-03,4.272331607182592306e-01,5.778085962742508519e-01,-8.321803529226404761e-01,5.062896795834276320e-01,6.933487380974629778e-03,-2.760200952825658249e-01,2.723542361825361316e-02,-6.660269115700636622e-01
3.266533066132264906e+01,1.298651953903108280e-01,-6.126418481795149473e-01,-4.890051327908816470e-01,7.044957468287260660e-01,-2.890393751655560561e-01,4.634707097834793732e-01,5.840668710319152357e-01,-5.664083636318831827e-01,-4.997842353079059996e-01,5.423030210112143035e-01,2.987830752633164888e-01,-7.298011059565709217e-03,4.272389267740234198e-01,5.778121752040812353e-01,-8.321921187850370716e-01,5.063084003492062113e-01,6.913167046471036664e-03,-2.760227794204309637e-01,2.723249187088177745e-02,-6.660454707129289664e-01
3.276553106212424638e+01,1.298916861670298128e-01,-6.126588584813537075e-01,-4.890093933732551634e-01,7.045033096085413504e-01,-2.890405976032352497e-01,4.634847380565490504e-01,5.840819002677739569e-01,-5.664348603099179646e-01,-4.998110080502406460e-01,5.423245246381804829e-01,2.988040965696683315e-01,-7.275951615099681379e-03,4.272451703919498134e-01,5.778148166682848252e-01,-8.322032555827278966e-01,5.063276585739387992e-01,6.893831407289270456e-03,-2.760250203534063140e-01,2.722918109083170835e-02,-6.660629518754666023e-01
3.286573146292585079e+01,1.299191398028705369e-01,-6.126756024745086959e-01,-4.890139989255058994e-01,7.045101682789672859e-01,-2.890407126281429040e-01,4.634997494976879628e-01,5.840956580246366991e-01,-5.664612801357219452e-01,-4.998374550552938111e-01,5.423447318530043582e-01,2.988259144528334632e-01,-7.255257738751737066e-03,4.272516665174596606e-01,5.778167377956027195e-01,-8.322138658617987961e-01,5.063471303902717935e-01,6.875267901560994273e-03,-2.760269185373940837e-01,2.722560559400208011e-02,-6.660795566115103039e-01
3.296593186372745521e+01,1.299467125180110150e-01,-6.126919672729700395e-01,-4.890186241126996958e-01,7.045165897378228292e-01,-2.890403190018693280e-01,4.635149238075383926e-01,5.841086594180833202e-01,-5.664872897991417577e-01,-4.998634238833674082e-01,5.423641159606582551e-01,2.988477713469331887e-01,-7.235340491696655441e-03,4.272581125721014450e-01,5.778182235400263211e-01,-8.322240825343536486e-01,5.063663795415476176e-01,6.857194885212603355e-03,-2.760286057093191969e-01,2.722191668998800648e-02,-6.660955482779212788e-01
3.306613226452905963e+01,1.299733483559366021e-01,-6.127078082785188951e-01,-4.890228607509355396e-01,7.045229046833226816e-01,-2.890401629385779825e-01,4.635292338867567086e-01,5.841215444890965891e-01,-5.665124683986370036e-01,-4.998887201150020165e-01,5.423832638530808881e-01,2.988687180390111053e-01,-7.215466734331437912e-03,4.272641284535512174e-01,5.778196266807967829e-01,-8.322340688785142548e-01,5.063848573818058307e-01,6.839261631965222465e-03,-2.760302448871291281e-01,2.721830268208107195e-02,-6.661112520345880972e-01
3.316633266533066404e+01,1.299977791834397156e-01,-6.127229491807271167e-01,-4.890262178073452315e-01,7.045295076140778434e-01,-2.890411381050054795e-01,4.635414458360130330e-01,5.841350782040612977e-01,-5.665363074412796962e-01,-4.999131073509767709e-01,5.424028760091780255e-01,2.988876136690332141e-01,-7.194759126275314214e-03,4.272692565356122629e-01,5.778213678224053407e-01,-8.322440185384202271e-01,5.064019028757822394e-01,6.821048333334705019e-03,-2.760320303697938460e-01,2.721498886726929703e-02,-6.661270548444264694e-01
3.326653306613226846e+01,1.300185246906201686e-01,-6.127371819569570333e-01,-4.890281214000937182e-01,7.045368568290950595e-01,-2.890442856204613609e-01,4.635501189559916302e-01,5.841501504547653711e-01,-5.665582108427542618e-01,-4.999363072123095275e-01,5.424237664948218240e-01,2.989031257298879751e-01,-7.172196126369737197e-03,4.272729616682153231e-01,5.778239353945933132e-01,-8.322541555242296551e-01,5.064167425989095639e-01,6.802066098631632217e-03,-2.760341877373060360e-01,2.721223753623715561e-02,-6.661434054733794685e-01
3.336673346693386577e+01,1.300340764600612653e-01,-6.127502938624647122e-01,-4.890279878399218516e-01,7.045454189902804476e-01,-2.890506654679279586e-01,4.635537854667053370e-01,5.841676683476108023e-01,-5.665775701082857996e-01,-4.999580365074933752e-01,5.424467630595470879e-01,2.989138974641201707e-01,-7.146739415585870447e-03,4.272747000404140683e-01,5.778278248117406646e-01,-8.322647069559520050e-01,5.064285888685413628e-01,6.781815223441248208e-03,-2.760369457661994708e-01,2.721031542233500258e-02,-6.661607603104240383e-01
3.346693386773547019e+01,1.300466021249819804e-01,-6.127626123011133963e-01,-4.890266837766983898e-01,7.045545518976440436e-01,-2.890587718416292584e-01,4.635545643348378264e-01,5.841863809820336817e-01,-5.665952808938392593e-01,-4.999787472410789357e-01,5.424707035093719876e-01,2.989219070527927569e-01,-7.119882678737498617e-03,4.272752917450194921e-01,5.778323264429811035e-01,-8.322753593651963655e-01,5.064386080013030256e-01,6.760970704575125501e-03,-2.760399770332347402e-01,2.720884130801768525e-02,-6.661784943629636135e-01
3.356713426853707460e+01,1.300580042515981083e-01,-6.127744291615888628e-01,-4.890249500399628801e-01,7.045636894660539662e-01,-2.890672902414207490e-01,4.635543097604870044e-01,5.842051759932980204e-01,-5.666121379400814728e-01,-4.999988208383325250e-01,5.424945833927918848e-01,2.989288715390178153e-01,-7.092903803981124092e-03,4.272754296736480661e-01,5.778368438769821980e-01,-8.322858483767825444e-01,5.064478110235832720e-01,6.740150992729605425e-03,-2.760430065482222250e-01,2.720748634551746481e-02,-6.661960630029770680e-01
3.366733466933867902e+01,1.300691170295428245e-01,-6.127858794380404150e-01,-4.890231033398918514e-01,7.045725871118845296e-01,-2.890756523136981393e-01,4.635538327302383688e-01,5.842235658176684332e-01,-5.666284993606707232e-01,-5.000184226739068372e-01,5.425179777682098692e-01,2.989355361850995485e-01,-7.066341222643543647e-03,4.272754068025370056e-01,5.778411336154498645e-01,-8.322960676158424054e-01,5.064566391301564829e-01,6.719636497422108029e-03,-2.760459222223782261e-01,2.720611055080633320e-02,-6.662132357511513225e-01
3.376753507014028344e+01,1.300806256775912384e-01,-6.127970754950418097e-01,-4.890214042043828369e-01,7.045810453680912966e-01,-2.890833925988240405e-01,4.635537995873914019e-01,5.842411521416582820e-01,-5.666446610056153910e-01,-5.000376902526797451e-01,5.425405400348735085e-01,2.989425136189148846e-01,-7.040635294830246103e-03,4.272754643726896506e-01,5.778449972597862194e-01,-8.323059310398384092e-01,5.064654559176343662e-01,6.699656506238867680e-03,-2.760486327523932193e-01,2.720459936955038280e-02,-6.662298252446959834e-01
3.386773547094188785e+01,1.300930664436601991e-01,-6.128081070675908126e-01,-4.890200569790546514e-01,7.045889098842113007e-01,-2.890901485311280772e-01,4.635547320319595710e-01,5.842576259020295648e-01,-5.666608564612735099e-01,-5.000567332097545226e-01,5.425620019328746269e-01,2.989502838339132551e-01,-7.016128309425405385e-03,4.272757918898759111e-01,5.778482815110886905e-01,-8.323153729385640576e-01,5.064745473844654011e-01,6.680389184834927864e-03,-2.760510676204319669e-01,2.720286367710980993e-02,-6.662456872373428984e-01
3.396793587174348517e+01,1.301068266048083788e-01,-6.128190412611098647e-01,-4.890192098272468924e-01,7.045960714263630464e-01,-2.890956604389067763e-01,4.635570071206702170e-01,5.842727672857929155e-01,-5.666772570503532114e-01,-5.000756333104597884e-01,5.425821735431490822e-01,2.989591941891165394e-01,-6.993064484091888328e-03,4.272765271246320440e-01,5.778508781701504615e-01,-8.323243479341438933e-01,5.064841219309355047e-01,6.661961576934148990e-03,-2.760531770941335727e-01,2.720083977853892179e-02,-6.662607205993463788e-01
3.406813627254508958e+01,1.301221444672363559e-01,-6.128299225514453052e-01,-4.890189547300203832e-01,7.046024658772468419e-01,-2.890997715444236227e-01,4.635608572669647209e-01,5.842864457302073822e-01,-5.666939718319126129e-01,-5.000944444503491182e-01,5.426009432874773220e-01,2.989694594091192870e-01,-6.971589965271244270e-03,4.272777561122604872e-01,5.778527241374606938e-01,-8.323328309810329451e-01,5.064943103591675877e-01,6.644449604329197984e-03,-2.760549322266113714e-01,2.719848940858613298e-02,-6.662748673174831993e-01
3.416833667334669400e+01,1.301391093662864207e-01,-6.128407727848681485e-01,-4.890193274861568962e-01,7.046080742361437999e-01,-2.891024279639090588e-01,4.635663702409983378e-01,5.842986199227809818e-01,-5.667110476013598186e-01,-5.001131926552014884e-01,5.426182779284838276e-01,2.989811615840886061e-01,-6.951752828183716329e-03,4.272795131528301926e-01,5.778538014132040823e-01,-8.323408173660175047e-01,5.065051658731221096e-01,6.627878066881556958e-03,-2.760563248564529837e-01,2.719579973169396550e-02,-6.662881124950525980e-01
3.426853707414829842e+01,1.301576616664427699e-01,-6.128515911780734182e-01,-4.890203077121594299e-01,7.046129226189171701e-01,-2.891036787075604297e-01,4.635734891696403626e-01,5.843093378012702566e-01,-5.667284688904526968e-01,-5.001318760810213870e-01,5.426342225696377808e-01,2.989942501697640531e-01,-6.933503076828237063e-03,4.272817808111765148e-01,5.778541370972610780e-01,-8.323483227082146829e-01,5.065166640785961905e-01,6.612220642521523216e-03,-2.760573676077203720e-01,2.719278334199903835e-02,-6.663004843518763876e-01
3.436873747494990283e+01,1.301775927613313677e-01,-6.128623543181804800e-01,-4.890218188422518208e-01,7.046170822580113402e-01,-2.891036756795420382e-01,4.635820125364739641e-01,5.843187365536801625e-01,-5.667461579672993244e-01,-5.001504650140380370e-01,5.426489006552521754e-01,2.990085419874577988e-01,-6.916692643982424137e-03,4.272844899169010446e-01,5.778538033892076653e-01,-8.323553829590724096e-01,5.065287029832243881e-01,6.597399887248202310e-03,-2.760580938899497294e-01,2.718947826333209528e-02,-6.663120542242987332e-01
3.446893787575150725e+01,1.301985450737200567e-01,-6.128730161627332640e-01,-4.890237281283791315e-01,7.046206695024520572e-01,-2.891026736779852002e-01,4.635915941817963515e-01,5.843270426182647359e-01,-5.667639748363577645e-01,-5.001689018707065060e-01,5.426625139704845946e-01,2.990237212240546838e-01,-6.901075391202588123e-03,4.272875195643717761e-01,5.778529175883159175e-01,-8.323620544023694334e-01,5.065411029964785872e-01,6.583287235129513248e-03,-2.760585578981516464e-01,2.718594794921796662e-02,-6.663229365651861524e-01
3.456913827655310456e+01,1.302200120555184748e-01,-6.128835080396994872e-01,-4.890258466402073179e-01,7.046238458178468722e-01,-2.891010303949880234e-01,4.636017433026184964e-01,5.843345716835262049e-01,-5.667817172384356228e-01,-5.001871011977067072e-01,5.426753426413368775e-01,2.990393394320118303e-01,-6.886307108823727305e-03,4.272906971127231057e-01,5.778516420935534414e-01,-8.323684136542156553e-01,5.065536069296673327e-01,6.569702998302190226e-03,-2.760588346128107773e-01,2.718228128287560399e-02,-6.663332889439277373e-01
3.466933867735470898e+01,1.302413381877780552e-01,-6.128937386474716531e-01,-4.890279292651235066e-01,7.046268177863844739e-01,-2.890992064166157394e-01,4.636118244526655774e-01,5.843417286882156558e-01,-5.667991206506910462e-01,-5.002049496719439547e-01,5.426877451346550085e-01,2.990548155293591970e-01,-6.871945515959525068e-03,4.272937981858557777e-01,5.778501844035834889e-01,-8.323745576630514620e-01,5.065658799959369407e-01,6.556416366971774823e-03,-2.760590197998862849e-01,2.717859257721805602e-02,-6.663433120464351544e-01
3.476953907815631339e+01,1.302617189806921094e-01,-6.129035940548662742e-01,-4.890296747082358286e-01,7.046298371068352440e-01,-2.890977652229003159e-01,4.636210575423765912e-01,5.843490078213328109e-01,-5.668158582866317241e-01,-5.002223061005487414e-01,5.427001582581295613e-01,2.990694357996991903e-01,-6.857450260502357710e-03,4.272965466724368833e-01,5.778487971167650672e-01,-8.323806037096485033e-01,5.065775098102703877e-01,6.543145409412625541e-03,-2.760592300108115071e-01,2.717502157485248912e-02,-6.663532496751423118e-01
3.486973947895791781e+01,1.302802009735957445e-01,-6.129129377011242052e-01,-4.890307254923735303e-01,7.046332005945509236e-01,-2.890973731878409003e-01,4.636285178389044637e-01,5.843569925221260286e-01,-5.668315410961153322e-01,-5.002390014208770719e-01,5.427130971602950327e-01,2.990823538922066094e-01,-6.842182919123290102e-03,4.272986147258998613e-01,5.778477779311530504e-01,-8.323866894071092482e-01,5.065880063894883101e-01,6.529557071967909132e-03,-2.760596025824941235e-01,2.717173344808016325e-02,-6.663633887490055807e-01
3.496993987975952223e+01,1.302956817349658902e-01,-6.129216103959107542e-01,-4.890306679580868066e-01,7.046372501814647249e-01,-2.890987995794033205e-01,4.636331359661161056e-01,5.843663554800921922e-01,-5.668457177653498658e-01,-5.002548387005099073e-01,5.427271553305306195e-01,2.990925908216290896e-01,-6.825406997272074824e-03,4.272996227644445533e-01,5.778474696444978465e-01,-8.323929727008669843e-01,5.065968021522480047e-01,6.515267179049609274e-03,-2.760602956373160444e-01,2.716891879889645270e-02,-6.663740593035040183e-01
3.507014028056112664e+01,1.303070479168957629e-01,-6.129294507487880184e-01,-4.890290860619189717e-01,7.046423312080096757e-01,-2.891028204468960583e-01,4.636338324285664836e-01,5.843777771179521352e-01,-5.668579314950169534e-01,-5.002696202448214668e-01,5.427429304145358069e-01,2.990991595671602665e-01,-6.806381932979070973e-03,4.272991897993540511e-01,5.778482158012107073e-01,-8.323996119368984870e-01,5.066033248880683626e-01,6.499885434117901734e-03,-2.760614676018942615e-01,2.716676952257514668e-02,-6.663855940113900811e-01
3.517034068136272396e+01,1.303154985912570174e-01,-6.129366416726617084e-01,-4.890264526755244701e-01,7.046480881939181096e-01,-2.891086056652829583e-01,4.636317774787571677e-01,5.843905625017555838e-01,-5.668686810024620160e-01,-5.002835922254491585e-01,5.427597857130712633e-01,2.991031482572478750e-01,-6.785922355118876800e-03,4.272977611107280360e-01,5.778496323586155281e-01,-8.324064375161462914e-01,5.066082162795636501e-01,6.483791749496604570e-03,-2.760629411292517821e-01,2.716507652973663284e-02,-6.663976490305941747e-01
3.527054108216432837e+01,1.303224851847945842e-01,-6.129434084691517404e-01,-4.890233116036923344e-01,7.046540847332035673e-01,-2.891151580616936889e-01,4.636283793573292566e-01,5.844038456438948037e-01,-5.668785792157424730e-01,-5.002970277069468397e-01,5.427769679715819251e-01,2.991058460940208552e-01,-6.764970753345457555e-03,4.272958363991636865e-01,5.778512891044870203e-01,-8.324132570023548006e-01,5.066122328254981655e-01,6.467485263933411832e-03,-2.760645180344398208e-01,2.716359415421599685e-02,-6.664098103208188073e-01
3.537074148296593279e+01,1.303289396342695861e-01,-6.129498993993177658e-01,-4.890200042142580639e-01,7.046600412209754749e-01,-2.891218419680831042e-01,4.636245400768829183e-01,5.844170671377026949e-01,-5.668880252102329598e-01,-5.003100976321203097e-01,5.427940028014752727e-01,2.991080734169419553e-01,-6.744116144611209812e-03,4.272937259888225370e-01,5.778529224683458532e-01,-8.324199527918381136e-01,5.066158563548498472e-01,6.451295768775663908e-03,-2.760660770807275011e-01,2.716216748613032445e-02,-6.664218159534905928e-01
3.547094188376753721e+01,1.303356442994280107e-01,-6.129562397316983269e-01,-4.890168172196154295e-01,7.046657236978347560e-01,-2.891281245227378394e-01,4.636210169202932274e-01,5.844297586323505822e-01,-5.668973549345203145e-01,-5.003229464405263283e-01,5.428104933405202281e-01,2.991105190960239302e-01,-6.723851815140879581e-03,4.272916906590076835e-01,5.778543120181037773e-01,-8.324264268812937573e-01,5.066194919915363304e-01,6.435499387611386471e-03,-2.760675168841030258e-01,2.716066669007901127e-02,-6.664334471159000239e-01
3.557114228456914162e+01,1.303432319630006553e-01,-6.129625317423110786e-01,-4.890139826767164744e-01,7.046709438498732769e-01,-2.891335756702761994e-01,4.636184224407106091e-01,5.844415428328484374e-01,-5.669068412104036891e-01,-5.003356920684726150e-01,5.428261202528472662e-01,2.991137405318296527e-01,-6.704575320431568376e-03,4.272899416441641729e-01,5.778552804600636250e-01,-8.324326008678033517e-01,5.066234681544147245e-01,6.420318576269289611e-03,-2.760687559132732893e-01,2.715898700514378025e-02,-6.664445281112011399e-01
3.567134268537074604e+01,1.303521858307031267e-01,-6.129688547146526778e-01,-4.890116779870716246e-01,7.046755590086747345e-01,-2.891378681616482149e-01,4.636172244615602844e-01,5.844521335000445461e-01,-5.669166937328943279e-01,-5.003484259490180719e-01,5.428406417289480812e-01,2.991181636554718914e-01,-6.686588485252728878e-03,4.272886406338786691e-01,5.778556936389191989e-01,-8.324384159488328327e-01,5.066280365572820577e-01,6.405922122818772171e-03,-2.760697324896643767e-01,2.715704874488867812e-02,-6.664549263584120808e-01
3.577154308617234335e+01,1.303628395312358135e-01,-6.129752649396987829e-01,-4.890100258967494118e-01,7.046794721513137683e-01,-2.891407775541356417e-01,4.636177460765426583e-01,5.844613354506260627e-01,-5.669270590702157886e-01,-5.003612130119723389e-01,5.428538934856756981e-01,2.991240829286135883e-01,-6.670097403646170139e-03,4.272878997728795647e-01,5.778554605377553832e-01,-8.324438329222315636e-01,5.066333722088747216e-01,6.392425147569917414e-03,-2.760704047874211198e-01,2.715479729736007194e-02,-6.664645523924145332e-01
3.587174348697394777e+01,1.303753771162839414e-01,-6.129817957159039432e-01,-4.890090944963768060e-01,7.046826319003566264e-01,-2.891421822113520168e-01,4.636201656496332091e-01,5.844690445571183446e-01,-5.669380206638037212e-01,-5.003740916838964603e-01,5.428657887662443615e-01,2.991316613434675808e-01,-6.655212438926048045e-03,4.272877816610370361e-01,5.778545332780482546e-01,-8.324488321862332230e-01,5.066395734128689154e-01,6.379889103073492149e-03,-2.760707508334074300e-01,2.715220312508664566e-02,-6.664733598639539514e-01
3.597194388777555218e+01,1.303898330605175737e-01,-6.129884573492019317e-01,-4.890088972211389939e-01,7.046850325238608326e-01,-2.891420633032425469e-01,4.636245168150824325e-01,5.844752477478855068e-01,-5.669495988283062005e-01,-5.003870738881021074e-01,5.428763183402298687e-01,2.991409304227967136e-01,-6.641948223678879187e-03,4.272882993533628770e-01,5.778529071196650824e-01,-8.324534137394552502e-01,5.066466617678805351e-01,6.368321774120951073e-03,-2.760707685072060213e-01,2.714926176507941047e-02,-6.664813455396396691e-01
3.607214428857715660e+01,1.304060922615914997e-01,-6.129952371530050792e-01,-4.890093928507794341e-01,7.046867139353751863e-01,-2.891405048060841643e-01,4.636306884774160086e-01,5.844800230071300895e-01,-5.669617507515832822e-01,-5.004001450446522448e-01,5.428855505035694584e-01,2.991517902199138934e-01,-6.630223659763530460e-03,4.272894163600106654e-01,5.778506204608637731e-01,-8.324575971808992891e-01,5.066545821674650618e-01,6.357677277744434169e-03,-2.760704755411187983e-01,2.714599382883169446e-02,-6.664885493019448992e-01
3.617234468937876102e+01,1.304238900401454293e-01,-6.130020994482052732e-01,-4.890104855095998571e-01,7.046877616939398736e-01,-2.891376935024854711e-01,4.636384248114345241e-01,5.844835393748930574e-01,-5.669743704947072249e-01,-5.004132640703607970e-01,5.428936310785613673e-01,2.991640093186820337e-01,-6.619861918311219923e-03,4.272910466462757628e-01,5.778477548382937590e-01,-8.324614217099507441e-01,5.066632028001175625e-01,6.347856063216768437e-03,-2.760699095201663011e-01,2.714244500231915644e-02,-6.664950541492062897e-01
3.627254509018035833e+01,1.304428121398037987e-01,-6.130089855631728479e-01,-4.890120246664603765e-01,7.046883070040865782e-01,-2.891339189813869059e-01,4.636473252622137498e-01,5.844860569470542444e-01,-5.669872889919627124e-01,-5.004263633787927601e-01,5.429007834138653843e-01,2.991772248335140549e-01,-6.610590439725523744e-03,4.272930546325950929e-01,5.778444349269953317e-01,-8.324649461263790018e-01,5.066723151492729116e-01,6.338704912051466162e-03,-2.760691278820882055e-01,2.713868604599976170e-02,-6.665009861956245896e-01
3.637274549098196275e+01,1.304622947271759092e-01,-6.130158138337575835e-01,-4.890138051347792114e-01,7.046885267158381483e-01,-2.891295736380605219e-01,4.636568445451045295e-01,5.844879268753315760e-01,-5.670002740508464090e-01,-5.004393488802640899e-01,5.429073083845027403e-01,2.991909424093728842e-01,-6.602040933682364922e-03,4.272952551945475297e-01,5.778408285403999756e-01,-8.324682488303373207e-01,5.066816339933054580e-01,6.330016938002723179e-03,-2.760682079173431558e-01,2.713481279481381320e-02,-6.665065146712643163e-01
3.647294589178356716e+01,1.304816243918558161e-01,-6.130224796032880397e-01,-4.890155670725330195e-01,7.046886433247088188e-01,-2.891251526741102085e-01,4.636662926457326694e-01,5.844895913672817356e-01,-5.670130303520672932e-01,-5.004520999818417026e-01,5.429135843918558857e-01,2.992045362217714555e-01,-6.593749379130026296e-03,4.272974136628535091e-01,5.778371466303301451e-01,-8.324714278223632746e-01,5.066907974055294694e-01,6.321531587065424077e-03,-2.760672467691085985e-01,2.713094615818392383e-02,-6.665118519220534221e-01
3.657314629258517158e+01,1.304999381464224673e-01,-6.130288552225717780e-01,-4.890169959822567303e-01,7.046889249717043224e-01,-2.891212540974714140e-01,4.636748348199991598e-01,5.844915836863000536e-01,-5.670251994495464354e-01,-5.004644695873436966e-01,5.429200673636686014e-01,2.992172489767727650e-01,-6.585156024289140139e-03,4.272992458233751956e-01,5.778336432869993766e-01,-8.324746007033779760e-01,5.066993667541984658e-01,6.312934637475137861e-03,-2.760663614332810600e-01,2.712723212001503029e-02,-6.665172534097841828e-01
3.667334669338677600e+01,1.305162234264395371e-01,-6.130347900498953617e-01,-4.890177227110433789e-01,7.046896854433215562e-01,-2.891185787224115344e-01,4.636814915940799531e-01,5.844945281516201741e-01,-5.670363597704174419e-01,-5.004762840973390192e-01,5.429272907540459991e-01,2.992281919109898158e-01,-6.575605386652692494e-03,4.273004179171165373e-01,5.778306157390123987e-01,-8.324779046746867417e-01,5.067068267025058859e-01,6.303858199708118823e-03,-2.760656887584758690e-01,2.712384173869439655e-02,-6.665230177121121979e-01
3.677354709418838041e+01,1.305293180904555650e-01,-6.130401104510244670e-01,-4.890173234505444944e-01,7.046912841715488041e-01,-2.891179301695295245e-01,4.636851387644261857e-01,5.844991401383143881e-01,-5.670460266150256778e-01,-5.004873434091479112e-01,5.429358655434547432e-01,2.992363447915855068e-01,-6.564346252986024040e-03,4.273005466402232111e-01,5.778284043533650216e-01,-8.324814965379787601e-01,5.067125852085848647e-01,6.293880716481307404e-03,-2.760653854460274892e-01,2.712097114709160345e-02,-6.665294865225569465e-01
3.687374749498997772e+01,1.305379104200038998e-01,-6.130446197992034385e-01,-4.890153197369698224e-01,7.046941262338658474e-01,-2.891202148657560089e-01,4.636845073977639564e-01,5.845062260772934115e-01,-5.670536521569290445e-01,-5.004974209168413513e-01,5.429464802387227174e-01,2.992405559162729101e-01,-6.550531679326827492e-03,4.272991991439825665e-01,5.778273926354439149e-01,-8.324855526953272022e-01,5.067159735255081232e-01,6.282526962752332800e-03,-2.760656280499891313e-01,2.711884155255855217e-02,-6.665370446505018975e-01
3.697394789579158214e+01,1.305418579848491578e-01,-6.130482964299085458e-01,-4.890116776472828719e-01,7.046982616457877491e-01,-2.891255287068031365e-01,4.636794648849147382e-01,5.845158932523859541e-01,-5.670591736439886121e-01,-5.005065105051246244e-01,5.429592028561045502e-01,2.992407181445046471e-01,-6.534093321360040507e-03,4.272963537257346012e-01,5.778276025077835332e-01,-8.324900862298114657e-01,5.067169334883503407e-01,6.269717737033459609e-03,-2.760664262257303547e-01,2.711747276136104376e-02,-6.665457355529046390e-01
3.707414829659318656e+01,1.305431608192839932e-01,-6.130514475127745166e-01,-4.890071384105890706e-01,7.047030836274940091e-01,-2.891324956721844086e-01,4.636719492307462831e-01,5.845269364579864790e-01,-5.670634331660672212e-01,-5.005149778095092650e-01,5.429729930214037825e-01,2.992385998615151865e-01,-6.516324604257328623e-03,4.272926877093076170e-01,5.778284449955899404e-01,-8.324948313813618217e-01,5.067164992527329881e-01,6.256153141993548404e-03,-2.760675086437226478e-01,2.711652681198515810e-02,-6.665549837873970818e-01
3.717434869739479097e+01,1.305432428038020010e-01,-6.130542971838985888e-01,-4.890022080080763667e-01,7.047081576034159855e-01,-2.891401443483605505e-01,4.636633337893888429e-01,5.845384818067100863e-01,-5.670670401417395867e-01,-5.005230663809797642e-01,5.429871274680527771e-01,2.992354389391875813e-01,-6.498108959978654564e-03,4.272886534756732968e-01,5.778295302173620529e-01,-8.324996110438352970e-01,5.067153931068930639e-01,6.242360258532386220e-03,-2.760686962759378860e-01,2.711576952971846491e-02,-6.665643845327643424e-01
3.727454909819639539e+01,1.305433167365662450e-01,-6.130570367989691682e-01,-4.889973173763344505e-01,7.047131138255995353e-01,-2.891476477916889443e-01,4.636547882777394824e-01,5.845497856593171448e-01,-5.670705141743648259e-01,-5.005309841482311617e-01,5.430009909897609566e-01,2.992322897524035685e-01,-6.480198004221290366e-03,4.272846363622525567e-01,5.778305265902831112e-01,-8.325042747931531428e-01,5.067142305457614793e-01,6.228787600116462118e-03,-2.760698368717950935e-01,2.711500157000345385e-02,-6.665735935909068433e-01
3.737474949899799981e+01,1.305443858382679678e-01,-6.130598251556261813e-01,-4.889928229939597415e-01,7.047176469192204529e-01,-2.891543224806271684e-01,4.636472802421278128e-01,5.845602337367145074e-01,-5.670742856707291502e-01,-5.005389037134682084e-01,5.430140756318275752e-01,2.992300245375181245e-01,-6.463212561983722008e-03,4.272809552120385712e-01,5.778311603462010781e-01,-8.325086986698241320e-01,5.067135210666263712e-01,6.215805602697293576e-03,-2.760708047343877203e-01,2.711405815518173196e-02,-6.665823269453876598e-01
3.747494989979959712e+01,1.305472437521265350e-01,-6.130627884934611860e-01,-4.889890068815557211e-01,7.047215158825853587e-01,-2.891596283157332192e-01,4.636415750583157691e-01,5.845693411199549550e-01,-5.670786958410451994e-01,-5.005469623524055889e-01,5.430259806911419407e-01,2.992293333923595200e-01,-6.447642667565656356e-03,4.272778623735968839e-01,5.778312155316287502e-01,-8.325127851789452249e-01,5.067136681691334354e-01,6.203706624711430827e-03,-2.760715007204839200e-01,2.711280907449400979e-02,-6.665903607614326321e-01
3.757515030060120154e+01,1.305524745438894907e-01,-6.130660204940172608e-01,-4.889860766017325999e-01,7.047245440871309219e-01,-2.891631686196651785e-01,4.636382359314978330e-01,5.845767522502371971e-01,-5.670839966989522640e-01,-5.005552620142674769e-01,5.430364127161830812e-01,2.992307242762292652e-01,-6.433847564568015952e-03,4.272755437010651858e-01,5.778305340077437569e-01,-8.325164632902012363e-01,5.067149693552857048e-01,6.192704947080451654e-03,-2.760718522405262720e-01,2.711115868408011179e-02,-6.665975313859304752e-01
3.767535070140280595e+01,1.305604527018325856e-01,-6.130695822807888939e-01,-4.889841652591075394e-01,7.047266192774241933e-01,-2.891646901371814349e-01,4.636376238963007546e-01,5.845822409289064270e-01,-5.670903510615163956e-01,-5.005638693217876467e-01,5.430451855070199674e-01,2.992345230099022757e-01,-6.422055705892941620e-03,4.272741185541535924e-01,5.778290154503885612e-01,-8.325196884378645024e-01,5.067176161294436598e-01,6.182936773210966595e-03,-2.760718132586320039e-01,2.710904590697896938e-02,-6.666037353474328908e-01
3.777555110220441037e+01,1.305713431367596933e-01,-6.130735024192224270e-01,-4.889833315003046521e-01,7.047276935711629386e-01,-2.891640830351405733e-01,4.636398978167836638e-01,5.845857103174536551e-01,-5.670978325492300742e-01,-5.005728155712096950e-01,5.430522201153112904e-01,2.992408732756266510e-01,-6.412364753743794200e-03,4.272736397981443668e-01,5.778266173500702374e-01,-8.325224425207954360e-01,5.067216939983251178e-01,6.174460228994616343e-03,-2.760713642925929356e-01,2.710644423312862095e-02,-6.666089293561541229e-01
3.787575150300601479e+01,1.305851011820028662e-01,-6.130777769167153890e-01,-4.889835595139547797e-01,7.047277834591748613e-01,-2.891613809025015414e-01,4.636450143864381812e-01,5.845871929375158205e-01,-5.671064255860126524e-01,-5.005820967322869297e-01,5.430575448443060171e-01,2.992497366171238404e-01,-6.404741579625149346e-03,4.272740938038920855e-01,5.778233550119611373e-01,-8.325247339024425264e-01,5.067271824710054551e-01,6.167255362808073474e-03,-2.760705124138754241e-01,2.710336171936621880e-02,-6.666131303039714018e-01
3.797595190380761920e+01,1.306014725934223353e-01,-6.130823692226171628e-01,-4.889847590306959368e-01,7.047269698054183795e-01,-2.891567607503234827e-01,4.636527281281882518e-01,5.845868506708763457e-01,-5.671160253992100220e-01,-5.005916734482824815e-01,5.430612952488425016e-01,2.992608924395885328e-01,-6.399022264342802725e-03,4.272754004478236389e-01,5.778193015558978907e-01,-8.325265974108416733e-01,5.067339550589174957e-01,6.161224145513038986e-03,-2.760692912476204186e-01,2.709984098942801525e-02,-6.666164152644248331e-01
3.807615230460921651e+01,1.306199935494065378e-01,-6.130872102282285407e-01,-4.889867653231727007e-01,7.047253978469820712e-01,-2.891505430117657371e-01,4.636625913943903110e-01,5.845849747594643597e-01,-5.671264380195946142e-01,-5.006014710359687481e-01,5.430637141353492625e-01,2.992739380096887114e-01,-6.394912098003766553e-03,4.272774131119381202e-01,5.778145879163822940e-01,-8.325280943386168531e-01,5.067417792758512896e-01,6.156190470456246629e-03,-2.760677609726434611e-01,2.709595923394938002e-02,-6.666189214927170648e-01
3.817635270541082093e+01,1.306399906508720066e-01,-6.130921982668019465e-01,-4.889893392060367661e-01,7.047232771940851181e-01,-2.891431915420879517e-01,4.636739543668331187e-01,5.845819858053553641e-01,-5.671373802813656217e-01,-5.006113794856283938e-01,5.430651515618447611e-01,2.992882884555657097e-01,-6.391985580016271325e-03,4.272799186838069918e-01,5.778094028425808659e-01,-8.325293124429797853e-01,5.067503166379544455e-01,6.151900153469457705e-03,-2.760660083214345195e-01,2.709182821046479325e-02,-6.666208464257137312e-01
3.827655310621242535e+01,1.306605809212635361e-01,-6.130971991135412136e-01,-4.889921670359466677e-01,7.047208818300767508e-01,-2.891353136186500250e-01,4.636859650567379254e-01,5.845784337707707889e-01,-5.671484798221489987e-01,-5.006212534610533504e-01,5.430660648379372901e-01,2.993031767668341003e-01,-6.389686419089765819e-03,4.272826375565739188e-01,5.778039928983249585e-01,-8.325303659457303773e-01,5.067591226637320201e-01,6.148020932869468005e-03,-2.760641465801583205e-01,2.708759424340783165e-02,-6.666224476819435640e-01
3.837675350701402976e+01,1.306806718065539885e-01,-6.131020459856019178e-01,-4.889948607115677803e-01,7.047185501114370254e-01,-2.891276599409121073e-01,4.636975693047581948e-01,5.845749979780782146e-01,-5.671592750829970164e-01,-5.006309122995454830e-01,5.430670185248247517e-01,2.993176537945817506e-01,-6.387327533234916227e-03,4.272852236289548800e-01,5.777986624621106460e-01,-8.325313955332559468e-01,5.067676468740464069e-01,6.144142469458100005e-03,-2.760623155886540725e-01,2.708343822411119622e-02,-6.666240430615976154e-01
3.847695390781563418e+01,1.306989611752444880e-01,-6.131065395420909336e-01,-4.889969576735724299e-01,7.047166847677759360e-01,-2.891211246304345450e-01,4.637075107809800478e-01,5.845724871097912612e-01,-5.671692153083888188e-01,-5.006401400119161460e-01,5.430686844352952125e-01,2.993305882513697669e-01,-6.384091049763607022e-03,4.272872643052381125e-01,5.777937737270988361e-01,-8.325325683565318879e-01,5.067752327921175581e-01,6.139776346522210666e-03,-2.760606817404355762e-01,2.707957561080668804e-02,-6.666260105465299235e-01
3.857715430861723860e+01,1.307139373183642539e-01,-6.131104478840668781e-01,-4.889979209046397823e-01,7.047157529018341915e-01,-2.891167452308779917e-01,4.637143309849217632e-01,5.845718392085695880e-01,-5.671776605462302001e-01,-5.006486852824865164e-01,5.430718416337265708e-01,2.993406667112326058e-01,-6.379028305288940090e-03,4.272882804952841118e-01,5.777897467011156030e-01,-8.325340780311214495e-01,5.067811179435225410e-01,6.134356069833685372e-03,-2.760594379826911138e-01,2.707625642862521859e-02,-6.666287883002576242e-01
3.867735470941883591e+01,1.307238789494707398e-01,-6.131135065545398888e-01,-4.889971389294558990e-01,7.047162859894825493e-01,-2.891157027080033526e-01,4.637163692455342212e-01,5.845741216772191162e-01,-5.671838816478536049e-01,-5.006562614690875934e-01,5.430773764360866673e-01,2.993463936096779632e-01,-6.371059845725234733e-03,4.272877266145256869e-01,5.777870592066511879e-01,-8.325361446371756236e-01,5.067844338561963147e-01,6.127237067649439657e-03,-2.760588038162837266e-01,2.707376526959680979e-02,-6.666328746679603956e-01
3.877755511022044033e+01,1.307269215957420350e-01,-6.131154287063779185e-01,-4.889939499707981474e-01,7.047188595583060433e-01,-2.891192758011713604e-01,4.637118269309511986e-01,5.845804907302929454e-01,-5.671870882618871290e-01,-5.006625582428956278e-01,5.430862479834880352e-01,2.993461494972034509e-01,-6.359017840752920203e-03,4.272850124353687606e-01,5.777862277843007766e-01,-8.325390060178089469e-01,5.067842400081853382e-01,6.117720654016401902e-03,-2.760590165063640522e-01,2.707241017051707430e-02,-6.666388089856722932e-01
3.887775551102204474e+01,1.307248222504461821e-01,-6.131164842435906648e-01,-4.889889995369630649e-01,7.047229389248034215e-01,-2.891262566750144036e-01,4.637024048743282334e-01,5.845898823365560659e-01,-5.671880211808949523e-01,-5.006678915742082125e-01,5.430975448799790772e-01,2.993414823836058059e-01,-6.344031015677193026e-03,4.272807253013810591e-01,5.777867408293845264e-01,-8.325424306489683790e-01,5.067814405901663877e-01,6.106429483429568102e-03,-2.760598404172577292e-01,2.707189543009702951e-02,-6.666460854251257118e-01
3.897795591182364916e+01,1.307205387632610905e-01,-6.131171337224462503e-01,-4.889833379387742429e-01,7.047276166205448389e-01,-2.891346226158215127e-01,4.636909559650217449e-01,5.846004730908850311e-01,-5.671879406004157742e-01,-5.006727613918340314e-01,5.431097560556422676e-01,2.993349625837725680e-01,-6.327942181776746028e-03,4.272758032879925838e-01,5.777877834639689736e-01,-8.325460461548375157e-01,5.067775320814748019e-01,6.094463607228228254e-03,-2.760609013042423787e-01,2.707173336316793383e-02,-6.666538563522740324e-01
3.907815631262525358e+01,1.307156819471861631e-01,-6.131176317097291051e-01,-4.889775236356356802e-01,7.047323971538898002e-01,-2.891432776168086360e-01,4.636790297905715730e-01,5.846112608071770689e-01,-5.671875393769575391e-01,-5.006774299739040757e-01,5.431220700795043044e-01,2.993279767779009060e-01,-6.311730802487935249e-03,4.272707387067680163e-01,5.777889304759108446e-01,-8.325496575532053134e-01,5.067733209671035910e-01,6.082439280313142738e-03,-2.760620043236842736e-01,2.707166242483904570e-02,-6.666616637200500906e-01
3.917835671342685799e+01,1.307115947483587781e-01,-6.131181907331142433e-01,-4.889720221494279206e-01,7.047368676972068924e-01,-2.891513082566297133e-01,4.636679181687490270e-01,5.846214104576932247e-01,-5.671873954995427791e-01,-5.006821163217552995e-01,5.431338110569665645e-01,2.993216810205814871e-01,-6.296212800749319098e-03,4.272659419712245832e-01,5.777898276769454222e-01,-8.325531025761108150e-01,5.067694797810498031e-01,6.070869913114802091e-03,-2.760629871846455030e-01,2.707146462727682765e-02,-6.666691260756626436e-01
3.927855711422845530e+01,1.307093522460541501e-01,-6.131189812811672635e-01,-4.889672060645078311e-01,7.047406980868732296e-01,-2.891579836993763419e-01,4.636586551475567197e-01,5.846302541730579172e-01,-5.671879720897086141e-01,-5.006869961599308416e-01,5.431444386298048821e-01,2.993170007407987554e-01,-6.282040559001656616e-03,4.272617415968315568e-01,5.777901919026853239e-01,-8.325562516698431503e-01,5.067665471063144134e-01,6.060166071593433949e-03,-2.760637201488844172e-01,2.707096553970495326e-02,-6.666759385605969257e-01
3.937875751503005972e+01,1.307097616526853578e-01,-6.131201318033444592e-01,-4.889633550277086571e-01,7.047436408232747862e-01,-2.891627556945778887e-01,4.636520170052287892e-01,5.846372912422594936e-01,-5.671896174015071956e-01,-5.006922019361796927e-01,5.431535479761695484e-01,2.993146307419309315e-01,-6.269702919187904872e-03,4.272583842010106436e-01,5.777898110126216125e-01,-8.325590079949416467e-01,5.067649275749023241e-01,6.050635477238995238e-03,-2.760641060308554606e-01,2.707003428840428980e-02,-6.666818729106136487e-01
3.947895791583166414e+01,1.307133623138034551e-01,-6.131217287099930413e-01,-4.889606557483402449e-01,7.047455310708065079e-01,-2.891652585772015449e-01,4.636485222502305659e-01,5.846421881126497855e-01,-5.671925648215053739e-01,-5.006978228214568061e-01,5.431608698105852007e-01,2.993150352017497906e-01,-6.259525182753222436e-03,4.272560345031358175e-01,5.777885438901229076e-01,-8.325613074261957181e-01,5.067648918678226977e-01,6.042483007071180849e-03,-2.760640801977091163e-01,2.706858355671291558e-02,-6.666867774557502235e-01
3.957915831663326856e+01,1.307204257080973320e-01,-6.131238163723506940e-01,-4.889592019981887083e-01,7.047462866578722007e-01,-2.891653092676522707e-01,4.636484316212590162e-01,5.846447783899444417e-01,-5.671969328687846978e-01,-5.007039047099235418e-01,5.431662703839511552e-01,2.993184476724207177e-01,-6.251669110644970245e-03,4.272547753245333202e-01,5.777863204424360521e-01,-8.325631185526449762e-01,5.067665767150881795e-01,6.035810693639414963e-03,-2.760636105692920172e-01,2.706656958502610261e-02,-6.666905771203195386e-01
3.967935871743487297e+01,1.307309554473937985e-01,-6.131263971225459075e-01,-4.889589946115166508e-01,7.047459080768843087e-01,-2.891629072717727955e-01,4.636517480872423547e-01,5.846450628382227066e-01,-5.672027251949415261e-01,-5.007104502189466677e-01,5.431697514835411855e-01,2.993248710805030410e-01,-6.246132923312708134e-03,4.272546075884817163e-01,5.777831416006855569e-01,-8.325644426775790086e-01,5.067699848957157860e-01,6.030617725022858859e-03,-2.760626976181468906e-01,2.706399217079633393e-02,-6.666932734229110702e-01
3.977955911823647739e+01,1.307446872766575563e-01,-6.131294312535976454e-01,-4.889599414850629988e-01,7.047444784842641363e-01,-2.891582346808436177e-01,4.636582168473402099e-01,5.846432093799271978e-01,-5.672098305840871380e-01,-5.007174186890994694e-01,5.431714504330034110e-01,2.993340777269495323e-01,-6.242751300708195700e-03,4.272554503202117826e-01,5.777790793198741559e-01,-8.325653138185376001e-01,5.067749852377263498e-01,6.026800444830404842e-03,-2.760613743695125022e-01,2.706089466853329670e-02,-6.666949444763899946e-01
3.987975951903807470e+01,1.307610890739911991e-01,-6.131328370194156774e-01,-4.889618575780433352e-01,7.047421637004419592e-01,-2.891516561715830602e-01,4.636673253309435694e-01,5.846395530958646836e-01,-5.672180229528472895e-01,-5.007247261841608621e-01,5.431716400923606303e-01,2.993456092871066843e-01,-6.241195382285395776e-03,4.272571406469067856e-01,5.777742765788822510e-01,-8.325657987073107336e-01,5.067813126181446304e-01,6.024152352200679711e-03,-2.760597064013237678e-01,2.705736398980387175e-02,-6.666957449878976316e-01
3.997995991983967912e+01,1.307793608506352401e-01,-6.131364906348006905e-01,-4.889644649121494546e-01,7.047392122098569134e-01,-2.891437190061472151e-01,4.636783031976749458e-01,5.846345962252053052e-01,-5.672269613503626573e-01,-5.007322454911161680e-01,5.431707288580097659e-01,2.993587768107148217e-01,-6.240972767000467492e-03,4.272594337977020373e-01,5.777689473804684672e-01,-8.325659967899384784e-01,5.067885679629995366e-01,6.022364101802044761e-03,-2.760577918442116974e-01,2.705353060323215098e-02,-6.666959062588516671e-01
4.008016032064128353e+01,1.307984347509680567e-01,-6.131402262754437338e-01,-4.889673925715496416e-01,7.047359551609565509e-01,-2.891351530321298879e-01,4.636901223373880998e-01,5.846290081654826887e-01,-5.672361899582888389e-01,-5.007398061201562278e-01,5.431692606627227526e-01,2.993726607219077129e-01,-6.241427513311774943e-03,4.272620031036852839e-01,5.777633767512690977e-01,-8.325660402267108795e-01,5.067962182473236821e-01,6.021023503832591446e-03,-2.760557613815033395e-01,2.704956853449942689e-02,-6.666957361849452646e-01
4.018036072144288795e+01,1.308169750525059183e-01,-6.131438360779265517e-01,-4.889701767028885593e-01,7.047328063661978392e-01,-2.891268706825627088e-01,4.637014968701683171e-01,5.846236254725946102e-01,-5.672451380907959084e-01,-5.007471943046784002e-01,5.431679149756455383e-01,2.993861108192130693e-01,-6.241740139179879389e-03,4.272644399978965390e-01,5.777579207417985474e-01,-8.325660938921682908e-01,5.068035964951539407e-01,6.019615524020148316e-03,-2.760537782492219483e-01,2.704569536634419610e-02,-6.666956192561482863e-01
4.028056112224449237e+01,1.308333781659030415e-01,-6.131470701397218059e-01,-4.889722605152874713e-01,7.047302623020462731e-01,-2.891199669759151325e-01,4.637108831463321312e-01,5.846194518608019974e-01,-5.672531201945689716e-01,-5.007541530012856734e-01,5.431675068022988606e-01,2.993977462755521013e-01,-6.240927622067544457e-03,4.272662540153281396e-01,5.777530064264491116e-01,-8.325663553751010415e-01,5.068099017795310024e-01,6.017522283622275814e-03,-2.760520382360867053e-01,2.704217223856215935e-02,-6.666960165567062946e-01
4.038076152304609678e+01,1.308457726349514239e-01,-6.131496365191926312e-01,-4.889729942803438534e-01,7.047289021089759853e-01,-2.891157195160943827e-01,4.637164797464276011e-01,5.846176582027297064e-01,-5.672593358488076110e-01,-5.007603818897871095e-01,5.431689866845775816e-01,2.994059556382397402e-01,-6.237843398939732671e-03,4.272668727929246346e-01,5.777491319034909756e-01,-8.325670549785498809e-01,5.068141992224993730e-01,6.014023059426267144e-03,-2.760507696835130531e-01,2.703930384800621450e-02,-6.666974657651408842e-01
4.048096192384769410e+01,1.308520191365811214e-01,-6.131512012355929686e-01,-4.889716353321316711e-01,7.047293875914703021e-01,-2.891155884924453412e-01,4.637162274812340890e-01,5.846195825293661885e-01,-5.672628697652265517e-01,-5.007655373731980664e-01,5.431734407007515752e-01,2.994088968289846386e-01,-6.231177366263609789e-03,4.272656420695829516e-01,5.777468662950723255e-01,-8.325684557198053115e-01,5.068154199951078187e-01,6.008294283749151740e-03,-2.760502334856125284e-01,2.703743844858647050e-02,-6.667005811542500160e-01
4.058116232464929851e+01,1.308508681412195174e-01,-6.131515690747186831e-01,-4.889677529047267712e-01,7.047321063169764699e-01,-2.891204263332092239e-01,4.637089243466591126e-01,5.846260099429795298e-01,-5.672631866736057571e-01,-5.007694220664004048e-01,5.431815021015060641e-01,2.994054969503426311e-01,-6.220168276186035725e-03,4.272621840331728427e-01,5.777465383731511528e-01,-8.325707101252142195e-01,5.068129422614918722e-01,5.999849772522173642e-03,-2.760505802648314799e-01,2.703677863985538485e-02,-6.667057217874579056e-01
4.068136272545090293e+01,1.308470695347634660e-01,-6.131514834407360004e-01,-4.889630063440728591e-01,7.047355949652133189e-01,-2.891269922756565247e-01,4.636991442017923681e-01,5.846339873793302555e-01,-5.672623191880622473e-01,-5.007728139683065294e-01,5.431907606325200311e-01,2.993998567805878919e-01,-6.207733728499963480e-03,4.272579669672800229e-01,5.777468735915851639e-01,-8.325732326025339081e-01,5.068091494428152988e-01,5.990495622121111766e-03,-2.760512254727582326e-01,2.703654870054782861e-02,-6.667115284869153946e-01
4.078156312625250735e+01,1.308425934339788044e-01,-6.131512558102906185e-01,-4.889580721730072965e-01,7.047392454571231868e-01,-2.891339469712798094e-01,4.636887806287063318e-01,5.846422821488943544e-01,-5.672611159863830688e-01,-5.007760271198630209e-01,5.432002264624099519e-01,2.993936659313294335e-01,-6.195062971435712565e-03,4.272535837789796509e-01,5.777473591328750047e-01,-8.325757869053167504e-01,5.068050226735375530e-01,5.980995587819144289e-03,-2.760519343084208432e-01,2.703643029259494499e-02,-6.667174405699546336e-01
4.088176352705411176e+01,1.308385550748938086e-01,-6.131510638254267231e-01,-4.889533293130721159e-01,7.047427134501723645e-01,-2.891405342015929691e-01,4.636789042326882049e-01,5.846501943399188272e-01,-5.672600596943485618e-01,-5.007792367252098531e-01,5.432093431995460575e-01,2.993878770093730823e-01,-6.182821487285727197e-03,4.272493646296188774e-01,5.777477102944076348e-01,-8.325782418093662374e-01,5.068011149816631367e-01,5.971786509584719668e-03,-2.760525765623754735e-01,2.703624440558386258e-02,-6.667231420993030566e-01
4.098196392785571618e+01,1.308358464228232543e-01,-6.131510497816388128e-01,-4.889490807115151605e-01,7.047457237359506799e-01,-2.891461494140484811e-01,4.636703711653217264e-01,5.846571645491041025e-01,-5.672595365814825374e-01,-5.007825831597227939e-01,5.432176663455059451e-01,2.993832518329384573e-01,-6.171540916656566289e-03,4.272455734897437352e-01,5.777476996181790669e-01,-8.325804925950341939e-01,5.067978687580220187e-01,5.963217467697775297e-03,-2.760530482157030341e-01,2.703584791033070839e-02,-6.667283807264352546e-01
4.108216432865731349e+01,1.308351361723684714e-01,-6.131513206278720318e-01,-4.889455533412904731e-01,7.047480702401712760e-01,-2.891503397220371863e-01,4.636638231244868957e-01,5.846627738816040365e-01,-5.672598365610524995e-01,-5.007861719700130720e-01,5.432248632950743561e-01,2.993803614316586925e-01,-6.161619058468906923e-03,4.272424081390993611e-01,5.777471568907951438e-01,-8.325824610472201126e-01,5.067956157562698571e-01,5.955549782749736641e-03,-2.760532714400094068e-01,2.703513355888063907e-02,-6.667329676915729753e-01
4.118236472945891791e+01,1.308368697474172893e-01,-6.131519479665221706e-01,-4.889428982010580182e-01,7.047496160226704998e-01,-2.891528039048885113e-01,4.636596873543600839e-01,5.846667439510260245e-01,-5.672611531900693116e-01,-5.007900738739274882e-01,5.432307133362435092e-01,2.993795860465804370e-01,-6.153319869957542612e-03,4.272400001666297742e-01,5.777459691434713163e-01,-8.325840954553714868e-01,5.067945770928882210e-01,5.948957015643518108e-03,-2.760531945974252221e-01,2.703402998450782010e-02,-6.667367778236851228e-01
4.128256513026052232e+01,1.308412693011441197e-01,-6.131529680534354432e-01,-4.889411903151836825e-01,7.047502932774082351e-01,-2.891533924078703022e-01,4.636581766454139775e-01,5.846689368794307784e-01,-5.672635836692876410e-01,-5.007943247605485260e-01,5.432351076502127674e-01,2.993811151301640772e-01,-6.146773466671385036e-03,4.272384149704779865e-01,5.777440806520326433e-01,-8.325853706134839216e-01,5.067948632471840353e-01,5.943524967593522175e-03,-2.760527922406059154e-01,2.703250170171543273e-02,-6.667397495404877583e-01
4.138276553106212674e+01,1.308483337160098459e-01,-6.131543817979085986e-01,-4.889404287337394961e-01,7.047501033324675701e-01,-2.891521073421889354e-01,4.636592893344176347e-01,5.846693552973326602e-01,-5.672671288432054038e-01,-5.007989256901939079e-01,5.432380493113889708e-01,2.993849473462832922e-01,-6.141976122473460573e-03,4.272376517579861699e-01,5.777414929369134589e-01,-8.325862878201008010e-01,5.067964740612903585e-01,5.939251680125639393e-03,-2.760520651127318370e-01,2.703054910623567050e-02,-6.667418848484442107e-01
4.148296593186373116e+01,1.308578386037618502e-01,-6.131561547626892539e-01,-4.889405365325034669e-01,7.047491166500552406e-01,-2.891491024849893177e-01,4.636628093044364296e-01,5.846681423436994596e-01,-5.672716932000642087e-01,-5.008038428944172615e-01,5.432396532873862149e-01,2.993908905702256651e-01,-6.138790269540913766e-03,4.272376435456952115e-01,5.777382647631580381e-01,-8.325868748783135098e-01,5.067992987401656046e-01,5.936047435077251855e-03,-2.760510401475081421e-01,2.702820847502975313e-02,-6.667432493427650764e-01
4.158316633266532847e+01,1.308693363054341252e-01,-6.131582171639753387e-01,-4.889413608129594691e-01,7.047474728265010757e-01,-2.891446832793547195e-01,4.636683059848320521e-01,5.846655816659522831e-01,-5.672770848718493575e-01,-5.008090077760076753e-01,5.432401464390258505e-01,2.993985618886920719e-01,-6.136944498365006460e-03,4.272382571593452139e-01,5.777345121404200423e-01,-8.325871860957614334e-01,5.068031158515938772e-01,5.933734754597227122e-03,-2.760497704691647902e-01,2.702555196628790568e-02,-6.667439722074078867e-01
4.168336673346693289e+01,1.308821558913471073e-01,-6.131604638714154287e-01,-4.889426727022975205e-01,7.047453805922582193e-01,-2.891393068343070527e-01,4.636751343512626189e-01,5.846620974199658871e-01,-5.672830156342895114e-01,-5.008143169089898095e-01,5.432398675203367056e-01,2.994073875997971812e-01,-6.136033557751116065e-03,4.272392932338752169e-01,5.777304083229627407e-01,-8.325873022846318472e-01,5.068075933261853017e-01,5.932048401145920830e-03,-2.760483353924566563e-01,2.702268761942937247e-02,-6.667442462150776628e-01
4.178356713426853730e+01,1.308954031611078150e-01,-6.131627544081086345e-01,-4.889441673534136168e-01,7.047431178119035744e-01,-2.891335819248066485e-01,4.636824349256824518e-01,5.846582542700683449e-01,-5.672891009068570245e-01,-5.008196320386237854e-01,5.432392671785548632e-01,2.994166032130690658e-01,-6.135518354818739022e-03,4.272404862134231429e-01,5.777261838096591218e-01,-8.325873307616601382e-01,5.068122884573752485e-01,5.930635377495181021e-03,-2.760468404226633088e-01,2.701975935510241011e-02,-6.667443277272264712e-01
4.188376753507014172e+01,1.309079606436097665e-01,-6.131649129506048235e-01,-4.889454639449097306e-01,7.047410314841368040e-01,-2.891282689917523130e-01,4.636891337763422993e-01,5.846547573890412686e-01,-5.672948597527674996e-01,-5.008247800814054074e-01,5.432389079541235510e-01,2.994252534494494800e-01,-6.134725955001485605e-03,4.272415043513260735e-01,5.777221263439916710e-01,-8.325874053481294723e-01,5.068166479014252213e-01,5.929054926728339475e-03,-2.760454172555892871e-01,2.701694697518429097e-02,-6.667445366940534246e-01
4.198396793587174614e+01,1.309184875970330064e-01,-6.131667283289042869e-01,-4.889461056810938122e-01,7.047395377417815521e-01,-2.891242801419813824e-01,4.636939425177893370e-01,5.846524524581198090e-01,-5.672997148789805655e-01,-5.008295531250660515e-01,5.432394642806934737e-01,2.994321922412937487e-01,-6.132849582047085989e-03,4.272419497101200281e-01,5.777185809140522599e-01,-8.325876863698711272e-01,5.068200076774220797e-01,5.926778532240221248e-03,-2.760442237775639351e-01,2.701446616278131013e-02,-6.667452566545051251e-01
4.208416833667335055e+01,1.309254200088441067e-01,-6.131679540264578510e-01,-4.889455597919799001e-01,7.047391218517844447e-01,-2.891226791482696123e-01,4.636953583108668897e-01,5.846523256669923230e-01,-5.673029926361989883e-01,-5.008337084285726659e-01,5.432417224851228132e-01,2.994360827323706564e-01,-6.128948618017385046e-03,4.272413581615398526e-01,5.777159497525427012e-01,-8.325883606572640483e-01,5.068215931672784835e-01,5.923189917737135997e-03,-2.760434440654414012e-01,2.701256848222876802e-02,-6.667469347362751098e-01
4.218436873747494786e+01,1.309270866708353021e-01,-6.131683264851123250e-01,-4.889432572974324320e-01,7.047403023052938309e-01,-2.891246024978896267e-01,4.636917754333007013e-01,5.846554308624669627e-01,-5.673039729863252889e-01,-5.008369867355537686e-01,5.432465224021872929e-01,2.994354967247624399e-01,-6.122018652852212299e-03,4.272392341664375537e-01,5.777146622111811736e-01,-8.325896276164116427e-01,5.068205768065465744e-01,5.917630320014756126e-03,-2.760432745935805787e-01,2.701152264575525444e-02,-6.667500485343451633e-01
4.228456913827655228e+01,1.309257282556922641e-01,-6.131681995418590825e-01,-4.889399668216371508e-01,7.047423869533376850e-01,-2.891285267380224733e-01,4.636853475272401659e-01,5.846603646366979046e-01,-5.673036208579910200e-01,-5.008397438574211380e-01,5.432527379411862256e-01,2.994323550815370383e-01,-6.113411937552183477e-03,4.272362508310486029e-01,5.777141356187665000e-01,-8.325912184866353094e-01,5.068180735556971905e-01,5.910970188733862506e-03,-2.760434485679921224e-01,2.701096672938922000e-02,-6.667539597900788984e-01
4.238476953907815670e+01,1.309235926128040073e-01,-6.131679296659514611e-01,-4.889364521689571474e-01,7.047446802205681315e-01,-2.891329259858416156e-01,4.636782330474423786e-01,5.846657131217076753e-01,-5.673029072404044415e-01,-5.008423306299230049e-01,5.432592445444748286e-01,2.994285777367625689e-01,-6.104473014842283669e-03,4.272330732772299799e-01,5.777137949637229930e-01,-8.325928673460080143e-01,5.068151969397358680e-01,5.904092799906253755e-03,-2.760437029573836187e-01,2.701053970894596798e-02,-6.667580293809904912e-01
4.248496993987976111e+01,1.309214760165066382e-01,-6.131676444360302236e-01,-4.889329796741880285e-01,7.047469355484931031e-01,-2.891372617272116585e-01,4.636711951401613074e-01,5.846709732861722353e-01,-5.673021783116279915e-01,-5.008448686799384930e-01,5.432656478911525033e-01,2.994248407936211942e-01,-6.095670130756829057e-03,4.272299314060253872e-01,5.777134422094429844e-01,-8.325944825421092155e-01,5.068123388789310679e-01,5.897315570778095990e-03,-2.760439473365790541e-01,2.701011488122124007e-02,-6.667620323881586764e-01
4.258517034068136553e+01,1.309200269284863383e-01,-6.131674478682007656e-01,-4.889297661465688005e-01,7.047489522661389838e-01,-2.891410955830641671e-01,4.636648551861763945e-01,5.846757357294651847e-01,-5.673017161363151928e-01,-5.008474572182523010e-01,5.432716271758925020e-01,2.994216947922213046e-01,-6.087384211137645933e-03,4.272270123722033963e-01,5.777129162027249132e-01,-8.325959895725743021e-01,5.068098185734384309e-01,5.890896765715592127e-03,-2.760441081294263133e-01,2.700958907835333128e-02,-6.667657858550390948e-01
4.268537074148296995e+01,1.309197459977794464e-01,-6.131674204160337815e-01,-4.889269788697818142e-01,7.047505755900493885e-01,-2.891440893093972231e-01,4.636596928007925000e-01,5.846796846816580961e-01,-5.673017386657100980e-01,-5.008501730395542584e-01,5.432769351089422605e-01,2.994195647095974078e-01,-6.079908861634074173e-03,4.272244605842575593e-01,5.777120926737728812e-01,-8.325973310850948161e-01,5.068078825033014434e-01,5.885035496204981884e-03,-2.760441286087972901e-01,2.700888266782307257e-02,-6.667691487874646272e-01
4.278557114228456726e+01,1.309209860607724596e-01,-6.131676189705649316e-01,-4.889247356019526536e-01,7.047516966242863834e-01,-2.891460047972757574e-01,4.636560458338401247e-01,5.846825980035200709e-01,-5.673023997376480665e-01,-5.008530705224396584e-01,5.432813979161232876e-01,2.994187499597102398e-01,-6.073450367702968103e-03,4.272223777044060755e-01,5.777108842361970975e-01,-8.325984668774182307e-01,5.068067044284507716e-01,5.879871720852543511e-03,-2.760439688965879435e-01,2.700793955245384126e-02,-6.667720221536450609e-01
4.288577154308617168e+01,1.309239521412020046e-01,-6.131680768602949527e-01,-4.889231045756504135e-01,7.047522523604293765e-01,-2.891467040728313842e-01,4.636541103696749655e-01,5.846843471865180719e-01,-5.673037890765547653e-01,-5.008561816294090363e-01,5.432849153388309427e-01,2.994194243934466537e-01,-6.068127694608692162e-03,4.272208226485921800e-01,5.777092403870137671e-01,-8.325993738973479497e-01,5.068063853887050385e-01,5.875486245384590328e-03,-2.760436059637181305e-01,2.700672717041155413e-02,-6.667743488841670896e-01
4.298597194388777609e+01,1.309287014501548663e-01,-6.131688038511893257e-01,-4.889221044978873665e-01,7.047522256775761162e-01,-2.891461492972625114e-01,4.636539407271784152e-01,5.846848973528170346e-01,-5.673059322934471682e-01,-5.008595159068683911e-01,5.432874606340348800e-01,2.994216362986196756e-01,-6.063972487423125238e-03,4.272198115864839219e-01,5.777071475066449802e-01,-8.326000462427435300e-01,5.068069537037699357e-01,5.871900722647475056e-03,-2.760430336301317178e-01,2.700523649520467778e-02,-6.667761138719947578e-01
4.308617234468938051e+01,1.309351433860679315e-01,-6.131697861466787192e-01,-4.889217045501191850e-01,7.047516453423419147e-01,-2.891444027668341188e-01,4.636554494597572296e-01,5.846843072552792009e-01,-5.673087908859327788e-01,-5.008630604851290746e-01,5.432890805742786045e-01,2.994253083999686149e-01,-6.060929071025658935e-03,4.272193179414742192e-01,5.777046288589186007e-01,-8.326004951615203487e-01,5.068083649732388896e-01,5.869077652607585481e-03,-2.760422625647966366e-01,2.700348203568421132e-02,-6.667773439724689055e-01
4.318637274549098493e+01,1.309430395347282727e-01,-6.131709863876588784e-01,-4.889218243882448856e-01,7.047505860088602025e-01,-2.891416269128780359e-01,4.636584073553436380e-01,5.846827292774651186e-01,-5.673122622382100744e-01,-5.008667800784077917e-01,5.432898954476799158e-01,2.994302378591587876e-01,-6.058854450103196704e-03,4.272192723906808043e-01,5.777017445910686000e-01,-8.326007490516501575e-01,5.068105020765928392e-01,5.866920382351349661e-03,-2.760413202857047721e-01,2.700150183604370369e-02,-6.667781080033075014e-01
4.328657314629258934e+01,1.309520036692730927e-01,-6.131723436524902926e-01,-4.889223341426068292e-01,7.047491682187820849e-01,-2.891380843017928304e-01,4.636624434363953995e-01,5.846804094336328639e-01,-5.673161796210683949e-01,-5.008706169848264889e-01,5.432900990579302425e-01,2.994360962747817934e-01,-6.057518309150157314e-03,4.272195628649462784e-01,5.776985917337347232e-01,-8.326008534611604173e-01,5.068131751732002366e-01,5.865273106085230718e-03,-2.760402511598719077e-01,2.699935747581924325e-02,-6.667785167446055317e-01
4.338677354709418665e+01,1.309615017501897516e-01,-6.131737734569988607e-01,-4.889230544179907212e-01,7.047475584012767857e-01,-2.891341376350436976e-01,4.636670449598956911e-01,5.846776873687382636e-01,-5.673203121918877212e-01,-5.008744910864124655e-01,5.432899587242955297e-01,2.994424296823553489e-01,-6.056603012468469646e-03,4.272200345488381679e-01,5.776953042009628225e-01,-8.326008710881345198e-01,5.068161217023168241e-01,5.863920865135729445e-03,-2.760391164033380029e-01,2.699713406988946823e-02,-6.667787229388348891e-01
4.348697394789579107e+01,1.309708519253157122e-01,-6.131751677544750034e-01,-4.889237562936255554e-01,7.047459688730310923e-01,-2.891302497491626822e-01,4.636715574173531640e-01,5.846749963584348952e-01,-5.673243649946392297e-01,-5.008782998490987071e-01,5.432898152816153514e-01,2.994486585543233992e-01,-6.055703604167577032e-03,4.272204898806488682e-01,5.776920527902044133e-01,-8.326008817807121209e-01,5.068190063830861902e-01,5.862589547949383431e-03,-2.760379940811668042e-01,2.699494026847554587e-02,-6.667789212908447061e-01
4.358717434869739549e+01,1.309792245298385949e-01,-6.131763949356745513e-01,-4.889241613231836703e-01,7.047446578382499105e-01,-2.891269836157484008e-01,4.636751845348018874e-01,5.846728633090741978e-01,-5.673279789598844047e-01,-5.008819183227229965e-01,5.432900830803037984e-01,2.994540778000560066e-01,-6.054327808164433784e-03,4.272206885523955333e-01,5.776890451823173400e-01,-8.326009825370888073e-01,5.068214212145392139e-01,5.860945890092768805e-03,-2.760369791074462897e-01,2.699290825714120365e-02,-6.667793484678611327e-01
4.368737474949899990e+01,1.309856420862961779e-01,-6.131772998288181897e-01,-4.889239415347808593e-01,7.047439293886559319e-01,-2.891250023414663195e-01,4.636769882728015157e-01,5.846719087577055829e-01,-5.673307309047761482e-01,-5.008851991410290250e-01,5.432912499863484790e-01,2.994578567658494062e-01,-6.051896028183509531e-03,4.272203475098202419e-01,5.776865259415651099e-01,-8.326012875055160967e-01,5.068228854755942869e-01,5.858597474252497626e-03,-2.760361832452882247e-01,2.699119375679269808e-02,-6.667802830994871144e-01
4.378757515030060432e+01,1.309889793045763973e-01,-6.131777036995915697e-01,-4.889227194309760938e-01,7.047441335034897447e-01,-2.891250691680485874e-01,4.636758888264371214e-01,5.846728468720756577e-01,-5.673321335330577808e-01,-5.008879725216653922e-01,5.432938773813115185e-01,2.994590392349260610e-01,-6.047741347756784881e-03,4.272191409523899419e-01,5.776847765156170045e-01,-8.326019279843016596e-01,5.068228457250575358e-01,5.855092730235220491e-03,-2.760357351068284393e-01,2.698997602367883206e-02,-6.667820457777028365e-01
4.388777555110220874e+01,1.309888927391815727e-01,-6.131775517369423278e-01,-4.889203822906899033e-01,7.047453778168831784e-01,-2.891274166303823279e-01,4.636715570956522203e-01,5.846758986924878165e-01,-5.673320373899045643e-01,-5.008901894661952348e-01,5.432981356030175402e-01,2.994573358865948998e-01,-6.041663603967946036e-03,4.272169730804823984e-01,5.776838794643750497e-01,-8.326029430183715663e-01,5.068211350159553819e-01,5.850289247737882128e-03,-2.760356723362530906e-01,2.698930900193536112e-02,-6.667847345251964875e-01
4.398797595190380605e+01,1.309873221428703716e-01,-6.131771524561445696e-01,-4.889175840080510205e-01,7.047470611863816403e-01,-2.891307297190953141e-01,4.636658543065608762e-01,5.846798398422028420e-01,-5.673312823638959612e-01,-5.008921482225235922e-01,5.433030577855366694e-01,2.994543984791769864e-01,-6.034814635218171790e-03,4.272144105677142534e-01,5.776833452509239075e-01,-8.326041056644375438e-01,5.068187105744059728e-01,5.844956487480777209e-03,-2.760357711636119982e-01,2.698888258041023253e-02,-6.667877985493434467e-01
4.408817635270541047e+01,1.309851426305222721e-01,-6.131766463954037016e-01,-4.889146141313598370e-01,7.047489118095138227e-01,-2.891344173372615289e-01,4.636596183462934340e-01,5.846841142583044659e-01,-5.673302498248629089e-01,-5.008939793447160227e-01,5.433082121793509911e-01,2.994509669492301240e-01,-6.027704449973235803e-03,4.272117015941495621e-01,5.776829601256997515e-01,-8.326053165166538150e-01,5.068160007085577012e-01,5.839448208716623533e-03,-2.760359341044354986e-01,2.698855836240754077e-02,-6.667909907148827919e-01
4.418837675350701488e+01,1.309830424849610098e-01,-6.131761442653336225e-01,-4.889116998714181928e-01,7.047507159328628701e-01,-2.891380148721347521e-01,4.636535079827009409e-01,5.846882844462756301e-01,-5.673292400069838148e-01,-5.008957852826032564e-01,5.433132597831772381e-01,2.994476227776372568e-01,-6.020733105740887735e-03,4.272090406759057046e-01,5.776825566241027277e-01,-8.326064977204106210e-01,5.068133419948916973e-01,5.834043034192801930e-03,-2.760360848087746732e-01,2.698822762683573961e-02,-6.667941168923605666e-01
4.428857715430861930e+01,1.309815855457537037e-01,-6.131757368255656981e-01,-4.889090272935318615e-01,7.047522985253530381e-01,-2.891411418260719790e-01,4.636480627865448012e-01,5.846919921843171108e-01,-5.673284989428941660e-01,-5.008976500748962835e-01,5.433179230970482942e-01,2.994448422680154320e-01,-6.014228057935256354e-03,4.272065871074969268e-01,5.776819976134258683e-01,-8.326075855793723113e-01,5.068110101638646503e-01,5.828969030700062968e-03,-2.760361607621319990e-01,2.698780131079418776e-02,-6.667970181889549819e-01
4.438877755511022372e+01,1.309812112092107739e-01,-6.131754948847489839e-01,-4.889067413175108290e-01,7.047535232782493608e-01,-2.891435018165334214e-01,4.636437031314969981e-01,5.846949585233466307e-01,-5.673282184636866399e-01,-5.008996393491855770e-01,5.433219861223127500e-01,2.994429965467160226e-01,-6.008444159876853014e-03,4.272044649618346734e-01,5.776811762928557581e-01,-8.326085305554772331e-01,5.068092200999084751e-01,5.824403709072526088e-03,-2.760361132854617927e-01,2.698721000957313501e-02,-6.667995709484768607e-01
4.448897795591182813e+01,1.309822344283860518e-01,-6.131754693005500023e-01,-4.889049457176689040e-01,7.047542926051576506e-01,-2.891448825760824515e-01,4.636407301941400938e-01,5.846969837869998576e-01,-5.673285361989114373e-01,-5.009018003219417592e-01,5.433252943616350139e-01,2.994423515628246713e-01,-6.003563662792569047e-03,4.272027630902272000e-01,5.776800161934719791e-01,-8.326092972689380645e-01,5.068081258414305346e-01,5.820474024187678730e-03,-2.760359075351701552e-01,2.698640397665372573e-02,-6.668016867513691937e-01
4.458917835671342544e+01,1.309848457130766974e-01,-6.131756909796527433e-01,-4.889037031228241625e-01,7.047545476420246091e-01,-2.891451559523854353e-01,4.636393259539671186e-01,5.846979475716295171e-01,-5.673295355765755055e-01,-5.009041617985154904e-01,5.433277548189955342e-01,2.994430680881612905e-01,-5.999696215815678371e-03,4.272015351223799606e-01,5.776784711782474435e-01,-8.326098644982415919e-01,5.068078205808137504e-01,5.817256374966380678e-03,-2.760355225031147497e-01,2.698535312370801617e-02,-6.668033124147072499e-01
4.468937875751502986e+01,1.309891111298232824e-01,-6.131761708777585529e-01,-4.889030350162985594e-01,7.047542682471380493e-01,-2.891442779082121772e-01,4.636395531933815706e-01,5.846978087463060580e-01,-5.673312458231434263e-01,-5.009067341731370249e-01,5.433293359996904659e-01,2.994452017172800073e-01,-5.996878865985836617e-03,4.272007994663951647e-01,5.776765254420486162e-01,-8.326102251801489329e-01,5.068083366644159371e-01,5.814776604372858849e-03,-2.760349510166050235e-01,2.698404702059893981e-02,-6.668044299921990214e-01
4.478957915831663428e+01,1.309949723019096512e-01,-6.131768999995866887e-01,-4.889029217359182056e-01,7.047534730011263404e-01,-2.891422885214354754e-01,4.636413554976975826e-01,5.846966054528170975e-01,-5.673336419635366390e-01,-5.009095094289169880e-01,5.433300679103320041e-01,2.994487028674692186e-01,-5.995076058249077661e-03,4.272005393087722758e-01,5.776741935116348481e-01,-8.326103864096949803e-01,5.068096455925708010e-01,5.813009999414710770e-03,-2.760341997384020418e-01,2.698249489538034548e-02,-6.668050567741845569e-01
4.488977955911823869e+01,1.310022464093631434e-01,-6.131778493988735423e-01,-4.889033024740132016e-01,7.047522192069589630e-01,-2.891393119850313997e-01,4.636445572551396999e-01,5.846944551056679762e-01,-5.673366448211339952e-01,-5.009124611378453773e-01,5.433300420588481616e-01,2.994534167787516465e-01,-5.994179635457821433e-03,4.272007026144076791e-01,5.776715202456589315e-01,-8.326103694401891797e-01,5.068116580195870524e-01,5.811881291142902833e-03,-2.760332891667186539e-01,2.698072563429697313e-02,-6.668052452876362945e-01
4.498997995991984311e+01,1.310106261889543156e-01,-6.131789701783730839e-01,-4.889040752774176934e-01,7.047506028899462871e-01,-2.891355566070790695e-01,4.636488636568430466e-01,5.846915543920813141e-01,-5.673401210177716480e-01,-5.009155444607926722e-01,5.433294114544826581e-01,2.994590835138841167e-01,-5.994008838370864373e-03,4.272012021265946813e-01,5.776685808346669893e-01,-8.326102096832150856e-01,5.068142237537489603e-01,5.811264654651771173e-03,-2.760322536352193823e-01,2.697878778178445028e-02,-6.668050832961591734e-01
4.509018036072144753e+01,1.310196799341972196e-01,-6.131801934898570838e-01,-4.889050970474698721e-01,7.047487587977394607e-01,-2.891313148107608755e-01,4.636538606968532705e-01,5.846881792719972326e-01,-5.673438829737428302e-01,-5.009186961475088351e-01,5.433283906077954750e-01,2.994653379583579467e-01,-5.994310305653388106e-03,4.272019153670236769e-01,5.776654808010982523e-01,-8.326099567086300279e-01,5.068171317573162415e-01,5.810983709079021661e-03,-2.760311413130204783e-01,2.697674954046931986e-02,-6.668046937999904111e-01
4.519038076152304484e+01,1.310288514953492078e-01,-6.131814305341144467e-01,-4.889061835400119183e-01,7.047468604003302994e-01,-2.891269631343623137e-01,4.636590151721265429e-01,5.846846849780731326e-01,-5.673476889077979646e-01,-5.009218345366240888e-01,5.433272555306621898e-01,2.994717098203985017e-01,-5.994758073876954238e-03,4.272026846357820928e-01,5.776623559992853929e-01,-8.326096742445661114e-01,5.068201101465237279e-01,5.810811517605729906e-03,-2.760300142046897554e-01,2.697469877116900894e-02,-6.668042350359996151e-01
4.529058116232464926e+01,1.310374602794109611e-01,-6.131825725609518773e-01,-4.889071093653902245e-01,7.047451198900520630e-01,-2.891229622312721514e-01,4.636636746825295030e-01,5.846815060156841382e-01,-5.673512428371446648e-01,-5.009248595556482497e-01,5.433263437362741977e-01,2.994776236309654727e-01,-5.994953577519504355e-03,4.272033170113543332e-01,5.776593726154541919e-01,-8.326094401774289944e-01,5.068228261915818100e-01,5.810470587456340388e-03,-2.760289481502469777e-01,2.697274299289184607e-02,-6.668039004776886713e-01
4.539078156312625367e+01,1.310447012501265995e-01,-6.131834908691933261e-01,-4.889076079884550063e-01,7.047437881815783456e-01,-2.891198568699822058e-01,4.636670676308393690e-01,5.846791561629225420e-01,-5.673541945774480677e-01,-5.009276527209713947e-01,5.433260542391389336e-01,2.994823987437528756e-01,-5.994425648965363493e-03,4.272035843506217789e-01,5.776567271677237603e-01,-8.326093465518989989e-01,5.068248863166763263e-01,5.809632869898666459e-03,-2.760280328251633053e-01,2.697100938283705784e-02,-6.668039188351919666e-01
4.549098196392785809e+01,1.310496449279835440e-01,-6.131840368066805436e-01,-4.889073717285607468e-01,7.047431549119238525e-01,-2.891182759340875097e-01,4.636683032227438828e-01,5.846782284705982491e-01,-5.673561397428300568e-01,-5.009300771378633055e-01,5.433268475550797616e-01,2.994852493351889966e-01,-5.992630518505235801e-03,4.272032232888628434e-01,5.776546465061065394e-01,-8.326094995709303337e-01,5.068258360999682299e-01,5.807919760243892074e-03,-2.760273717403619043e-01,2.696964477639476887e-02,-6.668045540552762773e-01
4.559118236472946251e+01,1.310512373902126271e-01,-6.131840417702726365e-01,-4.889060517595657518e-01,7.047435484404442896e-01,-2.891189324222863122e-01,4.636663714668411984e-01,5.846793952622386659e-01,-5.673566197458700389e-01,-5.009319775004736908e-01,5.433292457012356413e-01,2.994852844044361695e-01,-5.988951814336208879e-03,4.272019352397529168e-01,5.776533878125081900e-01,-8.326100195957513161e-01,5.068251602735940331e-01,5.804902097846571796e-03,-2.760270822422173920e-01,2.696881566714599485e-02,-6.668061053213404366e-01
4.569138276553106692e+01,1.310491801961078950e-01,-6.131834570882731539e-01,-4.889035541649650041e-01,7.047450628474981604e-01,-2.891220268998592746e-01,4.636609875897636512e-01,5.846828516989958091e-01,-5.673555028709218462e-01,-5.009333144272823946e-01,5.433333935681625704e-01,2.994822564898646511e-01,-5.983222607363237674e-03,4.271996425540445785e-01,5.776530173278207059e-01,-8.326109383290823951e-01,5.068227163934376778e-01,5.800450740042472145e-03,-2.760271943614214241e-01,2.696856772270239677e-02,-6.668086569397199126e-01
4.579158316633266423e+01,1.310449894890864941e-01,-6.131825250234883562e-01,-4.889003841977671572e-01,7.047472273077001192e-01,-2.891265335226233524e-01,4.636536047343678968e-01,5.846876360593937783e-01,-5.673534479046543622e-01,-5.009343160994262911e-01,5.433385395423205866e-01,2.994774509891259262e-01,-5.976333595363812409e-03,4.271967800108570912e-01,5.776531599649072923e-01,-8.326120813047003244e-01,5.068192485859976948e-01,5.795175131699729747e-03,-2.760275368535582419e-01,2.696866017835093318e-02,-6.668117793283931949e-01
4.589178356713426865e+01,1.310398037097724455e-01,-6.131814292039470260e-01,-4.888969135412758460e-01,7.047496870775459277e-01,-2.891316846745903835e-01,4.636453116152655096e-01,5.846930200857224369e-01,-5.673509527157547527e-01,-5.009351476227725808e-01,5.433441248734355300e-01,2.994718255466202739e-01,-5.968940576052472052e-03,4.271936633917216564e-01,5.776535441770361823e-01,-8.326133215365766338e-01,5.068153103993364716e-01,5.789543176566257568e-03,-2.760279860750320946e-01,2.696891444243986261e-02,-6.668151513442828193e-01
4.599198396793587307e+01,1.310345926565724683e-01,-6.131803261004246108e-01,-4.888934587029089562e-01,7.047521399899149275e-01,-2.891368265364408496e-01,4.636370355827160727e-01,5.846983834342889264e-01,-5.673484414871972081e-01,-5.009359496473945184e-01,5.433496737495521201e-01,2.994661958443333161e-01,-5.961601921760994321e-03,4.271905615615165241e-01,5.776539387564282313e-01,-8.326145509290683311e-01,5.068113733257788578e-01,5.783953454981809704e-03,-2.760284367578808018e-01,2.696917839588358276e-02,-6.668184995043883179e-01
4.609218436873747748e+01,1.310301630111121995e-01,-6.131793458983875178e-01,-4.888902829027673702e-01,7.047543347447453588e-01,-2.891414153296503753e-01,4.636295479340221126e-01,5.847032102056937131e-01,-5.673462670970551569e-01,-5.009368392356785549e-01,5.433547905217704921e-01,2.994612403323135830e-01,-5.954781906837513204e-03,4.271876981181077504e-01,5.776541514058441962e-01,-8.326156796160386619e-01,5.068078295452186355e-01,5.778737384710982625e-03,-2.760288013555782793e-01,2.696932550149013300e-02,-6.668215964102492954e-01
4.619238476953908190e+01,1.310271583382363048e-01,-6.131785924979932245e-01,-4.888875960736351334e-01,7.047560709090344711e-01,-2.891450173164891724e-01,4.636234639135287661e-01,5.847070889448313658e-01,-5.673447111185001557e-01,-5.009379098623243376e-01,5.433591597042465304e-01,2.994575002286724019e-01,-5.948850707646523295e-03,4.271852513923489747e-01,5.776540287385842909e-01,-8.326166359608564438e-01,5.068049919251181867e-01,5.774159220943220379e-03,-2.760290100430345395e-01,2.696925480396121858e-02,-6.668242607479455408e-01
4.629258517034067921e+01,1.310260590860083396e-01,-6.131781435140903902e-01,-4.888855548609793988e-01,7.047571989168387452e-01,-2.891473088000225400e-01,4.636192427126241133e-01,5.847097126408900003e-01,-5.673439838198026663e-01,-5.009392314143450431e-01,5.433625459741914243e-01,2.994553795195837864e-01,-5.944084402568874589e-03,4.271833544480815870e-01,5.776534562784879645e-01,-8.326173665563969539e-01,5.068030940205091595e-01,5.770416056292809390e-03,-2.760290107165955797e-01,2.696889092989217945e-02,-6.668263572880971379e-01
4.639278557114228363e+01,1.310271825857108330e-01,-6.131780502762186336e-01,-4.888842626229502608e-01,7.047576200692734494e-01,-2.891480761241104758e-01,4.636171874697389561e-01,5.847108787273512798e-01,-5.673442241643317230e-01,-5.009408501910668221e-01,5.433647941718718899e-01,2.994551449592847692e-01,-5.940664972001775089e-03,4.271820950821348384e-01,5.776523584599346783e-01,-8.326178362250411524e-01,5.068022900739921344e-01,5.767637820798882792e-03,-2.760287689940434386e-01,2.696818408777201456e-02,-6.668277968858642435e-01
4.649298597194388805e+01,1.310306830518453147e-01,-6.131783378286086439e-01,-4.888837694303809767e-01,7.047572865345127502e-01,-2.891472156734080090e-01,4.636174452703468729e-01,5.847104890819909695e-01,-5.673454998105549318e-01,-5.009427889041292437e-01,5.433658293006102813e-01,2.994569260700749580e-01,-5.938680298358792534e-03,4.271815158243255084e-01,5.776506986278432398e-01,-8.326180280186762372e-01,5.068026550157367360e-01,5.765887281925416961e-03,-2.760282682145962507e-01,2.696711006798337834e-02,-6.668285364809471982e-01
4.659318637274549246e+01,1.310365515821321769e-01,-6.131790049301820700e-01,-4.888840720667878559e-01,7.047562013477900456e-01,-2.891447338733648120e-01,4.636200071469643857e-01,5.847085500268783820e-01,-5.673478071120388044e-01,-5.009450466774851840e-01,5.433656565267843686e-01,2.994607151423168689e-01,-5.938124166069851800e-03,4.271816139374582377e-01,5.776484790376718026e-01,-8.326179432186953111e-01,5.068041844634811888e-01,5.765160044561234119e-03,-2.760275094389080808e-01,2.696567024280257033e-02,-6.668285790975866378e-01
4.669338677354709688e+01,1.310446161575108404e-01,-6.131800240545517422e-01,-4.888851140283702601e-01,7.047544184113977428e-01,-2.891407471902255333e-01,4.636247080791505715e-01,5.847051723283763769e-01,-5.673510711174480914e-01,-5.009475990474007157e-01,5.433643611798274486e-01,2.994663672344358152e-01,-5.938896261581235771e-03,4.271823414173254174e-01,5.776457408554183104e-01,-8.326176013359974926e-01,5.068067947225329828e-01,5.765384551020000595e-03,-2.760265114490690896e-01,2.696389156639954210e-02,-6.668279738445631599e-01
4.679358717434870130e+01,1.310545416421396436e-01,-6.131813413900214504e-01,-4.888867855240107141e-01,7.047520424946870365e-01,-2.891354821310297973e-01,4.636312269935075059e-01,5.847005711971418052e-01,-5.673551455705464486e-01,-5.009503979624552183e-01,5.433621087522285675e-01,2.994736001729198516e-01,-5.940802173355586198e-03,4.271836049927070222e-01,5.776425641576202752e-01,-8.326170401109879160e-01,5.068103227857684301e-01,5.766422081040228562e-03,-2.760253107486055901e-01,2.696182657483790074e-02,-6.668268159151977681e-01
4.689378757515029861e+01,1.310658297833959263e-01,-6.131828768395863882e-01,-4.888889234752746837e-01,7.047492292340684639e-01,-2.891292752436118718e-01,4.636390867636799862e-01,5.846950662881249539e-01,-5.673598129101959930e-01,-5.009533717835413791e-01,5.433591448995319650e-01,2.994819945523199967e-01,-5.943553391871901972e-03,4.271852661253708883e-01,5.776390679313545551e-01,-8.326163155135777316e-01,5.068145263336328865e-01,5.768066751785274303e-03,-2.760239615624797693e-01,2.695955338607489843e-02,-6.668252465873515389e-01
4.699398797595190302e+01,1.310778192118759178e-01,-6.131845240209321535e-01,-4.888913115164107426e-01,7.047461851330111271e-01,-2.891225731166010560e-01,4.636476542103555865e-01,5.846890817005703234e-01,-5.673647842703576361e-01,-5.009564252838650811e-01,5.433557954403375190e-01,2.994909937352498441e-01,-5.946767309625539989e-03,4.271871410100724908e-01,5.776354100742376874e-01,-8.326155017431839944e-01,5.068190837341405297e-01,5.770045517843338211e-03,-2.760225358370899662e-01,2.695717569996144286e-02,-6.668234532234256218e-01
4.709418837675350744e+01,1.310896854413948487e-01,-6.131861502664360808e-01,-4.888936799943506273e-01,7.047431675620435820e-01,-2.891159323794214586e-01,4.636561401012646577e-01,5.846831459780155171e-01,-5.673696994800908611e-01,-5.009594396489455148e-01,5.433524663563007451e-01,2.994999038523858959e-01,-5.949967221128216882e-03,4.271890005745551111e-01,5.776317873944256664e-01,-8.326146912287301083e-01,5.068235940428746922e-01,5.772018171227466521e-03,-2.760211232402705051e-01,2.695482279824209376e-02,-6.668216692703614612e-01
4.719438877755511186e+01,1.311004408689868672e-01,-6.131875966231660202e-01,-4.888957059687090712e-01,7.047404847587531718e-01,-2.891100197022919982e-01,4.636635991511804389e-01,5.846778921082922409e-01,-5.673741270635538347e-01,-5.009622724766150670e-01,5.433496437921324640e-01,2.995078938024675619e-01,-5.952582322908003820e-03,4.271905704795496694e-01,5.776284356106142770e-01,-8.326139946286449378e-01,5.068275770029875282e-01,5.773577341375551314e-03,-2.760198311612917510e-01,2.695264954455505596e-02,-6.668201742596407966e-01
4.729458917835671627e+01,1.311089347749051226e-01,-6.131886778528812254e-01,-4.888970132117838596e-01,7.047384958277861378e-01,-2.891056117962264582e-01,4.636689300219188903e-01,5.846740575235258586e-01,-5.673775642400031849e-01,-5.009647577770195426e-01,5.433478940555993564e-01,2.995139952522968829e-01,-5.953947713509334314e-03,4.271915311187748920e-01,5.776256293520384277e-01,-8.326135408308639185e-01,5.068304730452000140e-01,5.774248495150326177e-03,-2.760187847108601655e-01,2.695083638443219673e-02,-6.668192938072852183e-01
4.739478957915832069e+01,1.311138533226216818e-01,-6.131891824320319095e-01,-4.888971722085558858e-01,7.047376107408479529e-01,-2.891035954130336538e-01,4.636708753223387491e-01,5.846724841001355033e-01,-5.673794369237944446e-01,-5.009667059726179428e-01,5.433478636175230747e-01,2.995171026367387523e-01,-5.953304393492997275e-03,4.271915176189371999e-01,5.776236821584730396e-01,-8.326134769528281687e-01,5.068316432878022804e-01,5.773489936839372276e-03,-2.760181267211181955e-01,2.694958934529902497e-02,-6.668193996138568336e-01
4.749498997995991800e+01,1.311137195588276128e-01,-6.131888725517593564e-01,-4.888957001566891503e-01,7.047382903367029883e-01,-2.891049673453170432e-01,4.636680216083415851e-01,5.846741181588338554e-01,-5.673790997243814971e-01,-5.009679038981825761e-01,5.433502791117814645e-01,2.995159731587209162e-01,-5.949799265436140489e-03,4.271901198397307087e-01,5.776229464802321578e-01,-8.326139683414848225e-01,5.068303695366535022e-01,5.770692808155115754e-03,-2.760180177456443840e-01,2.694914003647470163e-02,-6.668209094644578228e-01
4.759519038076152242e+01,1.311082204524219030e-01,-6.131876966517826322e-01,-4.888925001794530711e-01,7.047406334454391352e-01,-2.891099372850156612e-01,4.636600708145617311e-01,5.846791654395661064e-01,-5.673764136843701955e-01,-5.009683113322282999e-01,5.433552910851986439e-01,2.995103488664206393e-01,-5.943260276682165583e-03,4.271872585527818900e-01,5.776234895903038513e-01,-8.326150472809279446e-01,5.068265033684146159e-01,5.765719795769994917e-03,-2.760184881922999600e-01,2.694953587642670220e-02,-6.668239112958780357e-01
4.769539078156312684e+01,1.310998237717997672e-01,-6.131860512155065113e-01,-4.888883836923086368e-01,7.047438716236683609e-01,-2.891168389455361365e-01,4.636493853415207811e-01,5.846860508322397898e-01,-5.673724554132589804e-01,-5.009682898586976796e-01,5.433616834178948141e-01,2.995023111843858610e-01,-5.935119504234779783e-03,4.271836259882172415e-01,5.776247156058357257e-01,-8.326164352847965633e-01,5.068212483039185035e-01,5.759579039821432524e-03,-2.760192664415605512e-01,2.695038821839516527e-02,-6.668277072914315928e-01
4.779559118236473125e+01,1.310901903327314488e-01,-6.131842051527771620e-01,-4.888838875288001318e-01,7.047474861843768812e-01,-2.891245540412480941e-01,4.636375520766500280e-01,5.846937067807838062e-01,-5.673679532622235566e-01,-5.009680753227365724e-01,5.433686443195235860e-01,2.994932518048507575e-01,-5.926325140184914540e-03,4.271796751749596943e-01,5.776262356373493834e-01,-8.326179497542365304e-01,5.068154080656261939e-01,5.752961417714062137e-03,-2.760201756529480632e-01,2.695143815700078507e-02,-6.668318294782965561e-01
4.789579158316633567e+01,1.310807173528450442e-01,-6.131823847476002287e-01,-4.888794631023324344e-01,7.047510407595286575e-01,-2.891321418792841547e-01,4.636259059235100510e-01,5.847012350835083527e-01,-5.673635200727746852e-01,-5.009678660357980151e-01,5.433754910541659378e-01,2.994843413323540759e-01,-5.917674465182560378e-03,4.271757869579237976e-01,5.776277227572199635e-01,-8.326194371919358739e-01,5.068096586776734691e-01,5.746448309792474146e-03,-2.760210671750616962e-01,2.695246792463686786e-02,-6.668358842425865518e-01
4.799599198396794009e+01,1.310725566028800582e-01,-6.131807765517451880e-01,-4.888754824741449734e-01,7.047541756632057508e-01,-2.891388270685172346e-01,4.636155472115220388e-01,5.847078953853456218e-01,-5.673596610544155983e-01,-5.009678255139076164e-01,5.433816609215523785e-01,2.994765446911946127e-01,-5.909824551849201905e-03,4.271722752275476376e-01,5.776289074869039863e-01,-8.326207711013979829e-01,5.068045573850671337e-01,5.740518884826691093e-03,-2.760218184838859057e-01,2.695329800462589742e-02,-6.668395471772353700e-01
4.809619238476953740e+01,1.310666144066875982e-01,-6.131795273847456818e-01,-4.888722383533116722e-01,7.047566078916081000e-01,-2.891439995195610457e-01,4.636073416959674010e-01,5.847131051778492461e-01,-5.673567737846421100e-01,-5.009680824776640007e-01,5.433867112570625046e-01,2.994706211254315464e-01,-5.903292264777817815e-03,4.271693869197928928e-01,5.776295777969393530e-01,-8.326218519869411638e-01,5.068005426536850155e-01,5.735550100012178076e-03,-2.760223331827901805e-01,2.695378713121953165e-02,-6.668425630819974081e-01
4.819639278557114181e+01,1.310635516412303192e-01,-6.131787443338990728e-01,-4.888699440967411713e-01,7.047581311230539658e-01,-2.891472144447694292e-01,4.636019205579879898e-01,5.847164397991944096e-01,-5.673551482089421727e-01,-5.009687308522380311e-01,5.433903194317254437e-01,2.994671241988843269e-01,-5.898454260532880883e-03,4.271673020161445566e-01,5.776295791069447905e-01,-8.326226073536993066e-01,5.067979341702758544e-01,5.731816700969832347e-03,-2.760225410025292647e-01,2.695383228959860947e-02,-6.668447459634475605e-01
4.829659318637274623e+01,1.310637837365823122e-01,-6.131784947542665565e-01,-4.888687337091764396e-01,7.047586157179791533e-01,-2.891481923582369662e-01,4.635996804045862674e-01,5.847176324341778475e-01,-5.673549666407963210e-01,-5.009698297673736977e-01,5.433922828522199655e-01,2.994664017951325086e-01,-5.895546987650357972e-03,4.271661335436111595e-01,5.776288142856200736e-01,-8.326229917076213294e-01,5.067969328424597464e-01,5.729491221745991979e-03,-2.760223978012431023e-01,2.695336871587314040e-02,-6.668459790349808847e-01
4.839679358717435065e+01,1.310674806759292710e-01,-6.131788062686732710e-01,-4.888686618431952180e-01,7.047580087189380116e-01,-2.891468190757985335e-01,4.636007832686249164e-01,5.847165741142178463e-01,-5.673563037616775606e-01,-5.009714035573874513e-01,5.433925189608738160e-01,2.994685961175161948e-01,-5.894666686637711761e-03,4.271659275747247131e-01,5.776272436507466912e-01,-8.326229865554714005e-01,5.067976207987274773e-01,5.728643984812430666e-03,-2.760218855644566149e-01,2.695236989708230460e-02,-6.668462147168132681e-01
4.849699398797595506e+01,1.310745669955684090e-01,-6.131796667677084089e-01,-4.888697037992096317e-01,7.047563338506023234e-01,-2.891431457150295814e-01,4.636051566088271181e-01,5.847133137173543549e-01,-5.673591266210511463e-01,-5.009734417611685364e-01,5.433910652356643833e-01,2.994736436891354825e-01,-5.895769389973898149e-03,4.271666632275407105e-01,5.776248849691866250e-01,-8.326226004048288276e-01,5.067999613884413002e-01,5.729243101066359457e-03,-2.760210124050800351e-01,2.695084757119447366e-02,-6.668454746359807617e-01
4.859719438877755948e+01,1.310847217849084867e-01,-6.131810244097249951e-01,-4.888717555254664116e-01,7.047536915197625262e-01,-2.891373886952459116e-01,4.636124933097765521e-01,5.847080579682487622e-01,-5.673632946363749152e-01,-5.009758991221786584e-01,5.433880791902184759e-01,2.994812753528508509e-01,-5.898670922109368851e-03,4.271682526656380707e-01,5.776218134568833484e-01,-8.326218687640883909e-01,5.068037991818340471e-01,5.731154469830428491e-03,-2.760198125634086841e-01,2.694885172710717591e-02,-6.668438496263398019e-01
4.869739478957915679e+01,1.310973786864697288e-01,-6.131827876208397754e-01,-4.888746336180468943e-01,7.047502588153264913e-01,-2.891299297375038435e-01,4.636222516819171746e-01,5.847011714381840086e-01,-5.673685595930989534e-01,-5.009786955884526494e-01,5.433838383738123223e-01,2.994910162712829949e-01,-5.903046899466066200e-03,4.271705410981193052e-01,5.776181617788616052e-01,-8.326208541424596765e-01,5.068088599700099062e-01,5.734141778852720923e-03,-2.760183464071230830e-01,2.694647060464713112e-02,-6.668414997285675438e-01
4.879759519038076121e+01,1.311117258958839349e-01,-6.131848250949336609e-01,-4.888780753208669116e-01,7.047462895083204115e-01,-2.891213158646002701e-01,4.636336554615535510e-01,5.846931765450646967e-01,-5.673745656446659291e-01,-5.009817163125976913e-01,5.433787403713714603e-01,2.995021859268129916e-01,-5.908432730437432681e-03,4.271733067796102956e-01,5.776141200492269645e-01,-8.326196460499678542e-01,5.068147507649439776e-01,5.737866504306760734e-03,-2.760167004312888972e-01,2.694383069457022620e-02,-6.668386541901614173e-01
4.889779559118236563e+01,1.311267061618944241e-01,-6.131869657936511731e-01,-4.888817385256768455e-01,7.047421140518883576e-01,-2.891122594010724356e-01,4.636456938108505232e-01,5.846847535534170914e-01,-5.673808493125109820e-01,-5.009848116517937600e-01,5.433733028034706258e-01,2.995138981215820229e-01,-5.914223615388400530e-03,4.271762610102604607e-01,5.776099358311662657e-01,-8.326183609974531219e-01,5.068209597994824955e-01,5.741887910791508391e-03,-2.760149872583568809e-01,2.694109673856152562e-02,-6.668356114654392375e-01
4.899799599198397004e+01,1.311410167863560905e-01,-6.131889989464011093e-01,-4.888852017720616838e-01,7.047381395812924998e-01,-2.891036379731980466e-01,4.636571213178334316e-01,5.846767405743887869e-01,-5.673868394860612785e-01,-5.009877971677935138e-01,5.433681633263345301e-01,2.995250609774916528e-01,-5.919674546655397801e-03,4.271790481357426450e-01,5.776059141369476180e-01,-8.326171424965710388e-01,5.068268565273427173e-01,5.745663051331360849e-03,-2.760133456381629879e-01,2.693847172923527142e-02,-6.668327392155392053e-01
4.909819639278557446e+01,1.311531096242352645e-01,-6.131906740503559883e-01,-4.888879642474409093e-01,7.047348499139129974e-01,-2.890964945089952720e-01,4.636664579963880040e-01,5.846701335657489285e-01,-5.673918574227369005e-01,-5.009904536269224051e-01,5.433640796318366384e-01,2.995343769362036057e-01,-5.923900308546347498e-03,4.271812455472532299e-01,5.776024174279201784e-01,-8.326161610597921925e-01,5.068316916231129232e-01,5.748546767376153284e-03,-2.760119404479283722e-01,2.693619691013487624e-02,-6.668304743084202402e-01
4.919839679358717888e+01,1.311611910836099071e-01,-6.131917008704519390e-01,-4.888894457870685550e-01,7.047328055492479981e-01,-2.890920372382228543e-01,4.636719892862604664e-01,5.846660863318885459e-01,-5.673951167479500679e-01,-5.009925270000784581e-01,5.433619294475002803e-01,2.995403427591399326e-01,-5.925875477340666712e-03,4.271823636815120229e-01,5.775998656145142629e-01,-8.326156142004025318e-01,5.068345969822525277e-01,5.749791688801155626e-03,-2.760109626922592763e-01,2.693455177573293724e-02,-6.668293228188615362e-01
4.929859719438877619e+01,1.311632221256693875e-01,-6.131917494393895884e-01,-4.888889868740332600e-01,7.047326436689137497e-01,-2.890916396923799425e-01,4.636717660530573770e-01,5.846659105238198872e-01,-5.673957234551053608e-01,-5.009937284627324905e-01,5.433627105364979837e-01,2.995412495274830111e-01,-5.924434421289266617e-03,4.271818460207623125e-01,5.775987360562413464e-01,-8.326157264325032559e-01,5.068345857210916350e-01,5.748548233907078628e-03,-2.760106295031471979e-01,2.693385407143121524e-02,-6.668298600284625621e-01
4.939879759519038060e+01,1.311580622026686793e-01,-6.131906352406663041e-01,-4.888862183612673329e-01,7.047347207374846656e-01,-2.890960703486555872e-01,4.636646978881778791e-01,5.846703398956550890e-01,-5.673931775797911303e-01,-5.009938964333464639e-01,5.433669813341194255e-01,2.995361411499283255e-01,-5.918924602252554137e-03,4.271793809784497076e-01,5.775992959700542162e-01,-8.326166234799774468e-01,5.068311056825622885e-01,5.744341182393184787e-03,-2.760110624399655377e-01,2.693428155813497663e-02,-6.668324078876578520e-01
4.949899799599198502e+01,1.311526361881764635e-01,-6.131894793793436493e-01,-4.888833779807325586e-01,7.047368733541418129e-01,-2.891006661641249975e-01,4.636574027885074223e-01,5.846749208488030147e-01,-5.673905161903662897e-01,-5.009940118945742649e-01,5.433713563262826396e-01,2.995308196776833021e-01,-5.913299855383487465e-03,4.271768561175047774e-01,5.775999257295103551e-01,-8.326175440991204768e-01,5.068275073246911733e-01,5.740055269144476655e-03,-2.760115249293296769e-01,2.693475529717218736e-02,-6.668350142327237329e-01
4.959919839679358944e+01,1.311484131762387928e-01,-6.131885197174915536e-01,-4.888809404144522919e-01,7.047386426726269804e-01,-2.891044380154820237e-01,4.636512844950230194e-01,5.846787089025413664e-01,-5.673883836004172121e-01,-5.009942832386160561e-01,5.433751175354272211e-01,2.995265159865465598e-01,-5.908398681207811115e-03,4.271746718965395151e-01,5.776002815774252674e-01,-8.326183268398580362e-01,5.068245014445155183e-01,5.736301964536377057e-03,-2.760118606576703049e-01,2.693504632867954607e-02,-6.668372651097680404e-01
4.969939879759519386e+01,1.311452196311004015e-01,-6.131877281915665279e-01,-4.888788495020157110e-01,7.047400830545889061e-01,-2.891075029394130635e-01,4.636461768440007236e-01,5.846818160928111130e-01,-5.673867037204390895e-01,-5.009946862220397978e-01,5.433783501469986454e-01,2.995230846421067517e-01,-5.904121578853857230e-03,4.271727810030571115e-01,5.776004039280087099e-01,-8.326189908494033842e-01,5.068220040729859432e-01,5.733008339190126014e-03,-2.760120880300563906e-01,2.693518161293921923e-02,-6.668392096945908731e-01
4.979959919839679827e+01,1.311428819032914583e-01,-6.131870767099354413e-01,-4.888770490832147209e-01,7.047412488993433088e-01,-2.891099780324555280e-01,4.636419135743705122e-01,5.846843545487920846e-01,-5.673854003928309186e-01,-5.009951966101953147e-01,5.433811393688227076e-01,2.995203801492602458e-01,-5.900369050396815987e-03,4.271711361437424692e-01,5.776003331746595304e-01,-8.326195552667942090e-01,5.068199312093064623e-01,5.730101375769645032e-03,-2.760122254406411901e-01,2.693518811837018398e-02,-6.668408971837418431e-01
4.989979959919839558e+01,1.311412262296278164e-01,-6.131865371528748554e-01,-4.888754829980440086e-01,7.047421946438725548e-01,-2.891119804509978408e-01,4.636383283277164535e-01,5.846864364929035274e-01,-5.673843973918952788e-01,-5.009957901772145172e-01,5.433835704311058556e-01,2.995182569522111815e-01,-5.897041600858736465e-03,4.271696900444621470e-01,5.776001096899663345e-01,-8.326200392228920721e-01,5.068181988209345956e-01,5.727507968981539709e-03,-2.760122912726625244e-01,2.693509282152822468e-02,-6.668423767945197422e-01
5.000000000000000000e+01,1.311400787332107909e-01,-6.131860813725718007e-01,-4.888740950867009327e-01,7.047429747628262131e-01,-2.891136274112793836e-01,4.636352546482763737e-01,5.846881742408037708e-01,-5.673836184238385538e-01,-5.009964427060115133e-01,5.433857285864355235e-01,2.995165694344715246e-01,-5.894039738208526648e-03,4.271683954502643044e-01,5.775997738257071523e-01,-8.326204618403826307e-01,5.068167228435814797e-01,5.725154925575097128e-03,-2.760123038984425015e-01,2.693492270710593633e-02,-6.668436977649729869e-01
