time,node_1,node_2,node_3,node_4,node_5,node_6,node_7,node_8,node_9,node_10,node_11,node_12,node_13,node_14,node_15,node_16,node_17,node_18,node_19,node_20
0.000000000000000000e+00,-2.313226406150539205e-01,4.163421466086691947e-02,1.334782198261472708e-01,-2.421123145667977150e-01,-3.606439259271758679e-01,3.349302367992991192e-01,4.844021807035521210e-01,2.569018230268582670e-02,-3.283207141516965022e-01,-2.276926734806310471e-01,-4.816093234525332667e-01,4.142988065604990000e-01,-3.822489171098588656e-01,7.651647551425355687e-02,-2.259447793127939974e-01,5.417800251579341086e-02,1.514203883518642213e-01,3.297418037072016306e-01,-2.935787282393967912e-01,-4.890041713415195224e-01
1.002004008016032094e-01,-2.104915812417303411e-01,2.953689067066255294e-02,1.021207066864996404e-01,-2.260769081462156715e-01,-3.231703076567757349e-01,3.037220267125295137e-01,4.477305825600587652e-01,1.977953126648446247e-02,-2.986778679748834375e-01,-2.114922955877814870e-01,-4.233686025983482981e-01,3.690538736275607579e-01,-3.729177803792734225e-01,8.043551091615967763e-02,-1.984133814786967764e-01,4.299923158048521432e-02,1.301913631212399669e-01,2.913247010391308289e-01,-2.684883552096934412e-01,-4.474062154676053393e-01
2.004008016032064188e-01,-1.925783422282935642e-01,1.945314789006415829e-02,7.571252937500456970e-02,-2.121186679293812494e-01,-2.897188862105737339e-01,2.750883332592907182e-01,4.138940607948161654e-01,1.459723752778231513e-02,-2.727781590790185340e-01,-1.966181886284649183e-01,-3.724100451807310641e-01,3.288690897547199565e-01,-3.624051804321350989e-01,8.283370074308873954e-02,-1.736543092389612741e-01,3.364991856439908391e-02,1.109780540111561520e-01,2.575085533717190733e-01,-2.462821480323231504e-01,-4.095182703286874282e-01
3.006012024048096420e-01,-1.771413841203288153e-01,1.109531503121025109e-02,5.357652607396607564e-02,-1.999784809925183593e-01,-2.598404847661591743e-01,2.488108383516804689e-01,3.826856316740301356e-01,1.003766108238262310e-02,-2.501146306629070670e-01,-1.829439531614878434e-01,-3.278532344815313637e-01,2.932063590944909981e-01,-3.510189708809245968e-01,8.399240925318608719e-02,-1.513359400500024210e-01,2.585966681445330331e-02,9.359437233084051677e-02,2.277577687549114382e-01,-2.266104022846669452e-01,-3.749987999224011492e-01
4.008016032064128376e-01,-1.638192527243959029e-01,4.217746895510979255e-03,3.513313935795171761e-02,-1.894374542798952232e-01,-2.331388657263436803e-01,2.246892814270174954e-01,3.539112939288815984e-01,6.014825067375001097e-03,-2.302605937393227831e-01,-1.703595776922173510e-01,-2.889314926333408362e-01,2.615882843597848728e-01,-3.390086612932082244e-01,8.413524545503955898e-02,-1.311760045235126348e-01,1.940618863281882295e-02,7.786887874785675123e-02,2.016042006046698254e-01,-2.091717945546700541e-01,-3.435407106078261497e-01
5.010020040080160886e-01,-1.522690893593628414e-01,-1.406365674614842853e-03,1.984239887267805202e-02,-1.802893510571976499e-01,-2.092492257149315693e-01,2.025382873729608679e-01,3.273905698166776901e-01,2.446942014681048605e-03,-2.128164903238081163e-01,-1.587607437550341560e-01,-2.549343688114762974e-01,2.335719316046148963e-01,-3.266105387771898738e-01,8.347736159848298532e-02,-1.129078343055807676e-01,1.407787835672809351e-02,6.364416207147795268e-02,1.786145412654973619e-01,-1.936859158061361996e-01,-3.148582079994025618e-01
6.012024048096192841e-01,-1.421666308564059067e-01,-5.984995795739703195e-03,7.203921335010757265e-03,-1.723405909115288681e-01,-1.878381955767202682e-01,1.821873665275103027e-01,3.029565051208517046e-01,-7.435861489456553619e-04,-1.974098934346741330e-01,-1.480488259133328488e-01,-2.252076392339798783e-01,2.087488302240965987e-01,-3.140476679817116867e-01,8.222545317459623027e-02,-9.628036207669223023e-02,9.673812358475107620e-03,5.077683925268655640e-02,1.583903220104384280e-01,-1.798932713787277371e-01,-2.886867969669315581e-01
7.014028056112224796e-01,-1.332140541409694567e-01,-9.704960542664717305e-03,-3.236656105149557545e-03,-1.654136270962680566e-01,-1.686053735675341059e-01,1.634807546391886524e-01,2.804551382298595130e-01,-3.628225406620012514e-03,-1.837017180162485719e-01,-1.381321963800309083e-01,-1.991589091224981733e-01,1.867472871030688708e-01,-3.015241423648740704e-01,8.057117335415583947e-02,-8.106229865408197399e-02,6.008578963278195587e-03,3.913709823451273773e-02,1.405709179176407309e-01,-1.675581714825978563e-01,-2.647843039941544241e-01
8.016032064128256751e-01,-1.252452982952364791e-01,-1.269866097510947978e-02,-1.179617882633701362e-02,-1.593926899230483085e-01,-1.513077694775546433e-01,1.462770589406878763e-01,2.597397266828761486e-01,-6.246106234829248462e-03,-1.714716679843874547e-01,-1.289440658267037854e-01,-1.763394220046871630e-01,1.672665695670184915e-01,-2.891445252638629726e-01,7.860337534743833121e-02,-6.709837770927142009e-02,2.976927598709565304e-03,2.860418379588010318e-02,1.248775807837252394e-01,-1.565099026906358604e-01,-2.429465718033894106e-01
9.018036072144288706e-01,-1.181357537484758469e-01,-1.507212022130041684e-02,-1.872860408384912842e-02,-1.541844571070583036e-01,-1.357393512441339156e-01,1.304496799643780902e-01,2.406754763184017765e-01,-8.626294905350370690e-03,-1.605456559902924685e-01,-1.204274331117648617e-01,-1.563762230340791370e-01,1.500474096864451712e-01,-2.769767992569352466e-01,7.638281545235675596e-02,-5.426064768679550454e-02,4.983540537077495169e-04,1.907011319781270337e-02,1.110761224653976642e-01,-1.466084292108347786e-01,-2.229938942310764893e-01
1.002004008016032177e+00,-1.117588551547792075e-01,-1.692485861569143282e-02,-2.427491113509415432e-02,-1.496978317346898679e-01,-1.217093099144885004e-01,1.158814128130958993e-01,2.231374128821611569e-01,-1.079876876814437475e-02,-1.507548015720277523e-01,-1.125269638439924669e-01,-1.389200123557849942e-01,1.348478943814688802e-01,-2.650898651627690006e-01,7.397566719160056370e-02,-4.242427977279490670e-02,-1.508898425896659790e-03,1.043624872617292948e-02,9.894757508002899327e-02,-1.377210046462183091e-01,-2.047582208269698167e-01
1.102204408817635262e+00,-1.059966633553271337e-01,-1.834738882831767059e-02,-2.865576390891480529e-02,-1.458483672105931050e-01,-1.090429615003846303e-01,1.024636811708580508e-01,2.070092302170488674e-01,-1.279182018402876334e-02,-1.419432146787438231e-01,-1.051906655359514109e-01,-1.236508031525065110e-01,1.214456073695599214e-01,-2.535464344798380454e-01,7.144439646280600908e-02,-3.147312058940347768e-02,-3.121261019082039942e-03,2.612166185633521542e-03,8.829112664050814407e-02,-1.297254024402317296e-01,-1.880839171000325272e-01
1.202404809619238568e+00,-1.007398659752596071e-01,-1.942121567796081805e-02,-3.207151048820060940e-02,-1.425582675055881987e-01,-9.758174710751843506e-02,9.009653729174327275e-02,1.921832902114506414e-01,-1.463205636820734575e-02,-1.339679961584283319e-01,-9.836988770334474663e-02,-1.102779220876045629e-01,1.096376293206937358e-01,-2.424030288956904311e-01,6.884776103209729048e-02,-2.129969249379824042e-02,-4.409838964665681663e-03,-4.484345145516174455e-03,7.892412128842327124e-02,-1.225099161129027392e-01,-1.728277645850746225e-01
1.302605210420841653e+00,-9.590521169728419282e-02,-2.021257953524246975e-02,-3.468543869488479453e-02,-1.397639088231182325e-01,-8.718857144152394878e-02,7.868912765178417978e-02,1.785598498576325965e-01,-1.633988460362100978e-02,-1.267142133170893470e-01,-9.202234689293822822e-02,-9.855549579419237149e-02,9.924668860949134586e-02,-2.316951977020189068e-01,6.622643390006499597e-02,-1.181422422915789222e-02,-5.429825130776571099e-03,-1.092774943952085423e-02,7.069043882236500376e-02,-1.159810798165034768e-01,-1.588619087041368838e-01
1.402805611222444959e+00,-9.144407395890766233e-02,-2.076853726588994906e-02,-3.661367688458986441e-02,-1.374197959507318656e-01,-7.775201258312003372e-02,6.816069117459572224e-02,1.660473411960855517e-01,-1.792733581917028626e-02,-1.201030614427512772e-01,-8.611373985759625260e-02,-8.829270166251326768e-02,9.012571687934929632e-02,-2.214292507314007397e-01,6.359635286007322974e-02,-2.949297718323001805e-03,-6.215403097697354967e-03,-1.678417554810109416e-02,6.346618730420713894e-02,-1.100683716925968114e-01,-1.460762489063052172e-01
1.503006012024048044e+00,-8.730847754477613631e-02,-2.113189482034731961e-02,-3.796316286372485027e-02,-1.354828835102455942e-01,-6.917046332885215532e-02,5.843682551789186608e-02,1.545611441290765942e-01,-1.940664106653664303e-02,-1.140602429456060996e-01,-8.061142196375854774e-02,-7.931477917519695608e-02,8.214000288645520453e-02,-2.116116838258068067e-01,6.097525506556487895e-02,5.358939487561310833e-03,-6.800164912675390159e-03,-2.211357944769367159e-02,5.713785197343379529e-02,-1.047064195304233392e-01,-1.343690567495731680e-01
1.603206412825651350e+00,-8.345373449999343718e-02,-2.134142860020737942e-02,-3.883145947434785833e-02,-1.339132952745794858e-01,-6.135064554460716024e-02,4.944838673148692354e-02,1.440223645209010583e-01,-2.078946337416970325e-02,-1.085171758245589146e-01,-7.548468417388080887e-02,-7.146164281405546770e-02,7.516571457387610788e-02,-2.022474697185753789e-01,5.837988746374310478e-02,1.316986539043855930e-02,-7.215408231214409142e-03,-2.697108157660607630e-02,5.160125116113017940e-02,-9.983497682189827749e-02,-1.236459303217335437e-01
1.703406813627254657e+00,-7.983844413012111674e-02,-2.143188545821163998e-02,-3.930675459416607676e-02,-1.326743241677572349e-01,-5.420761016561343598e-02,4.113148925729578215e-02,1.343578341978827473e-01,-2.208689774728721245e-02,-1.034109936672280017e-01,-7.070475304643483727e-02,-6.458788206008336807e-02,6.908989907155854704e-02,-1.933400580344122599e-01,5.582600679557143258e-02,2.053838354534081451e-02,-7.490136317074514750e-03,-3.140696683501638387e-02,4.676153628998270390e-02,-9.539892276161150708e-02,-1.138197942403788576e-01
1.803607214428857741e+00,-7.642645481359197634e-02,-2.143338996815676370e-02,-3.946622184643260728e-02,-1.317331935811370258e-01,-4.766505280410152784e-02,3.342735507658677746e-02,1.254997734099816131e-01,-2.330893045742512409e-02,-9.868613440889117960e-02,-6.624508209074841947e-02,-5.856402202097914234e-02,6.381071963326102880e-02,-1.848896142785683150e-01,5.332669599212626343e-02,2.751405624792069640e-02,-7.649890442033737206e-03,-3.546696075943982229e-02,4.253381286815156870e-02,-9.134900202504156463e-02,-1.048109401857180017e-01
1.903807615230461048e+00,-7.319674408594387116e-02,-2.136662857701373056e-02,-3.936399901783342592e-02,-1.310657158405051925e-01,-4.166073864258447446e-02,2.628372698829731929e-02,1.173863528401042633e-01,-2.446195353126785418e-02,-9.430400800535262973e-02,-6.208321962365396379e-02,-5.328917616686066477e-02,5.924326180728357871e-02,-1.768837732038622268e-01,5.088489036665910792e-02,3.413564207927882038e-02,-7.710915727377165921e-03,-3.919124377035246298e-02,3.885026576733088821e-02,-8.764749845659318417e-02,-9.655011423847158214e-02
2.004008016032064354e+00,-7.013347690720674044e-02,-2.124729622861998637e-02,-3.904245191992453817e-02,-1.306517469185334290e-01,-3.614178874761928006e-02,1.965380240121018460e-02,1.099614480547390083e-01,-2.555131196685042974e-02,-9.023364691955020056e-02,-5.819897794300172428e-02,-4.867954735748864642e-02,5.531447054123454776e-02,-1.693065591117096091e-01,4.850111823116989157e-02,4.043646127569055365e-02,-7.686085186315320429e-03,-4.261502312860006303e-02,3.565374468092478294e-02,-8.426294273824576353e-02,-8.897586964103407214e-02
2.104208416833667439e+00,-6.722083621028915323e-02,-2.109004946178353462e-02,-3.854140617653648015e-02,-1.304720822751743170e-01,-3.105878671793337042e-02,1.349372536839210657e-02,1.031724758350700544e-01,-2.658241496011522903e-02,-8.644535172401143774e-02,-5.457312042364720339e-02,-4.465679116941131954e-02,5.195637170889585987e-02,-1.621433479884782924e-01,4.617662490392772379e-02,4.644817420639089228e-02,-7.587940883893052116e-03,-4.577096544717870752e-02,3.289083956085370880e-02,-8.116561402681636561e-02,-8.203059761907438574e-02
2.204408817635270523e+00,-6.444303339182400059e-02,-2.090854767770651199e-02,-3.789822977600865173e-02,-1.305084406328041458e-01,-2.636568657567836191e-02,7.762532131980727501e-03,9.697033614163177995e-02,-2.756072720277254542e-02,-8.291065926493024207e-02,-5.118735305730694185e-02,-4.114786853436624980e-02,4.910595967463102229e-02,-1.553808649497270267e-01,4.391333931565924442e-02,5.220080419336815825e-02,-7.428686906439263375e-03,-4.868925660855615706e-02,3.051178600645920724e-02,-7.832749656430583463e-02,-7.566045631747717048e-02
2.304609218436873608e+00,-6.178430831216848856e-02,-2.071545313998520224e-02,-3.714783307118926792e-02,-1.307434639762229123e-01,-2.201981276643015517e-02,2.422151123184605737e-03,9.130941211430865234e-02,-2.849176888230059435e-02,-7.960234266216692500e-02,-4.802432445255855331e-02,-3.808504573928039871e-02,4.670519729338505621e-02,-1.490071842402056479e-01,4.171387400954855440e-02,5.772273751136396819e-02,-7.220189361566907611e-03,-5.139760176467184777e-02,2.847046526450395382e-02,-7.572227967789885161e-02,-6.981537080034283527e-02
2.404809619238477136e+00,-5.922947540697640761e-02,-2.052221688026738267e-02,-3.632212410341345565e-02,-1.311609377381352526e-01,-1.798202161098890264e-02,-2.562621864928411181e-03,8.614747868796442110e-02,-2.938096840421495701e-02,-7.649489417018576209e-02,-4.506770146737493904e-02,-3.540636417142181691e-02,4.470112746188906194e-02,-1.430111908492727180e-01,3.958108347164802920e-02,6.304048654240082539e-02,-6.973666134311925190e-03,-5.392127316836994172e-02,2.672464494027235182e-02,-7.332560236989651981e-02,-6.444906386298013268e-02
2.505010020040080221e+00,-5.677135187971579788e-02,-2.033532416431629852e-02,-3.544078919585263304e-02,-1.317492646671739320e-01,-1.422085271842625682e-02,-7.223190900237737647e-03,8.144588907974639747e-02,-3.023179251339180862e-02,-7.357188961055580179e-02,-4.230348989731418097e-02,-3.306526446635252303e-02,4.305004387720321596e-02,-1.373753470464039450e-01,3.751252009921893921e-02,6.817472561562402944e-02,-6.695395377220448273e-03,-5.628243079649448283e-02,2.524135659394852876e-02,-7.111936801344694026e-02,-5.952118880014207331e-02
2.605210420841683305e+00,-5.440609211935684003e-02,-2.015785771665110082e-02,-3.451539299477313083e-02,-1.324997170354553777e-01,-1.071169676536286655e-02,-1.158663955860080204e-02,7.717068662920324729e-02,-3.104704849472944561e-02,-7.082210699798954789e-02,-3.971944573272959134e-02,-3.102749138966331630e-02,4.171723726870318200e-02,-1.320802086111825813e-01,3.550435260627948786e-02,7.314212987548479594e-02,-6.389367131076464749e-03,-5.849935644045369670e-02,2.399542295844316747e-02,-6.908993933336222970e-02,-5.499749053722688408e-02
2.705410821643286834e+00,-5.212905171349680594e-02,-1.999291292985195395e-02,-3.355737711698784931e-02,-1.334037316661911277e-01,-7.431339940597697299e-03,-1.567833994336072928e-02,7.329013418672200575e-02,-3.182971742061958126e-02,-6.823416599720699693e-02,-3.730384632736379047e-02,-2.926054686512244776e-02,4.067036378010871478e-02,-1.271082008203154035e-01,3.355372283632587077e-02,7.795879955681668527e-02,-6.059808884394295506e-03,-6.058898521705733536e-02,2.296307669141780736e-02,-6.722415582770348286e-02,-5.084580802977797798e-02
2.805611222444889918e+00,-4.993516052664541405e-02,-1.984361576957089160e-02,-3.257804195208235942e-02,-1.344529660063616960e-01,-4.357689189089334128e-03,-1.952222254148007138e-02,6.977436623364646762e-02,-3.258282765163926509e-02,-6.579670213078378516e-02,-3.504548318514139754e-02,-2.773337464475468181e-02,3.987899617570067612e-02,-1.224432267780988515e-01,3.165835363536787656e-02,8.264024574835431014e-02,-5.710988938879868124e-03,-6.256720099975963956e-02,2.212171032200518223e-02,-6.550930681241472209e-02,-4.703575469135905240e-02
2.905811623246493003e+00,-4.781892270022472524e-02,-1.971312277453182368e-02,-3.158854666241484727e-02,-1.356392981267164899e-01,-1.469772211955905350e-03,-2.314077622354090286e-02,6.659538888227706233e-02,-3.330945483655088635e-02,-6.349836677915128569e-02,-3.293366196016896813e-02,-2.641636030884126490e-02,3.931462384032099328e-02,-1.180706674164186815e-01,2.981654885192882437e-02,8.720139039273354375e-02,-5.347216409430705607e-03,-6.444883641865936652e-02,2.144987625080918558e-02,-6.393313142132284188e-02,-4.353871839355399898e-02
3.006012024048096087e+00,-4.577441665256918452e-02,-1.960462105653052248e-02,-3.059990918311620081e-02,-1.369548267217739201e-01,1.252262533524877569e-03,-2.655504824374475478e-02,6.372707987587099276e-02,-3.401272191230215319e-02,-6.132782718059652527e-02,-3.095820245673504972e-02,-2.528133126591996377e-02,3.895065277937272141e-02,-1.139773814947501324e-01,2.802719333704560903e-02,9.165656628649140880e-02,-4.972841224135937654e-03,-6.624767286049978998e-02,2.092728674990489840e-02,-6.248381860613763661e-02,-4.032786146596696597e-02
3.106212424849699616e+00,-4.379529512412300846e-02,-1.952132827730234874e-02,-2.962300616737406286e-02,-1.383918711288096570e-01,3.827145813387986418e-03,-2.978464424134830493e-02,6.114518858000282664e-02,-3.469579909286582553e-02,-5.927376647516535008e-02,-2.910943863427839506e-02,-2.430155680379846028e-02,3.876240563284995971e-02,-1.101517055496374492e-01,2.628975291052145641e-02,9.601951706092128058e-02,-4.592254100297095756e-03,-6.797644046958103980e-02,2.053481398948655764e-02,-6.115000716019456523e-02,-3.737812069975953583e-02
3.206412825651302700e+00,-4.187767634745132028e-02,-1.946478124073408589e-02,-2.866453464694441663e-02,-1.399443721057686829e-01,6.270531136960907220e-03,-3.284732043844890148e-02,5.882738734493014182e-02,-3.536122392478521087e-02,-5.732793527553539659e-02,-2.737868187831824299e-02,-2.345607752033122134e-02,3.872900636416157921e-02,-1.065803810481622954e-01,2.460224601219499624e-02,1.003018494335810584e-01,-4.208286163304306160e-03,-6.964639613826217879e-02,2.025691236342013618e-02,-5.992263406695905181e-02,-3.466711108247860079e-02
3.306613226452905785e+00,-4.002097463334006872e-02,-1.943381710844932497e-02,-2.772464118846889453e-02,-1.416087081077978538e-01,8.593014477020540637e-03,-3.575778928529096956e-02,5.675458807441796649e-02,-3.601078663280704584e-02,-5.548657135632416304e-02,-2.575866186285184420e-02,-2.273331269961942694e-02,3.883609303050467726e-02,-1.032479831059067710e-01,2.296095388071777571e-02,1.045118743904501213e-01,-3.821608647202882209e-03,-7.126614572408399018e-02,2.008389915859951774e-02,-5.879619346768526211e-02,-3.217685647100149843e-02
3.406813627254509314e+00,-3.822336762863450671e-02,-1.942774475290385064e-02,-2.680441182995291216e-02,-1.433810901771782331e-01,1.080463658264334964e-02,-3.852951523127472189e-02,5.490946306425063123e-02,-3.664653054449372449e-02,-5.374508509282702184e-02,-2.424245340713802183e-02,-2.212191769171746245e-02,3.907065265821820649e-02,-1.001413166311356517e-01,2.136331929775625235e-02,1.086577509792377993e-01,-3.433400727104665186e-03,-7.284338119618831431e-02,2.000656073141604194e-02,-5.776510630351631981e-02,-2.989082287581049796e-02
3.507014028056112398e+00,-3.648282504924243302e-02,-1.944606829646710125e-02,-2.590521110466701207e-02,-1.452577908742706536e-01,1.291512133565226456e-02,-4.117530130886594419e-02,5.327557866628295641e-02,-3.727046227108306298e-02,-5.209879373512493750e-02,-2.282342685671670535e-02,-2.161077897223348532e-02,3.942025669420785861e-02,-9.724808272517337926e-02,1.980703682835535662e-02,1.127474044211573545e-01,-3.044878132823738114e-03,-7.438542880869213059e-02,2.001597257953850392e-02,-5.682389963623780266e-02,-2.779325049012143153e-02
3.607214428857715482e+00,-3.479710868013410202e-02,-1.948848711142215501e-02,-2.502868204114681860e-02,-1.472351442775156338e-01,1.493387575061672426e-02,-4.370728913359605422e-02,5.183739528844017591e-02,-3.788455170748836892e-02,-5.054292140808445272e-02,-2.149524808340890283e-02,-2.118901414232940081e-02,3.987306100594607827e-02,-9.455687868240389427e-02,1.829005282093842943e-02,1.167885261109261746e-01,-2.657293148876411874e-03,-7.589924910068744646e-02,2.010349934191314053e-02,-5.596720664827772862e-02,-2.586915368988362135e-02
3.707414829659318567e+00,-3.316377237534230693e-02,-1.955489581996574383e-02,-2.417674616319305525e-02,-1.493095459834334893e-01,1.686998997485264495e-02,-4.613695890406206701e-02,5.058026739471797179e-02,-3.849073203229836510e-02,-4.907259911135768843e-02,-2.025187848531669749e-02,-2.084597192872089666e-02,4.041780588147203535e-02,-9.205719799027076156e-02,1.681056540730724996e-02,1.207885736167656765e-01,-2.271934614481230848e-03,-7.739143689624142231e-02,2.026079479876365455e-02,-5.518976664270656973e-02,-2.410432103377994212e-02
3.807615230460922096e+00,-3.158016205796231740e-02,-1.964538429420824295e-02,-2.335160348987156548e-02,-1.514774531066242491e-01,1.873223728842241670e-02,-4.847512940192659492e-02,4.949044350518249508e-02,-3.909089970777724493e-02,-4.768286471938235765e-02,-1.908757498682326498e-02,-2.057123218367741188e-02,4.104381602939168039e-02,-8.973943032927708674e-02,1.536702450264203559e-02,1.247547706804013473e-01,-1.890127923558976384e-03,-7.886822130439624656e-02,2.047980187159118004e-02,-5.448642504323721741e-02,-2.248531526322677943e-02
3.907815631262525180e+00,-3.004341572015194889e-02,-1.976023765617367436e-02,-2.255573253551328497e-02,-1.537353842797676562e-01,2.052907410413491729e-02,-5.073195799191783373e-02,4.855506619597033113e-02,-3.968691447986463089e-02,-4.636866298138176551e-02,-1.799689003859287345e-02,-2.035460588502216450e-02,4.174100057887766835e-02,-8.759486157298558562e-02,1.395813180550145756e-02,1.286941072170626477e-01,-1.513235024732664195e-03,-8.033546571916924672e-02,2.075275262317432048e-02,-5.385213339422505879e-02,-2.099947330237407483e-02
4.008016032064128709e+00,-2.855079264843183792e-02,-1.989968471922058668e-02,-2.179132551673505780e-02,-1.560800887477848953e-01,2.226833947439939287e-02,-5.291688250325685128e-02,4.776217326437993960e-02,-4.028054008907893530e-02,-4.512523147475516749e-02,-1.697471014847358461e-02,-2.018676618332960679e-02,4.250014506345892867e-02,-8.561526781177261625e-02,1.258263478542283667e-02,1.326131558872821192e-01,-1.142483285519611553e-03,-8.179857632931744615e-02,2.107252156784761299e-02,-5.328219579887737145e-02,-1.963502896229153694e-02
4.108216432865731349e+00,-2.710155438193046981e-02,-2.006228833133823913e-02,-2.105660811274439465e-02,-1.585097559406106749e-01,2.395491169074204924e-02,-5.503769969689820823e-02,4.710149092153376876e-02,-4.087310861467278317e-02,-4.395052716265670373e-02,-1.601669388156357066e-02,-2.006390622083361816e-02,4.331569829122453030e-02,-8.379092600332260776e-02,1.123825740867017385e-02,1.365165734676157816e-01,-7.778664639578055469e-04,-8.326145966152445621e-02,2.143539111291786411e-02,-5.277401341424146214e-02,-1.838263790808182183e-02
4.208416833667334878e+00,-2.569454410700145602e-02,-2.024675274283108811e-02,-2.034990601653315079e-02,-1.610228094314979375e-01,2.559284260111882245e-02,-5.710094883759958551e-02,4.656449681322002987e-02,-4.146596435949979897e-02,-4.284242091389160040e-02,-1.511900111389389775e-02,-1.998325226942027077e-02,4.418378145503240595e-02,-8.211360410807301558e-02,9.923230531422600267e-03,1.404083703486114776e-01,-4.193873377873246020e-04,-8.472712929807509064e-02,2.183855628777875424e-02,-5.232531488103733808e-02,-1.723455877120833729e-02
4.308617234468938406e+00,-2.432837920554420733e-02,-2.045204244464627133e-02,-1.967003478035032893e-02,-1.636176115823759214e-01,2.718621373106460196e-02,-5.911287087110536631e-02,4.614310658119952224e-02,-4.206043044590346974e-02,-4.179856322554308806e-02,-1.427794549270883576e-02,-1.994172202572666239e-02,4.510053499172781560e-02,-8.057575139463017677e-02,8.635996337972691450e-03,1.442925243577665995e-01,-6.715640975213659110e-05,-8.619850517261164191e-02,2.227911227020102497e-02,-5.193374798660736757e-02,-1.618335525487819837e-02
4.408817635270541047e+00,-2.300162991873375487e-02,-2.067726279631047423e-02,-1.901603923644889713e-02,-1.662925303428455792e-01,2.873903815759434183e-02,-6.107943889078387700e-02,4.582959220882910217e-02,-4.265777657837017955e-02,-4.081657090671748228e-02,-1.348999230779852031e-02,-1.993615888880663142e-02,4.606216182832743172e-02,-7.917024275018351431e-02,7.375085470428999548e-03,1.481729270746804106e-01,2.786884313586445762e-04,-8.767841766516717983e-02,2.275416914695999743e-02,-5.159697859129001862e-02,-1.522187680547530675e-02
4.509018036072144575e+00,-2.171281934702070510e-02,-2.092166002592996468e-02,-1.838719349708576450e-02,-1.690459392501795777e-01,3.025526050920311627e-02,-6.300635813762747728e-02,4.561658202106172455e-02,-4.325921904352920261e-02,-3.989402707854418362e-02,-1.275175849149893376e-02,-1.996333196013073616e-02,4.706492738201935311e-02,-7.789037868050550928e-02,6.139117028716023841e-03,1.520533838310541286e-01,6.179819107107694699e-04,-8.916960760216548210e-02,2.326085191383562081e-02,-5.131269062841985890e-02,-1.434325861256031259e-02
4.609218436873747216e+00,-2.046042345013132646e-02,-2.118462123019054788e-02,-1.778300095452182289e-02,-1.718762174293221590e-01,3.173875696586603290e-02,-6.489906600025238670e-02,4.549706068444642898e-02,-4.386592071015266853e-02,-3.902848117417571927e-02,-1.206001261869194333e-02,-2.001993604358627554e-02,4.810515956016304939e-02,-7.672988530995177026e-02,4.926798570574280126e-03,1.559376137106908145e-01,9.505313674248332990e-04,-9.067472625642103434e-02,2.379630047561242384e-02,-5.107858610432755575e-02,-1.354092160887068741e-02
4.709418837675350744e+00,-1.924287104706747659e-02,-2.146567437435760450e-02,-1.720319428102190865e-02,-1.747817495928893905e-01,3.319333525903828824e-02,-6.676273201489886511e-02,4.546436920712832591e-02,-4.447899102915560399e-02,-3.821744893878768756e-02,-1.141167490680526642e-02,-2.010259164547728572e-02,4.917924876028943737e-02,-7.568291438146093619e-02,3.736926111560215716e-03,1.598292495494954002e-01,1.276116754576295427e-03,-9.219633534713907175e-02,2.435766964607955290e-02,-5.089238509833989704e-02,-1.280857247032064425e-02
4.809619238476954273e+00,-1.805854381610663001e-02,-2.176448829227606643e-02,-1.664773542885483737e-02,-1.777609260411689429e-01,3.462273467165515733e-02,-6.860225786543107385e-02,4.551220493884862439e-02,-4.509948603359589803e-02,-3.745841242957882039e-02,-1.080381721581249316e-02,-2.020784497452452963e-02,5.028364787010082548e-02,-7.474404325655478742e-02,2.568384125046290975e-03,1.637318379354747166e-01,1.594490639195463976e-03,-9.373690703991552353e-02,2.494212914803074083e-02,-5.075182576277974950e-02,-1.214020361600120536e-02
4.909819639278556913e+00,-1.690577629480190941e-02,-2.208087268637042369e-02,-1.611681563029337266e-02,-1.808121426621201178e-01,3.603062603813196596e-02,-7.042227738333714515e-02,4.563462157094459737e-02,-4.572840833867432980e-02,-3.674882001577093465e-02,-1.023366304823308121e-02,-2.033216794186550047e-02,5.141487226747092770e-02,-7.390827491533816240e-02,1.420145542220944621e-03,1.676488392087374379e-01,1.905378202267499731e-03,-9.529882394673705459e-02,2.554686361326433119e-02,-5.065466432296610727e-02,-1.153009320818016749e-02
5.010020040080160442e+00,-1.578305428440228073e-02,-2.241454738350551201e-02,-1.561034360980780716e-02,-1.839339352878983924e-01,3.742027276303138555e-02,-7.222703771831133490e-02,4.582608999242418490e-02,-4.636670296676704411e-02,-3.608638335770731481e-02,-9.698612395937472597e-03,-2.047261060660199652e-02,5.256988612160012203e-02,-7.317075015542383321e-02,2.911796936858443603e-04,1.715834664443734447e-01,2.208585035031894808e-03,-9.688420605833540644e-02,2.616944597139038431e-02,-5.059889726295949131e-02,-1.097298471400630707e-02
5.110220440881763970e+00,-1.468960665027017540e-02,-2.276441009188086284e-02,-1.512627597145507763e-02,-1.871255899589855110e-01,3.879323953868014235e-02,-7.401968577910429670e-02,4.608232945117118895e-02,-4.701519114990251880e-02,-3.547005333676585270e-02,-9.196514508464405380e-03,-2.062927924214398925e-02,5.374801839913972284e-02,-7.252627824391759404e-02,-8.197823483384999912e-04,1.755377613189733899e-01,2.504448387808994817e-03,-9.849410987890067082e-02,2.680939700017438351e-02,-5.058360625507217490e-02,-1.046521953334325974e-02
5.210420841683366611e+00,-1.362436428313550975e-02,-2.312973496576809646e-02,-1.466329721639161171e-02,-1.903864252306251004e-01,4.015120537560858127e-02,-7.580294633678606731e-02,4.639993322153670996e-02,-4.767459711407674716e-02,-3.489845219793718395e-02,-8.725514271884291309e-03,-2.080188479548569780e-02,5.494890978806317439e-02,-7.197080281158296788e-02,-1.913771720082634454e-03,1.795134284768741817e-01,2.793271702954932493e-03,-1.001294602020300489e-01,2.746620317371967213e-02,-5.060777590544707910e-02,-1.000374143322119158e-02
5.310621242484970139e+00,-1.258622291674508370e-02,-2.350991286561510130e-02,-1.422031492723100504e-02,-1.937157022992775923e-01,4.149588483603848521e-02,-7.757944654075850377e-02,4.677560783102135272e-02,-4.834561238339267486e-02,-3.437014888628501380e-02,-8.283823365845183195e-03,-2.098992995712877646e-02,5.617206203686397198e-02,-7.150050883489081355e-02,-2.991757937751991780e-03,1.835121636666301181e-01,3.075307145616206807e-03,-1.017911892132095930e-01,2.813924416835896294e-02,-5.067035140546556626e-02,-9.585559184995009335e-03
5.410821643286573668e+00,-1.157408922530625377e-02,-2.390439968426323267e-02,-1.379634777009212943e-02,-1.971126457309919922e-01,4.282896360973140887e-02,-7.935170687183404348e-02,4.720615440024265863e-02,-4.902889752933962952e-02,-3.388372346329791146e-02,-7.869715892239694671e-03,-2.119283419478550090e-02,5.741688983418217346e-02,-7.111173592216957218e-02,-4.054672366841968745e-03,1.875356378830412840e-01,3.350774298400123127e-03,-1.034802106425977419e-01,2.882785737148918156e-02,-5.077028093795724062e-02,-9.207758090121205552e-03
5.511022044088176308e+00,-1.058688082348689663e-02,-2.431271634694732314e-02,-1.339052549459910507e-02,-2.005764434614061842e-01,4.415209851398873425e-02,-8.112214114223578743e-02,4.768846864293508486e-02,-4.972508217079336240e-02,-3.343776710688928927e-02,-7.481528375204996723e-03,-2.140993375337879936e-02,5.868272080880443387e-02,-7.080097831360523952e-02,-5.103408222137967125e-03,1.915854973671537176e-01,3.619860161374800593e-03,-1.051974197650252796e-01,2.953133788157150108e-02,-5.090651567719996912e-02,-8.867499980157848155e-03
5.611222444889779837e+00,-9.623526266415390051e-03,-2.473444881129568604e-02,-1.300208893388131101e-02,-2.041062467957469040e-01,4.546691749365167762e-02,-8.289305649559752798e-02,4.821954086595005295e-02,-5.043476497401604836e-02,-3.303088211139737496e-02,-7.117659761122793402e-03,-2.164048165504224228e-02,5.996879552966401239e-02,-7.056488488124139369e-02,-6.138820567715409966e-03,1.956633636062594939e-01,3.882719152069179919e-03,-1.069436933999953904e-01,3.024893850813134555e-02,-5.107800978891990223e-02,-8.562023216764564834e-03
5.711422845691383365e+00,-8.682965049680664918e-03,-2.516924806733009112e-02,-1.263039000457338856e-02,-2.077011704088295718e-01,4.677501962110122702e-02,-8.466665340696366560e-02,4.879645596925592105e-02,-5.115851365265627199e-02,-3.266168188758525326e-02,-6.776571418619353922e-03,-2.188364769912003877e-02,6.127426750584075155e-02,-7.040025912897913962e-02,-7.161726316939688239e-03,1.997708333338964748e-01,4.139473105473006481e-03,-1.087198899116836315e-01,3.097986977175836223e-02,-5.128372043029146010e-02,-8.288642691702576004e-03
5.811623246492986006e+00,-7.764147609332177485e-03,-2.561683013746579585e-02,-1.227489170681523786e-02,-2.113602923450584314e-01,4.807797509625819782e-02,-8.644502568278929211e-02,4.941639344593797001e-02,-5.189686496774902763e-02,-3.232879096264085206e-02,-6.456787138565497908e-03,-2.213851846216703320e-02,6.259820318656106330e-02,-7.030405919257716463e-02,-8.172904232466192062e-03,2.039094785298484480e-01,4.390211274036841596e-03,-1.105268492089379329e-01,3.172329990410643896e-02,-5.152260774993731862e-02,-8.044749826834668785e-03
5.911823647294589534e+00,-6.866035321879886827e-03,-2.607697607651153146e-02,-1.193516812425200746e-02,-2.150826540184265778e-01,4.937732524658323963e-02,-8.823016046094017684e-02,5.007662738219843812e-02,-5.265032472771572630e-02,-3.203084498017692849e-02,-6.156893134076583257e-03,-2.240409729794872601e-02,6.393958196119799153e-02,-7.027339783965171061e-02,-9.173094926240346267e-03,2.080808464201452379e-01,4.634990327672064252e-03,-1.123653927452786111e-01,3.247835484789371452e-02,-5.179363488792841641e-02,-7.827812574125198736e-03
6.012024048096192175e+00,-5.987600504294301670e-03,-2.654953197166949261e-02,-1.161090442403412033e-02,-2.188672602125157352e-01,5.067458252707678079e-02,-9.002393821069265556e-02,5.077452645735647252e-02,-5.341936778836419569e-02,-3.176649070023106203e-02,-5.875538040512534761e-03,-2.267930433744125285e-02,6.529729615927114261e-02,-7.030554246967657406e-02,-1.016300085949751672e-02,2.122864594770624280e-01,4.873834353750863303e-03,-1.142363235188983139e-01,3.324411825690255090e-02,-5.209576797578398255e-02,-7.635375415640107202e-03
6.112224448897795703e+00,-5.127826414006435296e-03,-2.703440894253535814e-02,-1.130189685681724093e-02,-2.227130790804966176e-01,5.197123052027909085e-02,-9.182813273273383869e-02,5.150755394384820551e-02,-5.420443805288868711e-02,-3.153438599926570995e-02,-5.611432915477815482e-03,-2.296297648883138115e-02,6.667015105044672707e-02,-7.039791511398314772e-02,-1.114328634276311528e-02,2.165278154191216942e-01,5.106734857106243544e-03,-1.161404260726621451e-01,3.401963149597956454e-02,-5.242797613647149496e-02,-7.465059363546898766e-03
6.212424849699399232e+00,-4.285774289530358896e-03,-2.753138510114624959e-02,-1.100750259815458029e-02,-2.266192099331447718e-01,5.326818010967162426e-02,-9.364404148745100742e-02,5.227338326917670142e-02,-5.500603949144618199e-02,-3.133346210715658164e-02,-5.363386888710313175e-03,-2.325472722353642482e-02,6.805740864155354619e-02,-7.054786699023010699e-02,-1.211453766687556853e-02,2.208062833355979859e-01,5.333689364587198938e-03,-1.180780339339401880e-01,3.480433929504049562e-02,-5.278948465074024404e-02,-7.314908963373917272e-03
6.312625250501001872e+00,-3.460712326526379189e-03,-2.803999021038598022e-02,-1.072654636907055190e-02,-2.305851383504004259e-01,5.456580068994891508e-02,-9.547247093464202028e-02,5.307067481957741806e-02,-5.582454214011429300e-02,-3.116300694376107974e-02,-5.130528965823236143e-03,-2.355530470576106677e-02,6.945970279625092447e-02,-7.075314024522627587e-02,-1.307738473554686393e-02,2.251222299175545116e-01,5.555001224627405601e-03,-1.200490112282855543e-01,3.559856672518228043e-02,-5.317990981062411388e-02,-7.183926910746336186e-03
6.412825651302605401e+00,-2.651932221604820939e-03,-2.855991483916268253e-02,-1.045839131711809658e-02,-2.346102829105594645e-01,5.586496195095316808e-02,-9.731448666172459738e-02,5.389847458632363725e-02,-5.666009643028637605e-02,-3.102212198312646885e-02,-4.912122506184853250e-03,-2.386479271977027042e-02,7.087760032872364446e-02,-7.101205080340684817e-02,-1.403253230199656351e-02,2.294755795382558972e-01,5.771080377961522803e-03,-1.220535965242727505e-01,3.640245496031004058e-02,-5.359870727261002027e-02,-7.071140340444505984e-03
6.513026052104208929e+00,-1.858731192685326647e-03,-2.909088100347826528e-02,-1.020244333038238839e-02,-2.386939851894270825e-01,5.716647754769449419e-02,-9.917106973754682975e-02,5.475579903718189034e-02,-5.751285363740998163e-02,-3.090992639338350362e-02,-4.707445739304722682e-03,-2.418323157980579660e-02,7.231153847618111696e-02,-7.132293930888282396e-02,-1.498064317695101642e-02,2.338662799207520682e-01,5.982285963724617850e-03,-1.240919873812690588e-01,3.721608871256391893e-02,-5.404533172674465952e-02,-6.975578286798283546e-03
6.613226452905811570e+00,-1.080412217219873378e-03,-2.963264091145731416e-02,-9.958147120431182914e-03,-2.428355104733251890e-01,5.847110101015651901e-02,-1.010431140268302913e-01,5.564163436971783505e-02,-5.838296695248609142e-02,-3.082555881201811537e-02,-4.515791563934947253e-03,-2.451062379485472592e-02,7.376182708934084231e-02,-7.168416847761979738e-02,-1.592233769342497537e-02,2.382943031155388969e-01,6.188926004845816432e-03,-1.261643371803458091e-01,3.803949857575384536e-02,-5.451923849752695478e-02,-6.896273149799909963e-03
6.713426853707415098e+00,-3.162840321927597523e-04,-3.018497696334709532e-02,-9.724986222314813827e-03,-2.470340477590922679e-01,5.977952574329641749e-02,-1.029314261901700944e-01,5.655493651129631094e-02,-5.927059148206909739e-02,-3.076817734587139475e-02,-4.336467548070172678e-03,-2.484693406864946913e-02,7.522864863242834099e-02,-7.209412309743788716e-02,-1.685819370672164350e-02,2.427596455005582299e-01,6.391257408048312168e-03,-1.282707551242784350e-01,3.887266102535957835e-02,-5.501988354390809077e-02,-6.832260695104004460e-03
6.813627254509018627e+00,4.343388658793589235e-04,-3.074770175151755186e-02,-9.502482994566198091e-03,-2.512887097540833503e-01,6.109238502704485152e-02,-1.048367256840347927e-01,5.749463111908124924e-02,-6.017588424826679494e-02,-3.073695957113961250e-02,-4.168795928947598844e-03,-2.519208929966774979e-02,7.671205818317713976e-02,-7.255121002801186159e-02,-1.778874659443261189e-02,2.472623277811977771e-01,6.589485963849348385e-03,-1.304113062375463761e-01,3.971549841853067031e-02,-5.554672345929144439e-02,-6.782580054027575675e-03
6.913827655310621267e+00,1.172136220947493646e-03,-3.132065806046129691e-02,-9.290198619200839419e-03,-2.555985328761700703e-01,6.241025201630597680e-02,-1.067596447607664090e-01,5.845961358003574221e-02,-6.109900418874036898e-02,-3.073110253337419870e-02,-4.012113613046971138e-03,-2.554597858113262510e-02,7.821198343282884102e-02,-7.305385820087098581e-02,-1.871448925643788563e-02,2.518023949902910008e-01,6.783766346560232002e-03,-1.325860113663331619e-01,4.056787899408646758e-02,-5.609921547153265409e-02,-6.746273723550012986e-03
7.014028056112224796e+00,1.897782017430333854e-03,-3.190371886679363445e-02,-9.087733101716816142e-03,-2.599624772537407202e-01,6.373363974095752615e-02,-1.087007284685805042e-01,5.944874901092202929e-02,-6.204011215670447721e-02,-3.074982274748175662e-02,-3.865772176090578709e-03,-2.590845320101247198e-02,7.972822468613306734e-02,-7.360051861939917450e-02,-1.963587211490592371e-02,2.563799164881175874e-01,6.974202114286331793e-03,-1.347948471785263558e-01,4.142961687251615899e-02,-5.667681744293957130e-02,-6.722387566313089112e-03
7.114228456913827436e+00,2.611944480214203196e-03,-3.249678733925253499e-02,-8.894725271094795077e-03,-2.643794267257000841e-01,6.506300110585068464e-02,-1.106604346515660670e-01,6.046087225830144851e-02,-6.299937092092711133e-02,-3.079235619772405577e-02,-3.729137863043263581e-03,-2.627932664202098020e-02,8.126045486134746143e-02,-7.418966435883485311e-02,-2.055330311429354878e-02,2.609949859624027813e-01,7.160845708927072312e-03,-1.370377461637175831e-01,4.230047205597870646e-02,-5.727898787027228128e-02,-6.709970810620961845e-03
7.214428857715430965e+00,3.315286074653119378e-03,-3.309979683869864603e-02,-8.710852779798024595e-03,-2.688481888414696042e-01,6.639872889081020746e-02,-1.126391339496856103e-01,6.149478789853452670e-02,-6.397694516572971501e-02,-3.085795833771804234e-02,-3.601591588112410241e-03,-2.665837458161718354e-02,8.280821949023775552e-02,-7.481979056627109659e-02,-2.146714772134605473e-02,2.656477214283179400e-01,7.343698456175941705e-03,-1.393145966332025587e-01,4.318015042830290751e-02,-5.790518588474312389e-02,-6.708076050440170586e-03
7.314629258517034494e+00,4.008463506568742118e-03,-3.371271091811529896e-02,-8.535832103772329413e-03,-2.733674948609873256e-01,6.774115575063430206e-02,-1.146371097987751164e-01,6.254927023778089623e-02,-6.497300149098715616e-02,-3.094590409043582180e-02,-3.482528934747953879e-03,-2.704533489200542512e-02,8.437093671807766038e-02,-7.548941446065547678e-02,-2.237772892509710954e-02,2.703382652284803678e-01,7.522710565520483034e-03,-1.416252427199810038e-01,4.406830375498733965e-02,-5.855487125201662424e-02,-6.715759245399640677e-03
7.414829659318637134e+00,4.692127722250383562e-03,-3.433552332260848827e-02,-8.369418542446126208e-03,-2.779359997547078409e-01,6.909055421509471828e-02,-1.166545584305440225e-01,6.362306331199932274e-02,-6.598770841212765748e-02,-3.105548784820467284e-02,-3.371360155642378221e-03,-2.743990764013536088e-02,8.594789730364890690e-02,-7.619707533279020117e-02,-2.328532723686881772e-02,2.750667840329529823e-01,7.697781130242302081e-03,-1.439694843787566736e-01,4.496452968320038823e-02,-5.922750437220957592e-02,-6.732079720790679934e-03
7.515030060120240663e+00,5.366923908455051642e-03,-3.496825798940689928e-02,-8.211406218730406270e-03,-2.825522822036022896e-01,7.044713668893676228e-02,-1.186915888725753043e-01,6.471488088694773988e-02,-6.702123636013290753e-02,-3.118602347270704386e-02,-3.267510172730709889e-03,-2.784175508770200119e-02,8.753826461924135716e-02,-7.694133454533202965e-02,-2.419018069027169954e-02,2.798334688392449254e-01,7.868758127417066484e-03,-1.463470773859374685e-01,4.586837174178028109e-02,-5.992254627989099941e-02,-6.756100167566979516e-03
7.615230460921844191e+00,6.033523958637480866e-03,-3.561098752636136788e-02,-8.061576678018803413e-03,-2.872149167179964824e-01,7.181091660832919499e-02,-1.207480657319113110e-01,6.582341254718361567e-02,-6.807379365011449746e-02,-3.133687140695940593e-02,-3.170437873135717715e-03,-2.825064115488754718e-02,8.914111450615995469e-02,-7.772076307555393637e-02,-2.509243092847496248e-02,2.846385798443927806e-01,8.035405912994560834e-03,-1.487575865590138602e-01,4.677935506703232577e-02,-6.063949726803338075e-02,-6.786981392328013916e-03
7.715430861723446831e+00,6.692655385784358063e-03,-3.626376749358567464e-02,-7.919322786944460457e-03,-2.919230266860472489e-01,7.318114038769589491e-02,-1.228229742378288830e-01,6.694785473340976456e-02,-6.914563892227308661e-02,-3.150762293995660462e-02,-3.079857788175064358e-03,-2.866737549398427551e-02,9.075638080162583277e-02,-7.853413146044874171e-02,-2.599200440454384545e-02,2.894818584522484417e-01,8.197526115490468002e-03,-1.511996977377712825e-01,4.769752827865442885e-02,-6.137814817528703532e-02,-6.824768106651346762e-03
7.815631262525050360e+00,7.344541192161454721e-03,-3.692624891925232189e-02,-7.784289211806041248e-03,-2.966753883356554877e-01,7.455837018738714628e-02,-1.249167879127553449e-01,6.808818602987511126e-02,-7.023644254249854224e-02,-3.169774276615975467e-02,-2.995550462266380592e-03,-2.909200363702306100e-02,9.238484291340326449e-02,-7.938076021967782614e-02,-2.688949677462531412e-02,2.943612815446214892e-01,8.355635429619812093e-03,-1.536733501183821793e-01,4.862322199994832672e-02,-6.213806792028182119e-02,-6.869256234724846998e-03
7.915831663326653889e+00,7.989347834962200884e-03,-3.759806325394392940e-02,-7.656214987351235221e-03,-3.014705932239550856e-01,7.594332895215435975e-02,-1.270301500502014347e-01,6.924436174011154577e-02,-7.134581224080939477e-02,-3.190666666293601877e-02,-2.917278032226340665e-03,-2.952434687662501903e-02,9.402715219768159605e-02,-8.025999797044371109e-02,-2.778555418602978236e-02,2.992747263517404610e-01,8.510271984669168926e-03,-1.561786572387935945e-01,4.955668438664428965e-02,-6.291876641946138327e-02,-6.920107893475116803e-03
8.016032064128257417e+00,8.627273395425729893e-03,-3.827888567387492669e-02,-7.534848337278805819e-03,-3.063071626586524876e-01,7.733659760393167548e-02,-1.291635296518289233e-01,7.041624319277887956e-02,-7.247339382631204363e-02,-3.213384823470580992e-02,-2.844802428621065297e-03,-2.996424511375617855e-02,9.568379010280309016e-02,-8.117115367413266225e-02,-2.868073892017728235e-02,3.042201955637793276e-01,8.661882683301827535e-03,-1.587156010347413049e-01,5.049809382459763407e-02,-6.371976331350548417e-02,-6.976991991201357199e-03
8.116232464929860058e+00,9.258547578836862774e-03,-3.896843508089149755e-02,-7.419946674238600895e-03,-3.111835476980264192e-01,7.873861504183593540e-02,-1.313172214274505589e-01,7.160359774166476232e-02,-7.361887118720070178e-02,-3.237875891294274971e-02,-2.777885375766123415e-03,-3.041155685772745434e-02,9.735506816926288443e-02,-8.211349663631470341e-02,-2.957552939259747854e-02,3.091958173308573254e-01,8.810823201557784964e-03,-1.612840318397497363e-01,5.144755892978872952e-02,-6.454058796732993486e-02,-7.039584227575358504e-03
8.216432865731462698e+00,9.883431714526132519e-03,-3.966647410247160083e-02,-7.311276599831541441e-03,-3.160981291509279978e-01,8.014967814216672481e-02,-1.334913457950301086e-01,7.280609876568475136e-02,-7.478196629075743729e-02,-3.264088795617371697e-02,-2.716288391726531283e-03,-3.086615922619468169e-02,9.904112802970899132e-02,-8.308625650674365815e-02,-3.047032015292967105e-02,3.141998452630390126e-01,8.957357988853758418e-03,-1.638836683851320475e-01,5.240511854832302641e-02,-6.538077947008671953e-02,-7.107567093641509876e-03
8.316633266533067115e+00,1.050221875586977022e-02,-4.037280909172499127e-02,-7.208613904609625055e-03,-3.210492175767807876e-01,8.156994175840635852e-02,-1.356858488806823304e-01,7.402332566888231158e-02,-7.596243918335221501e-02,-3.291974244997881993e-02,-2.659772788316753372e-03,-3.132794794515859210e-02,1.007419414089424092e-01,-8.408862327935709424e-02,-3.136542188492280614e-02,3.192306584303345462e-01,9.101660267983174846e-03,-1.665140977999901573e-01,5.337074175643103519e-02,-6.623988663516389153e-02,-7.180629871816794976e-03
8.416833667334669755e+00,1.111523328028967555e-02,-4.108729012739314318e-02,-7.111743568075935482e-03,-3.260350532855805783e-01,8.299941872121979758e-02,-1.379005025186728906e-01,7.525476388042869058e-02,-7.716008799044271615e-02,-3.321484730699136856e-02,-2.608099671100702795e-03,-3.179683734896479597e-02,1.024573101239168449e-01,-8.511974729227630987e-02,-3.226106140643539288e-02,3.242867613626989054e-01,9.243812035116169210e-03,-1.691747756112144674e-01,5.434432786046827085e-02,-6.711746800018557335e-02,-7.258468635890790235e-03
8.517034068136272396e+00,1.172283148925347407e-02,-4.180981101384936144e-02,-7.020459758684628737e-03,-3.310538063378955509e-01,8.443797983845476030e-02,-1.401349042514185572e-01,7.649980485462312685e-02,-7.837474891657456033e-02,-3.352574526689794387e-02,-2.561029939391740434e-03,-3.227276038030383459e-02,1.041868660837390603e-01,-8.617873922780638907e-02,-3.315738166943563159e-02,3.293667840500328903e-01,9.383804059799589689e-03,-1.718650257434843065e-01,5.532570639691536396e-02,-6.801309182701201217e-02,-7.340786251025667453e-03
8.617234468937876812e+00,1.232540120827449112e-02,-4.254030928109871212e-02,-6.934565833840939178e-03,-3.361035765448665558e-01,8.588535389514175000e-02,-1.423884773294870898e-01,7.775774607089266932e-02,-7.960629624538123617e-02,-3.385199689643834248e-02,-2.518324286252673211e-03,-3.275566859021113164e-02,1.059300712896686786e-01,-8.726467011243621563e-02,-3.405444176000134437e-02,3.344694819421824561e-01,9.521535884957004620e-03,-1.745840405192676248e-01,5.631463713237799817e-02,-6.892633610173957981e-02,-7.427292373756196400e-03
8.717434869739479453e+00,1.292336188691171200e-02,-4.327876618477798781e-02,-6.853874339901184706e-03,-3.411823934682062243e-01,8.734112765349386076e-02,-1.446604707115971000e-01,7.902779103379226067e-02,-8.085464233958396252e-02,-3.419318058940559041e-02,-2.479743198495760158e-03,-3.324553213806701046e-02,1.076862178351181143e-01,-8.837657131683834821e-02,-3.495221689831993356e-02,3.395937359489387686e-01,9.656815826888683410e-03,-1.773308806588209940e-01,5.731081006358685476e-02,-6.985678853470068950e-02,-7.517703451989735282e-03
8.817635270541082093e+00,1.351716459876985653e-02,-4.402520670615581166e-02,-6.778207012172755494e-03,-3.462882164202001345e-01,8.880474585290699940e-02,-1.469499590646183296e-01,8.030904927300470952e-02,-8.211973764099186890e-02,-3.454889256664594316e-02,-2.445046956682703741e-03,-3.374233979159670105e-02,1.094544279056527680e-01,-8.951343455586918685e-02,-3.585059843868847185e-02,3.447385524400384815e-01,9.789360975271613891e-03,-1.801044752801897186e-01,5.831384541739774441e-02,-7.080404656046390688e-02,-7.611742725006241141e-03
8.917835671342686510e+00,1.410729204149933566e-02,-4.477969955213256109e-02,-6.707394774914120922e-03,-3.514189344637059786e-01,9.027551120995976064e-02,-1.492558427635714835e-01,8.160053634334077377e-02,-8.340157067050198159e-02,-3.491874687605890648e-02,-2.413995635124656369e-03,-3.424609892687034696e-02,1.112336537789909430e-01,-9.067421188856886194e-02,-3.674939386951366072e-02,3.499030632451636813e-01,9.918797193159498843e-03,-1.829036218992078910e-01,5.932329365079151012e-02,-7.176771733783389451e-02,-7.709140223458268992e-03
9.018036072144289150e+00,1.469425853679623417e-02,-4.554235715524036776e-02,-6.641277741334834783e-03,-3.565723664121537850e-01,9.175258441841341317e-02,-1.515768478916281747e-01,8.290117382473898011e-02,-8.470016802809902934e-02,-3.530237539259718782e-02,-2.386349101882218656e-03,-3.475683552830296369e-02,1.130226778250037339e-01,-9.185781571816126201e-02,-3.764832681331179570e-02,3.550865256539414982e-01,1.004465911698274386e-02,-1.857269864294981698e-01,6.033863545087402025e-02,-7.274741774985134246e-02,-7.809632769370960549e-03
9.118236472945891791e+00,1.527861003040235401e-02,-4.631333567364315923e-02,-6.579705213595523142e-03,-3.617462608295459736e-01,9.323498414921202460e-02,-1.539115262401111184e-01,8.420978932226581837e-02,-8.601559439285570707e-02,-3.569942781826676570e-02,-2.361867018765438989e-03,-3.527459418865448032e-02,1.148201125057152217e-01,-9.306311879205403370e-02,-3.854703702670882887e-02,3.602883224159445508e-01,1.016639015654847641e-02,-1.885731031824719461e-01,6.135928173487624482e-02,-7.374277440379312099e-02,-7.912963976142058098e-03
9.218436873747494431e+00,1.586092409210519000e-02,-4.709283499113662425e-02,-6.522535682807890402e-03,-3.669382960304573560e-01,9.472158705048230876e-02,-1.562582553084939652e-01,8.552511646611560270e-02,-8.734795252293249546e-02,-3.610957168212682034e-02,-2.340308841333813960e-03,-3.579943810902973256e-02,1.166244003753023339e-01,-9.428895420183860954e-02,-3.944508040044033409e-02,3.655079617406908343e-01,1.028334249504053374e-02,-1.914403748673293437e-01,6.238457365015419309e-02,-7.475342363117218336e-02,-8.018884248541899296e-03
9.318637274549098848e+00,1.644208768377638033e-02,-4.788134328104930865e-02,-6.469626613269031934e-03,-3.721464905556027825e-01,9.621052361793021312e-02,-1.586145036811573150e-01,8.684555102772292812e-02,-8.869755800470907614e-02,-3.653255891584401144e-02,-2.321486184976114496e-03,-3.633177429037343781e-02,1.184334281786101062e-01,-9.553399268662585153e-02,-4.034152955323863643e-02,3.707456618937623460e-01,1.039442483798232696e-02,-1.943265038907754094e-01,6.341362483228843439e-02,-7.577913633026756024e-02,-8.127374719359588967e-03
9.418837675350701488e+00,1.702274467970995783e-02,-4.867907368822440434e-02,-6.420808136886098014e-03,-3.773694449758464020e-01,9.770040562920433158e-02,-1.609782767117164670e-01,8.817011774142761993e-02,-9.006429563688168882e-02,-3.696814618297373373e-02,-2.305399173986337567e-03,-3.687208316978653200e-02,1.202461039456600433e-01,-9.679728263521795995e-02,-4.123572627733541190e-02,3.760000950575261847e-01,1.049903858143547142e-02,-1.972294937566372308e-01,6.444594476574999620e-02,-7.681962653209405134e-02,-8.238731010487908291e-03
9.519038076152304129e+00,1.760216144029321667e-02,-4.948496258219982347e-02,-6.375924745270193476e-03,-3.826046407840749675e-01,9.919281511096496307e-02,-1.633511469540327166e-01,8.949946631591229607e-02,-9.144691398532575621e-02,-3.741581454112771765e-02,-2.292009684520796616e-03,-3.741957138736434763e-02,1.220639260397465981e-01,-9.807874136114874686e-02,-4.212892372046610212e-02,3.812660600662253763e-01,1.059851924002359891e-02,-2.001500012868566158e-01,6.548208138619995844e-02,-7.787404115108588487e-02,-8.352622213236786386e-03
9.619238476953908545e+00,1.817966267100869227e-02,-5.029800720359722810e-02,-6.334828081512379125e-03,-3.878495117458061192e-01,1.006891694186407421e-01,-1.657344903087079324e-01,9.083413937596990229e-02,-9.284422340538238394e-02,-3.787505681463265717e-02,-2.281268835463065841e-03,-3.797347276747520955e-02,1.238881919782013064e-01,-9.937822526411355106e-02,-4.302226953145174559e-02,3.865386110149316989e-01,1.069408682625108686e-02,-2.030885419194138064e-01,6.652250174423644802e-02,-7.894154944657159889e-02,-8.468714542916670404e-03
9.719438877755511186e+00,1.875469432645641976e-02,-5.111732306950065446e-02,-6.297375870848780262e-03,-3.931015083476409600e-01,1.021905839652974685e-01,-1.681293203932020530e-01,9.217450437348827241e-02,-9.425514360550568682e-02,-3.834539117356742383e-02,-2.273122290637895945e-03,-3.853311171092602821e-02,1.257198893580129817e-01,-1.006954940395490966e-01,-4.391671664697231053e-02,3.918132194745205243e-01,1.078675982188715896e-02,-2.060453646975711206e-01,6.756754800149283868e-02,-8.002136977271137597e-02,-8.586707646058231932e-03
9.819639278557113826e+00,1.932682361035401725e-02,-5.194214397345661705e-02,-6.263431920660585822e-03,-3.983580977972646098e-01,1.036978722216381765e-01,-1.705362885418332808e-01,9.352075358745036426e-02,-9.567870364726296928e-02,-3.882636113376312231e-02,-2.267510258811213705e-03,-3.909790319496234817e-02,1.275596958558278815e-01,-1.020302106786335344e-01,-4.481302329156678504e-02,3.970857744916714838e-01,1.087735517796588856e-02,-2.090204522698733414e-01,6.861743743063794532e-02,-8.111276957849723745e-02,-8.706334600412387811e-03
9.919839679358718243e+00,1.989573897553663720e-02,-5.277182198547405306e-02,-6.232866120474052710e-03,-4.036167640234462062e-01,1.052115457160031492e-01,-1.729556838057779711e-01,9.487290412393414862e-02,-9.711404194533465595e-02,-3.931753555680303491e-02,-2.264367493690120237e-03,-3.966735277326834119e-02,1.294079792279495822e-01,-1.033819414682864285e-01,-4.571175297763314244e-02,4.023525825888684126e-01,1.096648831478620224e-02,-2.120135208901475776e-01,6.967226241537592679e-02,-8.221506540775296024e-02,-8.827361914950275848e-03
1.002004008016032088e+01,2.046125012395694220e-02,-5.360582745202428084e-02,-6.205554441960504063e-03,-4.088750076760382379e-01,1.067318140343697652e-01,-1.753874329530706322e-01,9.623079791611256761e-02,-9.856040626751415290e-02,-3.981850865002264928e-02,-2.263623293922894901e-03,-4.024105657596677849e-02,1.312647973103389099e-01,-1.047501559911686864e-01,-4.661327450542827877e-02,4.076103677643987400e-01,1.105457312191186411e-02,-2.150240204175029590e-01,7.073199045044623046e-02,-8.332762289913395182e-02,-8.949589529863270429e-03
1.012024048096192352e+01,2.102328800668516740e-02,-5.444374899604111084e-02,-6.181378938936325784e-03,-4.141303461259773222e-01,1.082585848203527074e-01,-1.778311004686038976e-01,9.759410172425364571e-02,-1.000171537347080974e-01,-4.032889996650965841e-02,-2.265201503098990526e-03,-4.081870130961905152e-02,1.331298980186141900e-01,-1.061342271256826841e-01,-4.751776196306813776e-02,4.128562714923542654e-01,1.114182195817149841e-02,-2.180511343163311910e-01,7.179646414162374479e-02,-8.444985678612750013e-02,-9.072850816562973847e-03
1.022044088176352794e+01,2.158190482390908924e-02,-5.528529351692073462e-02,-6.160227747362971747e-03,-4.193803134652839271e-01,1.097914637752038375e-01,-1.802858885541287759e-01,9.896230713572040649e-02,-1.014837508209362055e-01,-4.084835440510394683e-02,-2.269020509749037750e-03,-4.140006425722519284e-02,1.350027193480510257e-01,-1.075334310459721970e-01,-4.842519472652762058e-02,4.180878527226307151e-01,1.122824565165857387e-02,-2.210937796563061664e-01,7.286540120571866064e-02,-8.558123089705257924e-02,-9.197012577681228443e-03
1.032064128256513058e+01,2.213727402493399082e-02,-5.613028619052178037e-02,-6.141995085346962924e-03,-4.246224605070620384e-01,1.113297546578121550e-01,-1.827506371282541231e-01,1.003347305649708726e-01,-1.029597733533312021e-01,-4.137654221039759744e-02,-2.274993247344841985e-03,-4.198501327822380669e-02,1.368823893735823249e-01,-1.089469472219223301e-01,-4.933535745964057195e-02,4.233030878809277975e-01,1.131365349973140547e-02,-2.241506071123839927e-01,7.393839447057651282e-02,-8.672125815505987712e-02,-9.321975047070095791e-03
1.042084168336673322e+01,2.268969030818273475e-02,-5.697867046916530592e-02,-6.126581253139882187e-03,-4.298543547854997149e-01,1.128724592847039354e-01,-1.852238238264472536e-01,1.017105132535581075e-01,-1.044449065121390297e-01,-4.191315897273489854e-02,-2.283027194299385148e-03,-4.257350680849215224e-02,1.387677262497983843e-01,-1.103738584191596567e-01,-5.024784011409986345e-02,4.285003708687492030e-01,1.139765326901315788e-02,-2.272200009648031038e-01,7.501491187507819403e-02,-8.786950057813187887e-02,-9.447671889801880982e-03
1.052104208416833764e+01,2.323956962119571451e-02,-5.783050808163481271e-02,-6.113892633138381244e-03,-4.350735805558688662e-01,1.144182775300426752e-01,-1.877035640010335515e-01,1.030886212701302568e-01,-1.059389448307187093e-01,-4.245792562821234378e-02,-2.293024373966824798e-03,-4.316559386034611590e-02,1.406572382109469166e-01,-1.118131506990521773e-01,-5.116203792945734491e-02,4.336785130634029373e-01,1.147965119539184724e-02,-2.303000790990843705e-01,7.609429646914001033e-02,-8.902556927908279738e-02,-9.574070202169117014e-03
1.062124248496994028e+01,2.378744916063084067e-02,-5.868597903317618325e-02,-6.103841689884177170e-03,-4.402777387945249199e-01,1.159656073256289666e-01,-1.901876107211964984e-01,1.044678455104303683e-01,-1.074417921955422850e-01,-4.301058845867859748e-02,-2.304881354642494568e-03,-4.376141402254014184e-02,1.425491235709328286e-01,-1.132637134187091804e-01,-5.207715143312379585e-02,4.388367433180005994e-01,1.155885198402033590e-02,-2.333886930060306841e-01,7.717576641371352852e-02,-9.018912446555858720e-02,-9.701170511684563055e-03
1.072144288577154292e+01,2.433398737226358938e-02,-5.954538160549777137e-02,-6.096346970064050672e-03,-4.454644471989073762e-01,1.175125446609006918e-01,-1.926733547729778673e-01,1.058468016972966136e-01,-1.089534618461949905e-01,-4.357091909173455707e-02,-2.318489249562903295e-03,-4.436119746026735700e-02,1.444412707233184989e-01,-1.147243392309814647e-01,-5.299218644036902959e-02,4.439747079614581038e-01,1.163425880931633245e-02,-2.364834277817274288e-01,7.825841498078571490e-02,-9.135987544003694449e-02,-9.829006777081218324e-03
1.082164328657314734e+01,2.487996395098698160e-02,-6.040913235677035364e-02,-6.091333102509850425e-03,-4.506313401875395308e-01,1.190568835829329541e-01,-1.951578246592775845e-01,1.072239303806621635e-01,-1.104740763753751520e-01,-4.413871450073331149e-02,-2.333733716905736760e-03,-4.496526491515948770e-02,1.463312581413236391e-01,-1.161937240844612140e-01,-5.390595405432184462e-02,4.490924707984954578e-01,1.170467331496240042e-02,-2.395816021275422314e-01,7.934121055337890749e-02,-9.253758059982736262e-02,-9.957646388312309943e-03
1.092184368737474998e+01,2.542627984081155187e-02,-6.127776612162709469e-02,-6.088730798198491341e-03,-4.557760689000283083e-01,1.205961161964379802e-01,-1.976376865998536181e-01,1.085974969375551880e-01,-1.120038677288941603e-01,-4.471379700478013419e-02,-2.350494959789856380e-03,-4.557402770528684588e-02,1.482163543778252102e-01,-1.176704672234819421e-01,-5.481707066596994138e-02,4.541905131096363735e-01,1.176869561390594607e-02,-2.426802683501248781e-01,8.042299662555074669e-02,-9.372204743707095165e-02,-1.008719016655129641e-02
1.102204408817635262e+01,2.597395723486540034e-02,-6.215193601116362349e-02,-6.088476850251951095e-03,-4.608963011970646506e-01,1.221274326637652452e-01,-2.001092445313223112e-01,1.099655915720988697e-01,-1.135431772056765265e-01,-4.529601426873250403e-02,-2.368647726275298349e-03,-4.618798772515839146e-02,1.500935180653576173e-01,-1.191530711881186450e-01,-5.572395795416008879e-02,4.592697336512088779e-01,1.182472428835922712e-02,-2.457762123614076200e-01,8.150249180239425850e-02,-9.491313253874071598e-02,-1.021777236419186760e-02
1.112224448897795703e+01,2.652413957539416500e-02,-6.303241341293799871e-02,-6.090514133937276198e-03,-4.659897216604233505e-01,1.236477212049014590e-01,-2.025684401071580487e-01,1.113261293155115017e-01,-1.150924554577599235e-01,-4.588523930320011213e-02,-2.388061309363277099e-03,-4.680773744572171158e-02,1.519593979161126263e-01,-1.206399418141877039e-01,-5.662484288559800627e-02,4.643314486553449250e-01,1.187095638979934753e-02,-2.488659536786049786e-01,8.257828980003784070e-02,-9.611074158664134615e-02,-1.034956066484795170e-02
1.122244488977955967e+01,2.707772755392356956e-02,-6.391955795424837661e-02,-6.094837347639852319e-03,-4.710540754445756151e-01,1.251545080218225692e-01,-2.050120168594544989e-01,1.126775502288164393e-01,-1.166516393613813429e-01,-4.648127529154433973e-02,-2.408655838515803230e-03,-4.743364127015701343e-02,1.538113553256689192e-01,-1.221297339585286634e-01,-5.751830985288060305e-02,4.693759474741954763e-01,1.190604286067635520e-02,-2.519468252225233185e-01,8.364931318257926018e-02,-9.731469987156353418e-02,-1.048262519592194596e-02
1.132264529058116231e+01,2.763328474970617316e-02,-6.481114612499652705e-02,-6.101487294797080033e-03,-4.760873634258340203e-01,1.266505979511329261e-01,-2.074431237920348614e-01,1.140215803326405791e-01,-1.182179114947106285e-01,-4.708346244693981802e-02,-2.430580590734117332e-03,-4.806427639498907917e-02,1.556522697101702657e-01,-1.236228947523564103e-01,-5.840625442343432006e-02,4.743957486154940506e-01,1.193233723882408150e-02,-2.550212357535784902e-01,8.471672907191493684e-02,-9.852385301076183044e-02,-1.061641406253202753e-02
1.142284569138276673e+01,2.818913772776784551e-02,-6.570559640937764789e-02,-6.110235063973345170e-03,-4.810875928360293097e-01,1.281385395378792369e-01,-2.098644348235765289e-01,1.153589877336579084e-01,-1.197895575734451157e-01,-4.769125414642218230e-02,-2.453859392237877236e-03,-4.869832025130010206e-02,1.574844725031332993e-01,-1.251195994378652698e-01,-5.929066863711977831e-02,4.793842512958524926e-01,1.195202923908089861e-02,-2.580901079201802228e-01,8.578121782051195687e-02,-9.973679558157869107e-02,-1.075055047891601036e-02
1.152304609218436937e+01,2.874390848372106871e-02,-6.660164043307463533e-02,-6.120852598479276964e-03,-4.860527957529712784e-01,1.296202401366500501e-01,-2.122778549956440830e-01,1.166901798449068856e-01,-1.213651921374307718e-01,-4.830416022591463993e-02,-2.478489704298628051e-03,-4.933466948502941013e-02,1.593096361211072676e-01,-1.266198176784185669e-01,-6.017312372069792692e-02,4.843358939986572853e-01,1.196685349641716557e-02,-2.611537797060725641e-01,8.684319688312860941e-02,-1.009522625481514974e-01,-1.088473459713089862e-02
1.162324649298597201e+01,2.929644501891027347e-02,-6.749816798255828254e-02,-6.133137901092642653e-03,-4.909810413004596641e-01,1.310971930363586113e-01,-2.146848106797339395e-01,1.180154155640072838e-01,-1.229435573410105204e-01,-4.892171929822567572e-02,-2.504462242847479807e-03,-4.997236228449972867e-02,1.611290360565475199e-01,-1.281234072072204022e-01,-6.105488938636742524e-02,4.892457833472587669e-01,1.197824695279521567e-02,-2.642123309292573330e-01,8.790295042095824796e-02,-1.021691142764404175e-01,-1.101870441177702463e-02
1.172344689378757465e+01,2.984582134041180099e-02,-6.839422700508719644e-02,-6.146915034058350949e-03,-4.958704356482839248e-01,1.325704774602429470e-01,-2.170862495772739598e-01,1.193348052731600384e-01,-1.245235229530240600e-01,-4.954349875304903117e-02,-2.531760978475106148e-03,-5.061057838041712470e-02,1.629435508778154795e-01,-1.296301138273157350e-01,-6.193693383176458733e-02,4.941096941049706315e-01,1.198734885716935643e-02,-2.672655832419936761e-01,8.896062930162923488e-02,-1.033863365342282126e-01,-1.115223575999803665e-02
1.182364729458917907e+01,3.039133746103392375e-02,-6.928902360870788091e-02,-6.162034119088446830e-03,-5.007191220122232389e-01,1.340407585658657807e-01,-2.194826407196236728e-01,1.206483108391473574e-01,-1.261040863568079484e-01,-5.016909475696368359e-02,-2.560363136431743469e-03,-5.124863904587102781e-02,1.647536622291786157e-01,-1.311395714115902167e-01,-6.281992373996340973e-02,4.989240691750701506e-01,1.199500076548586439e-02,-2.703131001307983450e-01,9.001625109920496914e-02,-1.046030404911203887e-01,-1.128514232148090934e-02
1.192384769539078171e+01,3.093251939931680738e-02,-7.018192206225459806e-02,-6.178371337362115884e-03,-5.055252806540466715e-01,1.355082874451145059e-01,-2.218739744680740811e-01,1.219557456133325835e-01,-1.276843725501954629e-01,-5.079813225343385308e-02,-2.590239196627190481e-03,-5.188600709633416769e-02,1.665594548308104161e-01,-1.326513019027702467e-01,-6.370422427947548816e-02,5.036860196007979518e-01,1.200174654068299381e-02,-2.733541869164454186e-01,9.106970009418380307e-02,-1.058184627185450172e-01,-1.141727561845593507e-02
1.202404809619238435e+01,3.146911917953255922e-02,-7.107244479534953474e-02,-6.195828929525681698e-03,-5.102871288815127304e-01,1.369729011242012129e-01,-2.242597625138478545e-01,1.232567744316603597e-01,-1.292636341455168092e-01,-5.143026496280901638e-02,-2.621352893630811247e-03,-5.252228688966267822e-02,1.683606164787904702e-01,-1.341647153134230552e-01,-6.458989910425014247e-02,5.083933245653583510e-01,1.200783235269096624e-02,-2.763878907539665253e-01,9.212072727349916723e-02,-1.070319651897529145e-01,-1.154852501569672736e-02
1.212424849699398877e+01,3.200111483168521093e-02,-7.196027239840269152e-02,-6.214335195692607602e-03,-5.150029210483701991e-01,1.384340225636628285e-01,-2.266390378780993031e-01,1.245509136146565055e-01,-1.308412513695990653e-01,-5.206517538232392078e-02,-2.653661216671532579e-03,-5.315722432609604198e-02,1.701564380451044689e-01,-1.356791097259566481e-01,-6.547671035367437498e-02,5.130444313919192423e-01,1.201320667843197749e-02,-2.794130006326509541e-01,9.316895033051950104e-02,-1.082430352798175593e-01,-1.167881772052022787e-02
1.222444889779559141e+01,3.252871039151068039e-02,-7.284524362261188268e-02,-6.233844495443494928e-03,-5.196709485543571372e-01,1.398906606583608381e-01,-2.290103549119141824e-01,1.258375309674280573e-01,-1.324167320637659462e-01,-5.270257478609851470e-02,-2.687114409637843173e-03,-5.379070684825704163e-02,1.719458134776440383e-01,-1.371936712926197233e-01,-6.636411865257275944e-02,5.176384555436116530e-01,1.201752030182019759e-02,-2.824280473760452104e-01,9.421385366504819725e-02,-1.094512857656350646e-01,-1.180811878278669076e-02
1.232464929859719405e+01,3.305233590047684800e-02,-7.372735537996283339e-02,-6.254337247826084745e-03,-5.242895398452016575e-01,1.413414102374815351e-01,-2.313717892963099432e-01,1.271158457796632835e-01,-1.339897116838381641e-01,-5.334220322513803791e-02,-2.721655971077796641e-03,-5.442276344115186404e-02,1.737272398002070450e-01,-1.387074742355018375e-01,-6.725128311120762148e-02,5.221751806235306326e-01,1.202012631376176734e-02,-2.854313036419535154e-01,9.525478838332375464e-02,-1.106564548259242470e-01,-1.193643109489969656e-02
1.242484969939879846e+01,3.357264740578348727e-02,-7.460676274322909640e-02,-6.275819931355256995e-03,-5.288570604126217045e-01,1.427844520645359383e-01,-2.337209380422356764e-01,1.283849288256316834e-01,-1.355599533001332346e-01,-5.398382952733297296e-02,-2.757222654199010647e-03,-5.505356463217003088e-02,1.754988171124972629e-01,-1.402194808465332398e-01,-6.813706132527892756e-02,5.266550583747344749e-01,1.202008011215480003e-02,-2.884207839224374736e-01,9.629097229801963920e-02,-1.118584060412265713e-01,-1.206379539180614871e-02
1.252505010020040110e+01,3.409052696036229957e-02,-7.548377894597201043e-02,-6.298325084013030491e-03,-5.333719127943246097e-01,1.442175528373596805e-01,-2.360549194905718629e-01,1.296437023641839603e-01,-1.371273475974653655e-01,-5.462725129745902436e-02,-2.793744466868663436e-03,-5.568342249108439168e-02,1.772582485901245675e-01,-1.417285414874849825e-01,-6.902000937592428498e-02,5.310792086802448297e-01,1.201613940188938322e-02,-2.913942445438161277e-01,9.732148992824432576e-02,-1.130571283939061644e-01,-1.219029025099626837e-02
1.262525050100200374e+01,3.460708262287690018e-02,-7.635887538254082507e-02,-6.321911303248562049e-03,-5.378325365740077579e-01,1.456380651881132027e-01,-2.383703733121307899e-01,1.308909401387520210e-01,-1.386919128751457619e-01,-5.527229491717717408e-02,-2.831144671613499038e-03,-5.631279063005117935e-02,1.790028404846049637e-01,-1.432333945899689209e-01,-6.989838182971896963e-02,5.354494195630473685e-01,1.200676419484757521e-02,-2.943491836666661809e-01,9.834529249954129804e-02,-1.142527362681498432e-01,-1.231603209250359959e-02
1.272545090180360816e+01,3.512364845772283917e-02,-7.723268160807261751e-02,-6.346663245978149091e-03,-5.422374083813584766e-01,1.470429276832816434e-01,-2.406634605076562183e-01,1.321252673773490316e-01,-1.402537950469824046e-01,-5.591881554503365381e-02,-2.869339785619824668e-03,-5.694226420360997548e-02,1.807295021233604471e-01,-1.447326666554376307e-01,-7.077013173867596763e-02,5.397681471860907854e-01,1.199011680990340854e-02,-2.972828412858216640e-01,9.936119794388914572e-02,-1.154454694499671141e-01,-1.244117517890501456e-02
1.282565130260521080e+01,3.564178453502756666e-02,-7.810598533849230640e-02,-6.372691628585227044e-03,-5.465850418920534803e-01,1.484286648236748107e-01,-2.429298634078234931e-01,1.333451607925693061e-01,-1.418132676412799942e-01,-5.656669711645992416e-02,-2.908239580733509421e-03,-5.757257990868366870e-02,1.824347459097190594e-01,-1.462248722551844349e-01,-7.163291064024583654e-02,5.440385158522873521e-01,1.196406187292288655e-02,-3.001921992303741571e-01,1.003678908997013286e-01,-1.166356931271900488e-01,-1.256591161532069102e-02
1.292585170340681344e+01,3.616327693065046062e-02,-7.897973245051265190e-02,-6.400133226920369338e-03,-5.508739878277593149e-01,1.497913870444272655e-01,-2.451647856732395714e-01,1.345489485815884734e-01,-1.433707318008401732e-01,-5.721585234377270235e-02,-2.947747083459986879e-03,-5.820461598457855878e-02,1.841146873229149161e-01,-1.477084140303435156e-01,-7.248406855731689968e-02,5.482643180045132514e-01,1.192616631676398503e-02,-3.030739811636727343e-01,1.013639227118264124e-01,-1.178238978894735056e-01,-1.269047134941414350e-02
1.302605210420841786e+01,3.668906463272245122e-02,-7.985422775591026479e-02,-6.429048437955000965e-03,-5.551032299567522088e-01,1.511286942911372055e-01,-2.473652131459374293e-01,1.357354072736944306e-01,-1.449259916686966299e-01,-5.786611002151764022e-02,-2.987814111655418513e-03,-5.883875121364584571e-02,1.857668755869002764e-01,-1.491821013466646806e-01,-7.332203712722817901e-02,5.524472055888154376e-01,1.187510154634290570e-02,-3.059259993300726399e-01,1.023483201589244634e-01,-1.190100801767523947e-01,-1.281494693603488569e-02
1.312625250501002050e+01,3.721482786340801763e-02,-8.072604861135565524e-02,-6.458961090794150019e-03,-5.592735378883153530e-01,1.524475704443195856e-01,-2.495392168054603177e-01,1.369063879131992567e-01,-1.464756565749646411e-01,-5.851674525727584147e-02,-3.028625203750213383e-03,-5.947222306443603057e-02,1.873978811802924915e-01,-1.506473465951657653e-01,-7.415203951758751744e-02,5.565754086241171406e-01,1.181636797477661135e-02,-3.087524577339602061e-01,1.033230940184935998e-01,-1.201913018771579023e-01,-1.293861058793563563e-02
1.322645290581162314e+01,3.773875442130059099e-02,-8.159388594634633951e-02,-6.489588762028334658e-03,-5.633844940994970907e-01,1.537506573424908540e-01,-2.516896310375110746e-01,1.380625835487200859e-01,-1.480185009075291047e-01,-5.916729235612096238e-02,-3.070181479454710261e-03,-6.010376160684731406e-02,1.890101003141912706e-01,-1.521044461078795151e-01,-7.497609973482857737e-02,5.606441172024730912e-01,1.175214846879538144e-02,-3.115541714170905196e-01,1.042888540338746811e-01,-1.213662166028889600e-01,-1.306119093371361194e-02
1.332665330661322756e+01,3.825975523361865860e-02,-8.245694213334388289e-02,-6.520725957676201147e-03,-5.674355066635229372e-01,1.550393514040566134e-01,-2.538178326380013949e-01,1.392043157830961941e-01,-1.495537425995956959e-01,-5.981736556609905386e-02,-3.112452555105745151e-03,-6.073252996853674424e-02,1.906047440089218836e-01,-1.535533679758950276e-01,-7.579532042841120865e-02,5.646504310754261180e-01,1.168370500303279533e-02,-3.143311518533909998e-01,1.052458279780661698e-01,-1.225339028568896982e-01,-1.318252857456586602e-02
1.342685370741483020e+01,3.877694080336997751e-02,-8.331452503023979717e-02,-6.552197273883291102e-03,-5.714260237463459902e-01,1.563147277685189851e-01,-2.559248443173939291e-01,1.403318132109049043e-01,-1.510806591654373088e-01,-6.046660458915599501e-02,-3.155407161888747029e-03,-6.135781203041613258e-02,1.921827273814882553e-01,-1.549940004251232351e-01,-7.661055617755917202e-02,5.685919674217176922e-01,1.161206634948890905e-02,-3.170832837268658388e-01,1.061941587107182033e-01,-1.236935535324283908e-01,-1.330248751470278212e-02
1.352705410821643284e+01,3.928962120935160229e-02,-8.416604798035567936e-02,-6.583857396922042360e-03,-5.753555336066472625e-01,1.575775402964766647e-01,-2.580113347007028657e-01,1.414452114184619747e-01,-1.525985877003943891e-01,-6.111467458113750695e-02,-3.199013145837744775e-03,-6.197901242665210253e-02,1.937446696455732698e-01,-1.564261518162971820e-01,-7.742241349126022243e-02,5.724668608472891496e-01,1.153802807753025531e-02,-3.198103249315965013e-01,1.071339041781326912e-01,-1.248444759130975801e-01,-1.342095516134808944e-02
1.362725450901803725e+01,3.979730610614987812e-02,-8.501102981244307299e-02,-6.615591103191788974e-03,-5.792235645958351276e-01,1.588282215696250887e-01,-2.600776183274936537e-01,1.425445529838213488e-01,-1.541069248808746850e-01,-6.176126615178915286e-02,-3.243237467835361539e-03,-6.259565654466607565e-02,1.952908941115386043e-01,-1.578495506449719143e-01,-7.823125080826609512e-02,5.762737633852808017e-01,1.146215255388983653e-02,-3.225119065717416134e-01,1.080650374132632457e-01,-1.259860916728140212e-01,-1.353784232473885518e-02
1.372745490981963989e+01,4.029970472414039911e-02,-8.584909484068350971e-02,-6.647313259218759485e-03,-5.830296851580454298e-01,1.600668828907561292e-01,-2.621236556518828920e-01,1.436297874767752114e-01,-1.556051269643533019e-01,-6.240609536475629632e-02,-3.288046203612813873e-03,-6.320739052513424383e-02,1.968214281864247295e-01,-1.592638455415242849e-01,-7.903717849709236687e-02,5.800118444960316033e-01,1.138476894266713876e-02,-3.251875329615366295e-01,1.089874465357151267e-01,-1.271179368758186545e-01,-1.365308321812547243e-02
1.382765531062124253e+01,4.079672586948807772e-02,-8.667997286468856477e-02,-6.678968821656079517e-03,-5.867735038301421513e-01,1.612933142837583156e-01,-2.641490530425384398e-01,1.447007714588540717e-01,-1.570927097893727864e-01,-6.304890373758417765e-02,-3.333404543749917369e-03,-6.381398126198759013e-02,1.983360033739510475e-01,-1.606686052711533697e-01,-7.984005885601866415e-02,5.836807910670803734e-01,1.130597320532811950e-02,-3.278365816252942766e-01,1.099009347517453661e-01,-1.282396619766766610e-01,-1.376663545777168443e-02
1.392785571142284695e+01,4.128847792414710310e-02,-8.750349916949978768e-02,-6.710532837283769182e-03,-5.904546692417164122e-01,1.625069844936168628e-01,-2.661530627826795836e-01,1.457572684833266519e-01,-1.585692487755430702e-01,-6.368945824171785841e-02,-3.379276793675082755e-03,-6.441531640241192347e-02,1.998340552745157539e-01,-1.620633187338800796e-01,-8.063950611308853822e-02,5.872808074131647960e-01,1.122562810070521118e-02,-3.304583032974043322e-01,1.108052203542627262e-01,-1.293510318202774345e-01,-1.387848006295456897e-02
1.402805611222444959e+01,4.177526884586092032e-02,-8.831961452558871606e-02,-6.742010443008743942e-03,-5.940728701150870261e-01,1.637070409864133935e-01,-2.681345830700767596e-01,1.467989490951999432e-01,-1.600343789235413317e-01,-6.432755130250218667e-02,-3.425626373665314160e-03,-6.501140434684779534e-02,2.013147235851958095e-01,-1.634473949645472990e-01,-8.143488642610943740e-02,5.908126152762215311e-01,1.114336318499732463e-02,-3.330518219223334575e-01,1.116999367228275891e-01,-1.304519256418345263e-01,-1.398862145596453666e-02
1.412825651302605223e+01,4.225760616816228582e-02,-8.912836518885691728e-02,-6.773436865864817212e-03,-5.976278352653007220e-01,1.648923099493263267e-01,-2.700921580170516645e-01,1.478253908312191500e-01,-1.614877948151123288e-01,-6.496300079918192194e-02,-3.472415818846214756e-03,-6.560237424899056924e-02,2.027768520997471069e-01,-1.648201631328199690e-01,-8.222531788265284580e-02,5.942774538253867700e-01,1.105857481176984389e-02,-3.356161346546256974e-01,1.125846323236521368e-01,-1.315423370668858116e-01,-1.409708746210533957e-02
1.422845691382765487e+01,4.273619700037323277e-02,-8.992990290063591907e-02,-6.804877423012695159e-03,-6.011193336001314780e-01,1.660612962906305445e-01,-2.720239776504773666e-01,1.488360782198678567e-01,-1.629292506130680385e-01,-6.559565006490160333e-02,-3.519606779191981980e-03,-6.618847601579043449e-02,2.042189887086043321e-01,-1.661808725431850320e-01,-8.300967050005411685e-02,5.976770796569956801e-01,1.097042613195462792e-02,-3.381501118589019805e-01,1.134587707096002263e-01,-1.326223741112932675e-01,-1.420392930969406955e-02
1.432865731462925929e+01,4.321194802760507797e-02,-9.072448488768729280e-02,-6.836427521739982770e-03,-6.045471741200810767e-01,1.672121836396976147e-01,-2.739278779117781393e-01,1.498304027813677775e-01,-1.643585600612879338e-01,-6.622536788670563279e-02,-3.567160019525409276e-03,-6.677008030745230915e-02,2.056393853988810472e-01,-1.675286926349513483e-01,-8.378656622541263976e-02,6.010137667945826268e-01,1.087784709385001408e-02,-3.406524971098603971e-01,1.143217305201874312e-01,-1.336922591812431671e-01,-1.430922163006115473e-02
1.442885771543086193e+01,4.368596551075840106e-02,-9.151247386220255631e-02,-6.868212659461177781e-03,-6.079112059183789940e-01,1.683428343469955957e-01,-2.758013406569295167e-01,1.508076630276789509e-01,-1.657755964847187624e-01,-6.685204850553820577e-02,-3.615035419517885224e-03,-6.734767853743595101e-02,2.070359982543695521e-01,-1.688627129822497519e-01,-8.455437893559164531e-02,6.042903066888809516e-01,1.077953444312081469e-02,-3.431219071922759212e-01,1.151728054815810282e-01,-1.347523290732459411e-01,-1.441306245755035430e-02
1.452905811623246457e+01,4.415955528652307921e-02,-9.229433802180325719e-02,-6.900388423717674150e-03,-6.112113181809820661e-01,1.694507894840892870e-01,-2.776414936564582381e-01,1.517670644624996568e-01,-1.671802927893747404e-01,-6.747561161624339443e-02,-3.663191973689394840e-03,-6.792188287245586042e-02,2.084064874555410785e-01,-1.701819432940331611e-01,-8.531123443721838617e-02,6.075100082178235272e-01,1.067395172279831869e-02,-3.455568321010008548e-01,1.160112044065999964e-01,-1.358030349741362608e-01,-1.451557322951877241e-02
1.462925851703406899e+01,4.463414414162934774e-02,-9.307061216253829927e-02,-6.933128975882471394e-03,-6.144474810755171656e-01,1.705333919590235059e-01,-2.794452506335320940e-01,1.527077358500636695e-01,-1.685726181491040976e-01,-6.809599563647425469e-02,-3.711589938745098096e-03,-6.849338333650704935e-02,2.097483288931498713e-01,-1.714853437870732522e-01,-8.605510547026352930e-02,6.106765185988067834e-01,1.055941892310576988e-02,-3.479556869981615952e-01,1.168360783834789113e-01,-1.368448921629451531e-01,-1.461689234833347083e-02
1.472945891783567163e+01,4.510785051968393966e-02,-9.384021595155911388e-02,-6.966126206474720570e-03,-6.176212085689913867e-01,1.715932596519260112e-01,-2.812155243914473690e-01,1.536297369380466293e-01,-1.699516420369007741e-01,-6.871285680214588021e-02,-3.760265072115046188e-03,-6.906105625673489290e-02,2.110638190000694026e-01,-1.727732395349827199e-01,-8.678801340342962023e-02,6.137860804018178129e-01,1.043805508101253166e-02,-3.503192086157740359e-01,1.176478251213505105e-01,-1.378764113243160228e-01,-1.471687328477967391e-02
1.482965931863727427e+01,4.557856775019241552e-02,-9.460200251474888689e-02,-6.999043869873872517e-03,-6.207333770754637214e-01,1.726336459182835903e-01,-2.829559282314703106e-01,1.545339462690253074e-01,-1.713165884553264073e-01,-6.932582010267612782e-02,-3.809210560499097162e-03,-6.962360916317235360e-02,2.123559451657705544e-01,-1.740462884637899443e-01,-8.751240710667328171e-02,6.168346461845662931e-01,1.031232328350930455e-02,-3.526486498329133301e-01,1.184472330472007423e-01,-1.388962894023773875e-01,-1.481529972168059948e-02
1.492985971943887868e+01,4.604549946005438016e-02,-9.535548184529669957e-02,-7.031739066073121325e-03,-6.237841640577328484e-01,1.736558002389270439e-01,-2.846678032610946429e-01,1.554210418465537535e-01,-1.726670974581872020e-01,-6.993462782819519219e-02,-3.858381300431949854e-03,-7.018046585541397320e-02,2.136258926038409056e-01,-1.753046787037167986e-01,-8.822917368157127960e-02,6.198211773343756947e-01,1.018320796790202210e-02,-3.549444616493543370e-01,1.192346733066608488e-01,-1.399040945624827059e-01,-1.491206078515478449e-02
1.503006012024048133e+01,4.650798406909645993e-02,-9.610023242258239340e-02,-7.064089382183314468e-03,-6.267738089337443474e-01,1.746607608823597668e-01,-2.863522633252199023e-01,1.562916036118452423e-01,-1.740028380853642365e-01,-7.053904237987090875e-02,-3.907735221474606738e-03,-7.073113470289932314e-02,2.148746493205827834e-01,-1.765485405160450161e-01,-8.893903167386248143e-02,6.227449306258538986e-01,1.005154035432273898e-02,-3.572070087991879861e-01,1.200104504946498951e-01,-1.408994548592519824e-01,-1.500706473883730782e-02
1.513026052104208397e+01,4.696549479007236516e-02,-9.683590121217655611e-02,-7.095992892432951941e-03,-6.297026130765916996e-01,1.756493549047576652e-01,-2.880101950061513816e-01,1.571461134437723006e-01,-1.753235083628137403e-01,-7.113884626990889248e-02,-3.957233286214378691e-03,-7.127520864491307395e-02,2.161030061150132631e-01,-1.777779462931162735e-01,-8.964253107344796745e-02,6.256054582208938619e-01,9.917998445729620666e-03,-3.594365697508214441e-01,1.207748026553748799e-01,-1.418820582365718785e-01,-1.510023898387979555e-02
1.523046092184368838e+01,4.741763962866286930e-02,-9.756220366584057724e-02,-7.127368158168185391e-03,-6.325709398145155093e-01,1.766221981499691562e-01,-2.896422576236000190e-01,1.579849551588666523e-01,-1.766288353025669278e-01,-7.173384212155248241e-02,-4.006839490264882397e-03,-7.181236519058491197e-02,2.173115565788642234e-01,-1.789929105583321078e-01,-9.034005331439098896e-02,6.284026076686732853e-01,9.783107027906943337e-03,-3.616333367069781701e-01,1.215279012823306248e-01,-1.428516525275956295e-01,-1.519153005895041222e-02
1.533066132264529102e+01,4.786416138347574650e-02,-9.827892372152652323e-02,-7.158154227852818983e-03,-6.353792144309037271e-01,1.775796952495151404e-01,-2.912488832346825096e-01,1.588084145113192458e-01,-1.779185749027299424e-01,-7.232385266908269994e-02,-4.056520862266038176e-03,-7.234236641888958097e-02,2.185006970965822914e-01,-1.801933899661538885e-01,-9.103181127491692670e-02,6.311365219056547238e-01,9.647237669465109564e-03,-3.637974156046976937e-01,1.222698513182998298e-01,-1.438080454547430720e-01,-1.528090364023386091e-02
1.543086172344689366e+01,4.830493764604587570e-02,-9.898591380337727619e-02,-7.188310637068307668e-03,-6.381279241642916489e-01,1.785220396225891681e-01,-2.928302766339213048e-01,1.596166791929801987e-01,-1.791925121474840232e-01,-7.290872075781829054e-02,-4.106247463884075619e-03,-7.286505897864688219e-02,2.196706268453288424e-01,-1.813792833021029838e-01,-9.171784927741334636e-02,6.338076392555855865e-01,9.510608721840623989e-03,-3.659288261153358368e-01,1.230006911553530452e-01,-1.447511046297006998e-01,-1.536834454143139010e-02
1.553106212424849808e+01,4.873998080083516427e-02,-9.968309482172646452e-02,-7.217817408513761517e-03,-6.408176182083621386e-01,1.794492134760571900e-01,-2.943864153532446126e-01,1.604098388333589364e-01,-1.804504610070854220e-01,-7.348830934411576532e-02,-4.155992389811530990e-03,-7.338037408852166044e-02,2.208213477949800274e-01,-1.825504314827605945e-01,-9.239804308842999858e-02,6.364166934294980260e-01,9.373285319296110682e-03,-3.680275016445647140e-01,1.237203926348487276e-01,-1.456807575534215526e-01,-1.545385671376079371e-02
1.563126252505010072e+01,4.916943802523256191e-02,-1.003704561730984351e-01,-7.246675052005938783e-03,-6.434489077119452949e-01,1.803609878044577508e-01,-2.959170496619861757e-01,1.611878849996239982e-01,-1.816922644378654028e-01,-7.406250149536927618e-02,-4.205731767767241155e-03,-7.388832753702379019e-02,2.219526647081267734e-01,-1.837066175557678094e-01,-9.307209991867873566e-02,6.389647135257089383e-01,9.235179378920313140e-03,-3.700932893323723993e-01,1.244288610474331563e-01,-1.465969916161252440e-01,-1.553746324595639550e-02
1.573146292585170336e+01,4.959359128955408841e-02,-1.010480557402083368e-01,-7.274904564479253710e-03,-6.460224657790184510e-01,1.812569223900018511e-01,-2.974217025668856040e-01,1.619507111966032031e-01,-1.829177943822302144e-01,-7.463120039001076844e-02,-4.255444758496354854e-03,-7.438901968250821728e-02,2.230641851400747278e-01,-1.848475666998255773e-01,-9.373955842303362263e-02,6.414530240298202957e-01,9.096049600628082141e-03,-3.721259500530633701e-01,1.251259351330404890e-01,-1.474998540972980721e-01,-1.561920636426907504e-02
1.583166332665330778e+01,5.001285735704282670e-02,-1.017160198919620645e-01,-7.302547429985769591e-03,-6.485390274687067302e-01,1.821363658025731413e-01,-2.988996698120882645e-01,1.626981128667835952e-01,-1.841269517686611734e-01,-7.519432931750988369e-02,-4.305113555770324896e-03,-7.488263545317493108e-02,2.241553194388443693e-01,-1.859729462246947906e-01,-9.439978870053090942e-02,6.438832448147187026e-01,8.955501467160384421e-03,-3.741251584152582299e-01,1.258113870808927892e-01,-1.483894521656929089e-01,-1.569914743246624694e-02
1.593186372745491042e+01,5.042778778386886734e-02,-1.023745434834562179e-01,-7.329665619695204838e-03,-6.509993897952822683e-01,1.829984553997276442e-01,-3.003500198791451692e-01,1.634297873903113318e-01,-1.853196665117145814e-01,-7.575183167837394593e-02,-4.354723386386909895e-03,-7.536944434706895068e-02,2.252252807451708694e-01,-1.870823655711962019e-01,-9.505199229436894770e-02,6.462572911405755072e-01,8.812987244084309613e-03,-3.760905027618937635e-01,1.264849225294999435e-01,-1.492659528793292001e-01,-1.577736695183186086e-02
1.603206412825651483e+01,5.083906891912939874e-02,-1.030238898559782262e-01,-7.356341591894926916e-03,-6.534044117281645470e-01,1.838421173266940045e-01,-3.017715939870130315e-01,1.641453340849919063e-01,-1.864958975120217799e-01,-7.630367098414804483e-02,-4.404262510170175136e-03,-7.584980043208039424e-02,2.262730849925042309e-01,-1.881753763112104794e-01,-9.569520219190832955e-02,6.485773736548471335e-01,8.667805979793045956e-03,-3.780214851702231038e-01,1.271461805666596889e-01,-1.501295831854929930e-01,-1.585396456116642400e-02
1.613226452905811570e+01,5.124752190484862385e-02,-1.036643908370062095e-01,-7.382678291989956676e-03,-6.557550141919207265e-01,1.846660665163733506e-01,-3.031630060920543768e-01,1.648442542062899252e-01,-1.876556326562890120e-01,-7.684983085741493858e-02,-4.453722219970488241e-03,-7.632414234594434022e-02,2.272975509070091216e-01,-1.892514721476781236e-01,-9.632828282467170711e-02,6.508459983922744163e-01,8.519103505505918467e-03,-3.799175214518153432e-01,1.277947337294576824e-01,-1.509806299207369640e-01,-1.592905903678696819e-02
1.623246492985972012e+01,5.165410267597785043e-02,-1.042964467402091033e-01,-7.408799152502970088e-03,-6.580521800662652021e-01,1.854688066893393772e-01,-3.045226428880374314e-01,1.655259509473293311e-01,-1.887988888172977830e-01,-7.739031503179519267e-02,-4.503096841664532175e-03,-7.679299329624102166e-02,2.282973000075650960e-01,-1.903100889145995789e-01,-9.694993006834402849e-02,6.530659667748835995e-01,8.365872435268342094e-03,-3.817779411525560329e-01,1.284300880042674176e-01,-1.518194398108804188e-01,-1.600278829252707938e-02
1.633266533066132453e+01,5.205943087207162701e-02,-1.049202946203680598e-01,-7.434789224135983886e-03,-6.602970160273236022e-01,1.862494086462586074e-01,-3.058495218214511979e-01,1.661899773065656227e-01,-1.899256242992704014e-01,-7.792508745490168975e-02,-4.552381958601836240e-03,-7.725666400948638657e-02,2.292714670336455651e-01,-1.913508250864128513e-01,-9.755926237997418482e-02,6.552393692490755539e-01,8.207491095326794120e-03,-3.836023253171877978e-01,1.290518897192690917e-01,-1.526461717568363130e-01,-1.607524834963285423e-02
1.643286573146292540e+01,5.246177808035849127e-02,-1.055350795870206304e-01,-7.460417887013964452e-03,-6.624906269491952493e-01,1.870107972868330637e-01,-3.071469179398528815e-01,1.668373610210769353e-01,-1.910354704165726503e-01,-7.845385873832937118e-02,-4.601552636106497410e-03,-7.771405965419485307e-02,2.302227585692009637e-01,-1.923744535984428239e-01,-9.815840075999343606e-02,6.573635076337508432e-01,8.046006824531227661e-03,-3.853920598229855221e-01,1.296609315234807380e-01,-1.534599247157670820e-01,-1.614623474219126567e-02
1.653306613226452981e+01,5.286022525283273071e-02,-1.061404238589633564e-01,-7.485525936132658188e-03,-6.646335602518621544e-01,1.877545324338103783e-01,-3.084166099006945272e-01,1.674690304680274688e-01,-1.921283480698960933e-01,-7.897649836903916643e-02,-4.650570647879284647e-03,-7.816468965628781129e-02,2.311527073698214363e-01,-1.933814663398533695e-01,-9.874852526356246718e-02,6.594376761831053368e-01,7.882522435985705317e-03,-3.871481046504448020e-01,1.302578052438378431e-01,-1.542604527197340147e-01,-1.621565114324065998e-02
1.663326653306613423e+01,5.325414941382858314e-02,-1.067360935328491162e-01,-7.509995127157016032e-03,-6.667263580433788750e-01,1.884817106026010214e-01,-3.096598691820459659e-01,1.680857460705839634e-01,-1.932042345606352352e-01,-7.949291337186596695e-02,-4.699400560751146316e-03,-7.860824357368689785e-02,2.320624209875427335e-01,-1.943722248404330388e-01,-9.933044877577384968e-02,6.614617574827245106e-01,7.717810039573118515e-03,-3.888712184058478183e-01,1.308429712256213018e-01,-1.550476541726448221e-01,-1.628343944046723932e-02
1.673346693386773509e+01,5.364303532148593373e-02,-1.073219014711688513e-01,-7.533726515352026816e-03,-6.687696092907683409e-01,1.891932790191197811e-01,-3.108778060102654339e-01,1.686881803803788049e-01,-1.942631209324286179e-01,-8.000302126697257654e-02,-4.748010036962615685e-03,-7.904446679596269232e-02,2.329528642350192913e-01,-1.953470434088908358e-01,-9.990484939090575611e-02,6.634358034540812632e-01,7.552527920133098906e-03,-3.905620853556622252e-01,1.314168322931804911e-01,-1.558214593993950958e-01,-1.634955516278541882e-02
1.683366733466933951e+01,5.402647546775030118e-02,-1.078977073022516220e-01,-7.556640455582725076e-03,-6.707639498200219652e-01,1.898900356197860406e-01,-3.120713693599992400e-01,1.692769180775100801e-01,-1.953050119711587929e-01,-8.050675006984976678e-02,-4.796369834163810054e-03,-7.947316054433484211e-02,2.338248591855244252e-01,-1.963061891328564401e-01,-1.004722704124219879e-01,6.653600353545361390e-01,7.387220537462006222e-03,-3.922213154265409840e-01,1.319797337499331868e-01,-1.565818306458685305e-01,-1.641396748033783007e-02
1.693386773547094393e+01,5.440417007837279606e-02,-1.084634174202645240e-01,-7.578676602314184108e-03,-6.727100623160986448e-01,1.905726290515234456e-01,-3.132413469541817652e-01,1.698524559705414660e-01,-1.963299262049520433e-01,-8.100403829131612443e-02,-4.844453805414421221e-03,-7.989418187167192376e-02,2.346790851729501637e-01,-1.972498818788798736e-01,-1.010331203529718364e-01,6.672348437773365504e-01,7.222318526312963838e-03,-3.938494442053221967e-01,1.325319633783656470e-01,-1.573287620789366181e-01,-1.647665920449530377e-02
1.703406813627254479e+01,5.477592711291012773e-02,-1.090189849852127024e-01,-7.599793909611517705e-03,-6.746086763229258709e-01,1.912415586717600979e-01,-3.143883652640355741e-01,1.704152029965023407e-01,-1.973378959041787450e-01,-8.149483493751820407e-02,-4.892238899183725016e-03,-8.030744366249148447e-02,2.355160787918073040e-01,-1.981782942924317226e-01,-1.015876729343901941e-01,6.690607886516171110e-01,7.058138696395838824e-03,-3.954469329390292720e-01,1.330737514400325561e-01,-1.580622797864588702e-01,-1.653762678785689055e-02
1.713426853707414921e+01,5.514166226472468069e-02,-1.095644099229394486e-01,-7.619970631139883627e-03,-6.764605682433991740e-01,1.918971745484285840e-01,-3.155128895090713592e-01,1.709654802208877278e-01,-1.983289670814532279e-01,-8.197909950993044481e-02,-4.939705159350579571e-03,-8.071291463296009772e-02,2.363362338972255228e-01,-1.990915517979031935e-01,-1.021360670876975824e-01,6.708385992424003019e-01,6.894884032377224595e-03,-3.970141685348709815e-01,1.336052706755570529e-01,-1.587824417772827346e-01,-1.659688032424984708e-02
1.723446893787575362e+01,5.550139896098441050e-02,-1.100997389251260616e-01,-7.639204320164479263e-03,-6.782665613393822346e-01,1.925396774599657801e-01,-3.166152236570879963e-01,1.715035208376582687e-01,-1.993031994916336092e-01,-8.245680200535521198e-02,-4.986835725203422713e-03,-8.111061933089327991e-02,2.371398016049530988e-01,-1.999897325986058627e-01,-1.026783069531000681e-01,6.725691741505953614e-01,6.732643693880475608e-03,-3.985514635602412925e-01,1.341266363046307031e-01,-1.594893379812436507e-01,-1.665444354872964994e-02
1.733466933867735449e+01,5.585526836266288542e-02,-1.106250654492918900e-01,-7.657511829550542500e-03,-6.800275257317065503e-01,1.931691188953130467e-01,-3.176955104241724337e-01,1.720294701692402783e-01,-2.002606666318220430e-01,-8.292792291592272769e-02,-5.033616831440269369e-03,-8.150063813575553207e-02,2.379268902913572181e-01,-2.008728676767718435e-01,-1.032142618799892497e-01,6.742535813129990618e-01,6.571393015485695217e-03,-4.000590562427194241e-01,1.346379060260134986e-01,-1.601830902491649111e-01,-1.671035383757997136e-02
1.743486973947895891e+01,5.620350936453933494e-02,-1.111405297187944563e-01,-7.674929311763353454e-03,-6.817443784001723239e-01,1.937854010539162009e-01,-3.187537312746998586e-01,1.725433856665257726e-01,-2.012014557413646376e-01,-8.339245322909118185e-02,-5.080037808168723704e-03,-8.188310725866038142e-02,2.386974655934237799e-01,-2.017409407935538967e-01,-1.037436664269423825e-01,6.758930580022954882e-01,6.410993506729708788e-03,-4.015371104700698468e-01,1.351390800175339413e-01,-1.608638523528578557e-01,-1.676466220831270698e-02
1.753507014028056332e+01,5.654646859519855961e-02,-1.116463187228292492e-01,-7.691512218868234475e-03,-6.834180831835473535e-01,1.943882768457253496e-01,-3.197897064213335305e-01,1.730452369088723297e-01,-2.021256678018513719e-01,-8.385039442764663509e-02,-5.126091080905962639e-03,-8.225821874237029818e-02,2.394513504087575073e-01,-2.025938884890251535e-01,-1.042661203617222671e-01,6.774890108270560374e-01,6.251192852106107062e-03,-4.029857157902424492e-01,1.356301009360888765e-01,-1.615318099851217326e-01,-1.681743331966796540e-02
1.763527054108216419e+01,5.688460041703097964e-02,-1.121426662164298621e-01,-7.707335302530547542e-03,-6.850496507795679202e-01,1.949773498911951397e-01,-3.208030948250247816e-01,1.735349056041032567e-01,-2.030334175371161787e-01,-8.430175848970304642e-02,-5.171772170578747135e-03,-8.262622046129670939e-02,2.401882248955818366e-01,-2.034316000821792536e-01,-1.047810886612772358e-01,6.790430157317390858e-01,6.091624911065222740e-03,-4.044048874113721492e-01,1.361108539176436871e-01,-1.621871807597436432e-01,-1.686874547161405086e-02
1.773547094188376860e+01,5.721846692623267644e-02,-1.126298527204680072e-01,-7.722492614015696866e-03,-6.866401387449383442e-01,1.955520745212845912e-01,-3.217933941950133492e-01,1.740121855885074509e-01,-2.039248334132369445e-01,-8.474656788870231494e-02,-5.217079693523420450e-03,-8.298741612150009606e-02,2.409076264727390004e-01,-2.042539176709305127e-01,-1.052879015117412914e-01,6.805568179966907660e-01,5.931809718014118341e-03,-4.057945662017793942e-01,1.365811665772321548e-01,-1.628302142114988471e-01,-1.691869060534749447e-02
1.783567134268537302e+01,5.754873795280530252e-02,-1.131082055216534044e-01,-7.737097504189126285e-03,-6.881906514953309850e-01,1.961117557774570974e-01,-3.227599409888267656e-01,1.744767828268395382e-01,-2.048000576385354821e-01,-8.518485559341421043e-02,-5.262015361485906408e-03,-8.334216526068986830e-02,2.416089498196900553e-01,-2.050606361321135884e-01,-1.057857543084339269e-01,6.820323322381443010e-01,5.771153482316614819e-03,-4.071546186899697162e-01,1.370408090089565156e-01,-1.634611917961503458e-01,-1.696737430329302992e-02
1.793587174348697388e+01,5.787619106055613000e-02,-1.135780986725338365e-01,-7.751282623516323605e-03,-6.897023403053864632e-01,1.966555494116804526e-01,-3.237019104122809132e-01,1.749283154123196793e-01,-2.056592461635775027e-01,-8.561666506793642883e-02,-5.306583981621705061e-03,-8.369088324822443470e-02,2.422914468765147156e-01,-2.058515031214836755e-01,-1.062737076558602500e-01,6.834716424082201147e-01,5.608948588293281162e-03,-4.084848370646339544e-01,1.374894937859874045e-01,-1.640804268904492158e-01,-1.701491578910360389e-02
1.803607214428857830e+01,5.820171154709808531e-02,-1.140399529914952470e-01,-7.765199922062817131e-03,-6.911764033087134385e-01,1.971824618864269907e-01,-3.246183164194798576e-01,1.753663135666338468e-01,-2.065025686811727545e-01,-8.604205027169457842e-02,-5.350793456495903967e-03,-8.403404128511117455e-02,2.429542268439116304e-01,-2.066262190737166438e-01,-1.067506873677109697e-01,6.848770017949260547e-01,5.444373595221410969e-03,-4.097849391746483105e-01,1.379268759605639938e-01,-1.646882647921344422e-01,-1.706144792766037602e-02
1.813627254509017916e+01,5.852575595666351105e-02,-1.144939593970945302e-01,-7.778961367775753463e-03,-6.926138951301271662e-01,1.976922558516721884e-01,-3.255089963517975860e-01,1.757907231057276032e-01,-2.073301393429699269e-01,-8.646100767004437360e-02,-5.394639675812861086e-03,-8.437181687503993166e-02,2.435971104428309164e-01,-2.073847404546650952e-01,-1.072161965412576634e-01,6.862498088825750298e-01,5.277114029339146847e-03,-4.110550562551335552e-01,1.383528840266345650e-01,-1.652849044494839048e-01,-1.710702247163144868e-02
1.823647294589178358e+01,5.884680381530450755e-02,-1.149394377560014474e-01,-7.792385902949586392e-03,-6.940151532290971259e-01,1.981876578592938754e-01,-3.263770182886610582e-01,1.762031311158762104e-01,-2.081419084269137132e-01,-8.687337951134187219e-02,-5.438074502386350609e-03,-8.470331135182739002e-02,2.442227276484752185e-01,-2.081280535807608911e-01,-1.076723154815007327e-01,6.875881020820464595e-01,5.108984303766765656e-03,-4.122969338049830013e-01,1.387685727860310525e-01,-1.658699678710888747e-01,-1.715140716640162905e-02
1.833667334669338800e+01,5.916404888179993549e-02,-1.153762336838921876e-01,-7.805291376842725219e-03,-6.953807331569860084e-01,1.986697955323918074e-01,-3.272237190139509755e-01,1.766042340297379887e-01,-2.089380152114234113e-01,-8.727919984778395590e-02,-5.481081717364510303e-03,-8.502831559353576929e-02,2.448322151379167810e-01,-2.088566479217806304e-01,-1.081201273176924521e-01,6.888917111629035972e-01,4.940805573636224829e-03,-4.135114713713823331e-01,1.391744595705631526e-01,-1.664434006664379795e-01,-1.719456513611493723e-02
1.843687374749498886e+01,5.947688620082243471e-02,-1.158042785519403511e-01,-7.817528765475433711e-03,-6.967112413396028270e-01,1.991395172421930038e-01,-3.280501312266119740e-01,1.769945769706983696e-01,-2.097186196070095487e-01,-8.767851807694562738e-02,-5.523649311858563546e-03,-8.534672308926245787e-02,2.454264456002446249e-01,-2.095709193075158683e-01,-1.085604608175057550e-01,6.901607678669136048e-01,4.773189641899403153e-03,-4.146994181973771010e-01,1.395709562986613139e-01,-1.670052090182541638e-01,-1.723648561350744554e-02
1.853707414829659328e+01,5.978481530846690983e-02,-1.162235332214862499e-01,-7.828974771739025812e-03,-6.980073014273069365e-01,1.995975718787650899e-01,-3.288571787501937682e-01,1.773746538651935489e-01,-2.104838859599562351e-01,-8.807138264858341281e-02,-5.565766285619951070e-03,-8.565845773632113636e-02,2.460061967581433640e-01,-2.102712287366046151e-01,-1.089940210969140427e-01,6.913955027736802261e-01,4.606657836976706805e-03,-4.158614695320179688e-01,1.399584333515915269e-01,-1.675554241556640733e-01,-1.727716399722401680e-02
1.863727454909819770e+01,6.008744023225045389e-02,-1.166339880440368099e-01,-7.839531825395852638e-03,-6.992695542950078114e-01,2.000446088510164921e-01,-3.296456765328507621e-01,1.777449074427102371e-01,-2.112339830523209672e-01,-8.845784106463519536e-02,-5.607422647040320556e-03,-8.596347384024174976e-02,2.465721513678930110e-01,-2.109579023765313921e-01,-1.094213896201910313e-01,6.925962453006437869e-01,4.441641012757104913e-03,-4.169982666303605479e-01,1.403372195734551853e-01,-1.680941023541978330e-01,-1.731660185181830430e-02
1.873747494989979856e+01,6.038446949111239692e-02,-1.170356628612656130e-01,-7.849128083079316351e-03,-7.004986580421651565e-01,2.004811780866962712e-01,-3.304163306473423267e-01,1.781057292357858535e-01,-2.119690841019346850e-01,-8.883793987922031232e-02,-5.648609413151530964e-03,-8.626175611477052141e-02,2.471248972193691440e-01,-2.116312315636271479e-01,-1.098430241999108492e-01,6.937634237030809725e-01,4.278479548598112213e-03,-4.181103967534652854e-01,1.407076022711892527e-01,-1.686213249357893240e-01,-1.735480690775275878e-02
1.883767535070140298e+01,6.067571609541433375e-02,-1.174286070050128972e-01,-7.857717428293862355e-03,-7.016952879927891296e-01,2.009077300323943716e-01,-3.311697382910326892e-01,1.784574595800083874e-01,-2.126893667624019102e-01,-8.921172469863955512e-02,-5.689318609625656012e-03,-8.655331968186998071e-02,2.476649271360428228e-01,-2.122914728030693421e-01,-1.102592589969480646e-01,6.948975650741053833e-01,4.117423349325775167e-03,-4.191983931683980202e-01,1.410698272145661791e-01,-1.691371982687760733e-01,-1.739179306139861103e-02
1.893787575150300739e+01,6.096109754694006150e-02,-1.178128992972855421e-01,-7.865279471414979295e-03,-7.028601366954398966e-01,2.013246156535412890e-01,-3.319063877858907663e-01,1.788003876140164816e-01,-2.133950131231005520e-01,-8.957924018137511379e-02,-5.729543270774977229e-03,-8.683821007171890760e-02,2.481926389749805895e-01,-2.129388477688818615e-01,-1.106703045204775887e-01,6.959992953446666464e-01,3.958631845234699721e-03,-4.202627351482292051e-01,1.414240986361938734e-01,-1.696418537678991700e-01,-1.742758037503589277e-02
1.903807615230460826e+01,6.124063583889557960e-02,-1.181886480502570835e-01,-7.871819549689202528e-03,-7.039939139232280763e-01,2.017320864344083198e-01,-3.326266585784905527e-01,1.791347512794993491e-01,-2.140862097091820182e-01,-8.994053003809060476e-02,-5.769277439551988296e-03,-8.711650322271236035e-02,2.487083356268444678e-01,-2.135735433039351316e-01,-1.110762476279747585e-01,6.970693392835511926e-01,3.802173992088039595e-03,-4.213038479720345175e-01,1.417705792315158142e-01,-1.701354478943033766e-01,-1.746219507685342273e-02
1.913827655310621267e+01,6.151445745590919389e-02,-1.185559910662677130e-01,-7.877368727234110649e-03,-7.050973466738145179e-01,2.021302943781075334e-01,-3.333308212400107329e-01,1.794607373211969392e-01,-2.147631474815712149e-01,-9.029563703163111243e-02,-5.808516167549396779e-03,-8.738830548146170329e-02,2.492122250158920749e-01,-2.141957114199460055e-01,-1.114770515252152955e-01,6.981085204973823677e-01,3.648028271117476767e-03,-4.223221029248945269e-01,1.421093901588108832e-01,-1.706181621555371286e-01,-1.749566956094881359e-02
1.923847695390781709e+01,6.178279337403136395e-02,-1.189150956378242641e-01,-7.881983795038328966e-03,-7.061711791694101903e-01,2.025192920065916613e-01,-3.340190374662349027e-01,1.797784812868997439e-01,-2.154260218369664914e-01,-9.064460297702311986e-02,-5.847255515000118059e-03,-8.765375360279456518e-02,2.497044200999764263e-01,-2.148054692974778190e-01,-1.118725557662753195e-01,6.991177614306194332e-01,3.496082689023257035e-03,-4.233178172978948606e-01,1.424406110391935321e-01,-1.710902031055524519e-01,-1.752804238732846159e-02
1.933867735470941795e+01,6.204597906073480718e-02,-1.192661585476001984e-01,-7.885747270961526029e-03,-7.072161728567762928e-01,2.028990323606540969e-01,-3.346913600775515141e-01,1.800880675274488529e-01,-2.160750326078396122e-01,-9.098746874147452257e-02,-5.885492550777278800e-03,-8.791301474975482533e-02,2.501849388705461030e-01,-2.154028992859403635e-01,-1.122624762535313347e-01,7.000980833655585656e-01,3.346134777974170069e-03,-4.242912543881260934e-01,1.427642799566136711e-01,-1.715518023447049900e-01,-1.755935828190756734e-02
1.943887775551102237e+01,6.230445447491449878e-02,-1.196094060684356752e-01,-7.888767399734417096e-03,-7.082331064072246996e-01,2.032693689999291453e-01,-3.353477330189539307e-01,1.803895291967360370e-01,-2.167103840624359790e-01,-9.132427424437472574e-02,-5.923225352394222154e-03,-8.816628649360268299e-02,2.506537043526451680e-01,-2.159880489035899687e-01,-1.126464052376602715e-01,7.010506064223324119e-01,3.197891595607537264e-03,-4.252426234986839138e-01,1.430803934578567527e-01,-1.720032165197541152e-01,-1.758966813651010805e-02
1.953907815631262679e+01,6.255876406688759550e-02,-1.199450939633374819e-01,-7.891178152958762404e-03,-7.092227757166169599e-01,2.036300560028916351e-01,-3.359879913600402612e-01,1.806828482517037204e-01,-2.173322849047743255e-01,-9.165505845729446377e-02,-5.960453006004496485e-03,-8.841379681381461575e-02,2.511105446049131107e-01,-2.165609308375293640e-01,-1.130238113176394166e-01,7.019765495589100901e-01,3.050969725029242102e-03,-4.261720799386689018e-01,1.433889065525436879e-01,-1.724447273238627620e-01,-1.761902900886886530e-02
1.963927855711422765e+01,6.280955677839351881e-02,-1.202735074854790198e-01,-7.893139229107363694e-03,-7.101859939053651871e-01,2.039807479668572232e-01,-3.366118612950135258e-01,1.809679554523448419e-01,-2.179409482746468563e-01,-9.197985940398596683e-02,-5.997175606401864041e-03,-8.865580409808333784e-02,2.515551927195850968e-01,-2.171215229437077343e-01,-1.133940394407464691e-01,7.028772305710975221e-01,2.904895274813711938e-03,-4.270797250231866404e-01,1.436897327131308466e-01,-1.728766414965974829e-01,-1.764750412262540077e-02
1.973947895791583207e+01,6.305758604259392719e-02,-1.205949613782004159e-01,-7.894836053524071154e-03,-7.111235913184318358e-01,2.043210000079823119e-01,-3.372189601426816563e-01,1.812447303617031047e-01,-2.185365917476193298e-01,-9.229871416038289145e-02,-6.033394257020300092e-03,-8.889259714231789733e-02,2.519872868224916629e-01,-2.176697682469208583e-01,-1.137563109025595265e-01,7.037540660925368785e-01,2.759103879003905850e-03,-4.279656060733477707e-01,1.439827438749101962e-01,-1.732992908239285590e-01,-1.767516286733007355e-02
1.983967935871743649e+01,6.330370978407266758e-02,-1.209097998750083697e-01,-7.896479778423778212e-03,-7.120364155253292582e-01,2.046502677612639653e-01,-3.378087963464572741e-01,1.815130013458726987e-01,-2.191194373350309754e-01,-9.261165885460030667e-02,-6.069111069933988585e-03,-8.912449515064359284e-02,2.524063700730587723e-01,-2.182055749408109147e-01,-1.141097233469570982e-01,7.046085715947070227e-01,2.612940697111345006e-03,-4.288297164162679365e-01,1.442677704360091351e-01,-1.737130321382298337e-01,-1.770208079844203669e-02
1.993987975951903735e+01,6.354889041883582390e-02,-1.212183966995762779e-01,-7.898307282892425008e-03,-7.129253313201204811e-01,2.049679073805399931e-01,-3.383807694743580230e-01,1.817725455739985507e-01,-2.196897114839943821e-01,-9.291872866693469402e-02,-6.104329165857324754e-03,-8.935184773540197356e-02,2.528118906643080921e-01,-2.187288163878664815e-01,-1.144532507661180226e-01,7.054423613869234000e-01,2.465660414116094441e-03,-4.296719953850676177e-01,1.445446012573905759e-01,-1.741182473182787960e-01,-1.772833963732923027e-02
2.004008016032064177e+01,6.379324935541258457e-02,-1.215208111664163732e-01,-7.900403206120903618e-03,-7.137909561319559781e-01,2.052742596644223649e-01,-3.389353383626766414e-01,1.820236513133268175e-01,-2.202475889487646166e-01,-9.321993905857603457e-02,-6.139040530619966490e-03,-8.957464775800649814e-02,2.532042151556587739e-01,-2.192397236922757897e-01,-1.147869149516527187e-01,7.062559551273078773e-01,2.317310926188937987e-03,-4.304929238313027762e-01,1.448134245883550553e-01,-1.745150858327569332e-01,-1.775393238696000575e-02
2.014028056112224618e+01,6.403496749587506143e-02,-1.218165305089097122e-01,-7.902398878954851325e-03,-7.146334398581671854e-01,2.055715068803467271e-01,-3.394749589304463799e-01,1.822674886708880171e-01,-2.207931669658895757e-01,-9.351534527696596377e-02,-6.173227924694520488e-03,-8.979229649062021867e-02,2.535854385507693709e-01,-2.197392011614571483e-01,-1.151130657593392448e-01,7.070477678150595136e-01,2.169595447596385160e-03,-4.312939791319527760e-01,1.450751868509416176e-01,-1.749032070406088823e-01,-1.777871635588434973e-02
2.024048096192384705e+01,6.427333196301553142e-02,-1.221055460540084875e-01,-7.904066604909675692e-03,-7.154532899541532487e-01,2.058602729733607362e-01,-3.400004175051941080e-01,1.825043660786909994e-01,-2.213266374169804984e-01,-9.380508382448446425e-02,-6.206900032282009101e-03,-9.000480214278908098e-02,2.539562054048741802e-01,-2.202275934716508010e-01,-1.154326251385547619e-01,7.078178659000410322e-01,2.023063796617301496e-03,-4.320757693243550412e-01,1.453302081974969795e-01,-1.752826012583466320e-01,-1.780270478399744935e-02
2.034068136272545146e+01,6.450777863842906135e-02,-1.223878831574437415e-01,-7.905219854952570332e-03,-7.162510244457789277e-01,2.061410687633599137e-01,-3.405123754616702914e-01,1.827345446542404384e-01,-2.218481962965787868e-01,-9.408928341444403043e-02,-6.240065238162850053e-03,-9.021220304003425838e-02,2.543170532730962274e-01,-2.207052042405198700e-01,-1.157463438375173209e-01,7.085664325972427235e-01,1.878149846953849900e-03,-4.328388393758817454e-01,1.455787617801024003e-01,-1.756532937764487268e-01,-1.782591655972817768e-02
2.044088176352705588e+01,6.473784699520213071e-02,-1.226635830069057881e-01,-7.905705934201470372e-03,-7.170271581623617330e-01,2.064143487701937119e-01,-3.410114302687969334e-01,1.829582686057295016e-01,-2.223580405412618199e-01,-9.436806305951206397e-02,-6.272730846393580022e-03,-9.041454644814843344e-02,2.546684657152843423e-01,-2.211723165366330790e-01,-1.160548583859633831e-01,7.092937061509446695e-01,1.735215807994031295e-03,-4.335837025832383063e-01,1.458210967368663014e-01,-1.760153320462618520e-01,-1.784837090018506073e-02
2.054108216432865675e+01,6.496318009791271497e-02,-1.229327026220441987e-01,-7.905405981925043776e-03,-7.177822027366717039e-01,2.066805112136654854e-01,-3.414981154896680748e-01,1.831757652320401275e-01,-2.228563680296430372e-01,-9.464153207171097093e-02,-6.304903080306857241e-03,-9.061188857319585344e-02,2.550108722960134910e-01,-2.216291928794648369e-01,-1.163586910951478481e-01,7.099999798347165214e-01,1.594552224811669880e-03,-4.343108405724636634e-01,1.460574381919243214e-01,-1.763687856800010278e-01,-1.787008735115626704e-02
2.064128256513026116e+01,6.518352460263029946e-02,-1.231953148544679133e-01,-7.904234971542701757e-03,-7.185166666049319639e-01,2.069398980135324362e-01,-3.419729007815496824e-01,1.833872449227429147e-01,-2.233433775823720491e-01,-9.490979006241817562e-02,-6.336587082511465838e-03,-9.080429456151230261e-02,2.553446485845844438e-01,-2.220760752393952375e-01,-1.166582500578440817e-01,7.106856019514179446e-01,1.456377978166396858e-03,-4.350207032989302225e-01,1.462879872554392335e-01,-1.767137464507494427e-01,-1.789108578710961114e-02
2.074148296593186558e+01,6.539873075691582383e-02,-1.234515083877450459e-01,-7.902141710624583162e-03,-7.192310550068179431e-01,2.071927947895057243e-01,-3.424361918958795381e-01,1.835929011580970383e-01,-2.238192689621344156e-01,-9.517292694236602346e-02,-6.367786914892308893e-03,-9.099183849970510218e-02,2.556701161550241075e-01,-2.225131850377099763e-01,-1.169538291483438602e-01,7.113509758331980626e-01,1.320840284503681456e-03,-4.357137090473437446e-01,1.465129210236009727e-01,-1.770503282924585642e-01,-1.791138641119256400e-02
2.084168336673346644e+01,6.560875239982169593e-02,-1.237013877374030513e-01,-7.899108840891570088e-03,-7.199258699854580446e-01,2.074394308612503290e-01,-3.428883306782671836e-01,1.837929105090503612e-01,-2.242842428736517846e-01,-9.543102292164185041e-02,-6.398505558610413646e-03,-9.117460341465312423e-02,2.559875425860851927e-01,-2.229407231466004613e-01,-1.172456080224573843e-01,7.119965598414960128e-01,1.188014695954815519e-03,-4.363902444317434015e-01,1.467323925786266359e-01,-1.773786672999480563e-01,-1.793100975523222521e-02
2.094188376753507086e+01,6.581364696189184738e-02,-1.239450732509286557e-01,-7.895152838215280938e-03,-7.206016103874334222e-01,2.076799792483851881e-01,-3.433295950684942532e-01,1.839874326372394897e-01,-2.247385009636819198e-01,-9.568414850968801066e-02,-6.428744914102929760e-03,-9.135268127350680556e-02,2.562971414612465471e-01,-2.233588698891637581e-01,-1.175336521175133347e-01,7.126228673670405023e-01,1.057905100336898989e-03,-4.370506643955019421e-01,1.469465309887604820e-01,-1.776989217289058620e-01,-1.794997667973536465e-02
2.104208416833667528e+01,6.601357546516163632e-02,-1.241827011077678983e-01,-7.890324012618066957e-03,-7.212587718627778699e-01,2.079145566704830306e-01,-3.437601991005141411e-01,1.841766102949895512e-01,-2.251822458210185895e-01,-9.593236451530179343e-02,-6.458505801083128453e-03,-9.152617298368809218e-02,2.565990723687129327e-01,-2.237677850394025336e-01,-1.178179126523587888e-01,7.132304668298500294e-01,9.304437211528698241e-04,-4.376952922113254707e-01,1.471554413082739876e-01,-1.780112719958881207e-01,-1.796830837388837740e-02
2.114228456913827614e+01,6.620880252315793080e-02,-1.244144233193260202e-01,-7.884706508273019165e-03,-7.218978468649779323e-01,2.081432235470705994e-01,-3.441802929024520563e-01,1.843605693253144440e-01,-2.256156809764916504e-01,-9.617572204663549229e-02,-6.487787958540403369e-03,-9.169518839289048096e-02,2.568934409014149156e-01,-2.241676078222251955e-01,-1.180982266273592762e-01,7.138199816792328845e-01,8.054911175914866543e-04,-4.383244194812533912e-01,1.473592045774657355e-01,-1.783159206783191952e-01,-1.798602635555732188e-02
2.124248496993988056e+01,6.639969634089909478e-02,-1.246404077289676310e-01,-7.878418303503966630e-03,-7.225193246509729050e-01,2.083659839976284289e-01,-3.445899626966051899e-01,1.845394186619166155e-01,-2.260390109029669914e-01,-9.641426251119634971e-02,-6.516590044740272307e-03,-9.185984628907906124e-02,2.571802986570093652e-01,-2.245584569134457531e-01,-1.183743168243987648e-01,7.143920903937870381e-01,6.828361845273192392e-04,-4.389383061366587402e-01,1.475578778226614707e-01,-1.786130925144917558e-01,-1.800315247128789209e-02
2.134268537074148497e+01,6.658672871489493272e-02,-1.248608380120165701e-01,-7.871611210785471255e-03,-7.231236912811549455e-01,2.085827858415910119e-01,-3.449892307994426033e-01,1.847132503291873118e-01,-2.264524410153466449e-01,-9.664801761584662643e-02,-6.544909637224373758e-03,-9.202027440049040385e-02,2.574596432378787880e-01,-2.249404304397838728e-01,-1.186457918068796608e-01,7.149475264814002529e-01,5.621961525207721036e-04,-4.395371804382479652e-01,1.477514940562141554e-01,-1.789030344035666131e-01,-1.801970889630543499e-02
2.144288577154308584e+01,6.677047503314675891e-02,-1.250759136757559897e-01,-7.864470876742834723e-03,-7.237114296193686291e-01,2.087935205983466880e-01,-3.453780556216051734e-01,1.848821394422062725e-01,-2.268561776705685651e-01,-9.687700936680353203e-02,-6.572743232810466900e-03,-9.217660939563264433e-02,2.577314182511318830e-01,-2.253136059788649337e-01,-1.189121459197227670e-01,7.154870784792498606e-01,4.432165878180734792e-04,-4.401212389760607024e-01,1.479400622765038864e-01,-1.791860154055728849e-01,-1.803571813451494005e-02
2.154308617234469025e+01,6.695161427514735586e-02,-1.252858500594282720e-01,-7.857216782152093293e-03,-7.242830193329115041e-01,2.089980234872377274e-01,-3.457563316679056475e-01,1.850461442067420359e-01,-2.272504281676069604e-01,-9.710125006963925276e-02,-6.600086247592437672e-03,-9.232899688328549681e-02,2.579955133086032637e-01,-2.256780405592199445e-01,-1.191727592893673943e-01,7.160115899538033180e-01,3.254713923512607757e-04,-4.406906466694704427e-01,1.481235674679379222e-01,-1.794623267414079126e-01,-1.805120301850105316e-02
2.164328657314629467e+01,6.713092901188098816e-02,-1.254908783342351675e-01,-7.850102241940022998e-03,-7.248389368925337584e-01,2.091960734275602196e-01,-3.461238895373287550e-01,1.852053059192516893e-01,-2.276354007474719332e-01,-9.732074232928099311e-02,-6.626933016940290966e-03,-9.247759141250018466e-02,2.582517640268535142e-01,-2.260337706602855157e-01,-1.194268978237712497e-01,7.165219595008174291e-01,2.084628037382066021e-04,-4.412455367671836992e-01,1.483019706009506833e-01,-1.797322817928372340e-01,-1.806618670952805580e-02
2.174348697394789554e+01,6.730930540582338861e-02,-1.256912455033376008e-01,-7.843414405184132715e-03,-7.253796555724383310e-01,2.093873930385642124e-01,-3.464804959230309289e-01,1.853596489668810632e-01,-2.280113045932097293e-01,-9.753547905001086482e-02,-6.653276795500154099e-03,-9.262255647259946822e-02,2.584999520271690776e-01,-2.263808122124040256e-01,-1.196737132124104513e-01,7.170191407453390120e-01,9.162139528260705712e-05,-4.417860108472406178e-01,1.484752086320037523e-01,-1.799962161024946106e-01,-1.808069269753988240e-02
2.184368737474949995e+01,6.748772723157442366e-02,-1.258872132182404791e-01,-7.837472461194596243e-03,-7.259056451736739524e-01,2.095716521654245601e-01,-3.468258574732087651e-01,1.855091817509722518e-01,-2.283783496204459529e-01,-9.774544388197371758e-02,-6.679109814413371725e-03,-9.276406361139123702e-02,2.587398081772870340e-01,-2.267191618514653451e-01,-1.199122495744360667e-01,7.175041381287685649e-01,-2.568968437151985040e-05,-4.423121405733450584e-01,1.486431959046043139e-01,-1.802544858261077854e-01,-1.809474469367661556e-02
2.194388777555110437e+01,6.766517292883562906e-02,-1.260786594393875082e-01,-7.831981509147255618e-03,-7.264172719857316940e-01,2.097496572748322463e-01,-3.471609283129524770e-01,1.856542000427112427e-01,-2.287366750323363007e-01,-9.795077930511895958e-02,-6.704445444502361851e-03,-9.290201265448588819e-02,2.589721112844418638e-01,-2.270492189341182521e-01,-1.201437720034247425e-01,7.179765699321141170e-01,-1.427037129186107482e-04,-4.428245616091678327e-01,1.488063003713854804e-01,-1.805069369033493742e-01,-1.810833440626445634e-02
2.204408817635270523e+01,6.783997935070877616e-02,-1.262653924043744824e-01,-7.826404441620447155e-03,-7.269148539679710641e-01,2.099224241506698896e-01,-3.474869073312881196e-01,1.857950252379999556e-01,-2.290864027615465981e-01,-9.815171167868863566e-02,-6.729310038039731587e-03,-9.303630701433578121e-02,2.591978485248888076e-01,-2.273714525706650447e-01,-1.203702268942371811e-01,7.184357382204478171e-01,-2.582660534053657386e-04,-4.433240151384477690e-01,1.489649842367750110e-01,-1.807532915143776897e-01,-1.812145976655027066e-02
2.214428857715430965e+01,6.801174244616824127e-02,-1.264474745422330682e-01,-7.820576624441662530e-03,-7.273987548612296239e-01,2.100902069735913757e-01,-3.478041600202623762e-01,1.859317757639966096e-01,-2.294276979295385988e-01,-9.834837673368092281e-02,-6.753718612152503735e-03,-9.316704506078561654e-02,2.594173081162542971e-01,-2.276860595858644365e-01,-1.205921570465396803e-01,7.188818365644908948e-01,-3.721222596507653109e-04,-4.438108597093755603e-01,1.491194079313658549e-01,-1.809936010563847064e-01,-1.813414286535146996e-02
2.224448897795591407e+01,6.818013422246228805e-02,-1.266249738779767209e-01,-7.814363193671635538e-03,-7.278693314364775846e-01,2.102532369351323704e-01,-3.481130231016889565e-01,1.860645673371201514e-01,-2.297607256662073938e-01,-9.854089899487537829e-02,-6.777684508270476887e-03,-9.329432122291872465e-02,2.596307542813501845e-01,-2.279932282983463954e-01,-1.208100247926100768e-01,7.193150804379916385e-01,-4.840629804061421767e-04,-4.442854379392655040e-01,1.492697207255250236e-01,-1.812279291002260595e-01,-1.814640421061448211e-02
2.234468937875751493e+01,6.834490274511302588e-02,-1.267979640326007962e-01,-7.807659055604344693e-03,-7.283269334948182516e-01,2.104117222377102914e-01,-3.484138045271484296e-01,1.861935129630502284e-01,-2.300856511098813839e-01,-9.872939178083289802e-02,-6.801219392126233235e-03,-9.341822598905709374e-02,2.598384272481735757e-01,-2.282931385206121988e-01,-1.210242119973376773e-01,7.197357072177261728e-01,-5.939239593551942425e-04,-4.447480765145555015e-01,1.494160607293933962e-01,-1.814563513904212111e-01,-1.815826272741474443e-02
2.244488977955911935e+01,6.850587213791645147e-02,-1.269665242230825775e-01,-7.800388886767004558e-03,-7.287719038674878025e-01,2.105658480946243916e-01,-3.487067834779883913e-01,1.863187229367272713e-01,-2.304026394073225292e-01,-9.891395720389571655e-02,-6.824333253755135095e-03,-9.353884590676139754e-02,2.600405432499068303e-01,-2.285859615590343508e-01,-1.212350200582233556e-01,7.201439761834977915e-01,-7.015860351139950732e-04,-4.451990861908070585e-01,1.495585548928859976e-01,-1.816789558451532560e-01,-1.816973575795670717e-02
2.254509018036072376e+01,6.866294258294244890e-02,-1.271307392623811094e-01,-7.792507133920075282e-03,-7.292045784158550648e-01,2.107157767300556206e-01,-3.489922103653234631e-01,1.864403048423524667e-01,-2.307118557137259607e-01,-9.909468617018743486e-02,-6.847034407495323181e-03,-9.365626358283092590e-02,2.602372945249176728e-01,-2.288718602138566927e-01,-1.214426699053794967e-01,7.205401685181375138e-01,-8.069751412309720444e-04,-4.456387617927051736e-01,1.496973190056917480e-01,-1.818958425562690884e-01,-1.818083906157383009e-02
2.264529058116232463e+01,6.881609032053476183e-02,-1.272906995594373925e-01,-7.783998014057256533e-03,-7.296252860314220712e-01,2.108616473790667356e-01,-3.492703068300352376e-01,1.865583635533877016e-01,-2.310134651927203409e-01,-9.927165837961300643e-02,-6.869329491987717466e-03,-9.377055768330365415e-02,2.604288493167591367e-01,-2.291509887791942923e-01,-1.216473020015299972e-01,7.209245873075036393e-01,-9.100623061869163180e-04,-4.460673822140585609e-01,1.498324576972736022e-01,-1.821071237892792904e-01,-1.819158681472859279e-02
2.274549098196392904e+01,6.896536764931100738e-02,-1.274465011191742714e-01,-7.774875514405491829e-03,-7.300343486358236156e-01,2.110035762876023013e-01,-3.495412657427723335e-01,1.866730012325556187e-01,-2.313076330163676975e-01,-9.944494232585873728e-02,-6.891223470176022388e-03,-9.388180293345624317e-02,2.606153518741696762e-01,-2.294234930430335273e-01,-1.218489763420103067e-01,7.212975575404821926e-01,-1.010863653394995527e-03,-4.464852104177993719e-01,1.499640644368684661e-01,-1.823129239833581605e-01,-1.820199161101248089e-02
2.284569138276553346e+01,6.911090292616271780e-02,-1.275982455424964357e-01,-7.765183392424963339e-03,-7.304320811808273639e-01,2.111416567124886068e-01,-3.498052512039503403e-01,1.867843173318396166e-01,-2.315945243651633956e-01,-9.961459529639225818e-02,-6.912719629306717309e-03,-9.399007011780398380e-02,2.607969224510728323e-01,-2.296895102872320293e-01,-1.220476724547673725e-01,7.216594261089862572e-01,-1.109440401200730789e-03,-4.468924934359834733e-01,1.500922215334872800e-01,-1.825133797513437406e-01,-1.821206446114598948e-02
2.294589178356713433e+01,6.925290056625524326e-02,-1.277460400262905027e-01,-7.754995175809097085e-03,-7.308187916483340762e-01,2.112759589214337763e-01,-3.500623985437518182e-01,1.868924085924838219e-01,-2.318743044280361931e-01,-9.978066337246258022e-02,-6.933819580929064322e-03,-9.409542608010081077e-02,2.609736573065775667e-01,-2.299491692875187399e-01,-1.222432894003596532e-01,7.220105618079568632e-01,-1.205898862882007552e-03,-4.472894623697901695e-01,1.502170001359149631e-01,-1.827086398797377886e-01,-1.822181479297863352e-02
2.304609218436873874e+01,6.939164104302784908e-02,-1.278899973634249343e-01,-7.744414162484559473e-03,-7.311947810503771628e-01,2.114065301930276308e-01,-3.503128143221262980e-01,1.869973690449930892e-01,-2.321471384023482964e-01,-9.994318142910005309e-02,-6.954523260895107382e-03,-9.419793372333935821e-02,2.611456287049782055e-01,-2.302025903134938267e-01,-1.224356457719571606e-01,7.223513553353623218e-01,-1.300390446649086432e-03,-4.476763323895225355e-01,1.503384602327104413e-01,-1.828988653287058064e-01,-1.823125045148893744e-02
2.314629258517033961e+01,6.952748088819364625e-02,-1.280302359427500092e-01,-7.733573420611259894e-03,-7.315603434291230167e-01,2.115333948167418265e-01,-3.505565763287903924e-01,1.870992900091330846e-01,-2.324131914938951660e-01,-1.001021731351163790e-01,-6.974828929359666238e-03,-9.429765200975090411e-02,2.613128849157543288e-01,-2.304498851286287953e-01,-1.226244796953414318e-01,7.226822192921982246e-01,-1.393111655644579689e-03,-4.480533027346070840e-01,1.504566506522066471e-01,-1.830842292320770115e-01,-1.824037769878443169e-02
2.324649298597194402e+01,6.966085269173968864e-02,-1.281668797490979894e-01,-7.722635788582347255e-03,-7.319157658568710145e-01,2.116565540929298272e-01,-3.507937335832276293e-01,1.871982600939301189e-01,-2.326726289169058215e-01,-1.002576509531045990e-01,-6.994733170780345101e-03,-9.439463596080537033e-02,2.614754502135708814e-01,-2.306911569902664050e-01,-1.228094488289055014e-01,7.230035881824879995e-01,-1.484304087943476812e-03,-4.484205567135939319e-01,1.505716090625104642e-01,-1.832649168973443099e-01,-1.824920121410166657e-02
2.334669338677354844e+01,6.979226510192680644e-02,-1.283000583632828984e-01,-7.711793875024213450e-03,-7.322613284360534047e-01,2.117759863328267378e-01,-3.510243063346885628e-01,1.872943651976713142e-01,-2.329256158940424815e-01,-1.004096161394391479e-01,-7.014230893917524842e-03,-9.448893665721137813e-02,2.616333248782779508e-01,-2.309265006496206696e-01,-1.229901303636539434e-01,7.233159184132823549e-01,-1.574254436553122185e-03,-4.487782617041568556e-01,1.506833619715027828e-01,-1.834411258056644067e-01,-1.825772409380620534e-02
2.344689378757514930e+01,6.992230282528978658e-02,-1.284299069621006872e-01,-7.701270058796491624e-03,-7.325973042992351969e-01,2.118916468585496093e-01,-3.512482860621907732e-01,1.873876885079045207e-01,-2.331723176564009237e-01,-1.005580587442757440e-01,-7.033315331834367329e-03,-9.458060123891616489e-02,2.617864851949111560e-01,-2.311560023517768570e-01,-1.231660210232028430e-01,7.236196882946592801e-01,-1.663294489413224631e-03,-4.491265691530930693e-01,1.507919247268384999e-01,-1.836130656118576676e-01,-1.826594785139261379e-02
2.354709418837675372e+01,7.005162662663724782e-02,-1.285565663183291796e-01,-7.691316488992056173e-03,-7.329239596091144948e-01,2.120034680030971341e-01,-3.514656354745187006e-01,1.874783105014382889e-01,-2.334128994435101523e-01,-1.007029576115515135e-01,-7.051978041896816291e-03,-9.466967290510566735e-02,2.619348834536912585e-01,-2.313797398356916279e-01,-1.233365370637798247e-01,7.239153980397247112e-01,-1.751801129395867381e-03,-4.494656145763235577e-01,1.508973015159465192e-01,-1.837809581444082019e-01,-1.827387241748447758e-02
2.364729458917835814e+01,7.018033127197070842e-02,-1.286801165559594562e-01,-7.681971436903049441e-03,-7.332415724949054026e-01,2.121115526496781256e-01,-3.516765169547929615e-01,1.875663043210459013e-01,-2.336475074478025771e-01,-1.008443614784294146e-01,-7.070222136230699603e-03,-9.475619726249974450e-02,2.620786365562860487e-01,-2.315978429504074732e-01,-1.235016857437742505e-01,7.242033019336026056e-01,-1.839814362623875535e-03,-4.497956110103728533e-01,1.509995635823438431e-01,-1.839449022438325032e-01,-1.828150633827109461e-02
2.374749498997995900e+01,7.030709908177108780e-02,-1.288004979534225491e-01,-7.672724788988029114e-03,-7.335504274919416590e-01,2.122163871910784649e-01,-3.518815532661040413e-01,1.876517343809874228e-01,-2.338762364277740258e-01,-1.009825076310968822e-01,-7.088082006471923581e-03,-9.484025714005062113e-02,2.622182454621618253e-01,-2.318105571944005794e-01,-1.236629460376220679e-01,7.244830895597290654e-01,-1.926547892285765048e-03,-4.501169686887255272e-01,1.510989486584941865e-01,-1.841047187180059330e-01,-1.828888012640622618e-02
2.384769539078156342e+01,7.043162317475532008e-02,-1.289177601270712348e-01,-7.663439342181702432e-03,-7.338507480255032078e-01,2.123181173416426593e-01,-3.520809716075511964e-01,1.877346742766623777e-01,-2.340992029471269387e-01,-1.011175142627629975e-01,-7.105573027567813928e-03,-9.492194529296976713e-02,2.623538881270386369e-01,-2.320180174223387126e-01,-1.238207351043611459e-01,7.247548928194320617e-01,-2.011828571293370910e-03,-4.504299434291128001e-01,1.511955667997758601e-01,-1.842604578828138662e-01,-1.829600785202767713e-02
2.394789579158316783e+01,7.055370007819659894e-02,-1.290319607938186230e-01,-7.654019119982343258e-03,-7.341427522182585319e-01,2.124168622651317895e-01,-3.522749655457135254e-01,1.878151963941727121e-01,-2.343165255760831234e-01,-1.012494838958154370e-01,-7.122708045585460050e-03,-9.500134826172862423e-02,2.624857144080411930e-01,-2.322203493001598618e-01,-1.239753616131665931e-01,7.250188751215390637e-01,-2.095542922990338824e-03,-4.507347724229976982e-01,1.512895147507967442e-01,-1.844121867602110942e-01,-1.830290168538236534e-02
2.404809619238476870e+01,7.067317121715770145e-02,-1.291431595687914935e-01,-7.644387442047536479e-03,-7.344266552432858752e-01,2.125127330855962893e-01,-3.524637166725798632e-01,1.878933714010757872e-01,-2.345283233072427975e-01,-1.013785105308551981e-01,-7.139498535955531022e-03,-9.507854640779331290e-02,2.626138638595893471e-01,-2.324176751684868258e-01,-1.241270870282444594e-01,7.252752062746342654e-01,-2.177602038561139795e-03,-4.510316828293993718e-01,1.513808831534892985e-01,-1.845599762886224737e-01,-1.830957282871016611e-02
2.414829659318637312e+01,7.078992291449101582e-02,-1.292514179653302397e-01,-7.634486924194177140e-03,-7.347026693240735762e-01,2.126058328873760839e-01,-3.526473946055488362e-01,1.879692682463846021e-01,-2.347347155555846443e-01,-1.015046796466966411e-01,-7.155954603472282523e-03,-9.515361391362453514e-02,2.627384657333983187e-01,-2.326101140426271030e-01,-1.242761256088318472e-01,7.255240624870582522e-01,-2.257941577031078589e-03,-4.513208917748931515e-01,1.514697565471105623e-01,-1.847039013229430926e-01,-1.831603151624390871e-02
2.424849699398797753e+01,7.090388639083851363e-02,-1.293567993949890915e-01,-7.624279478398473045e-03,-7.349710037345195124e-01,2.126962567151003680e-01,-3.528261569874289183e-01,1.880429541605676269e-01,-2.349358221584657846e-01,-1.016280682003673774e-01,-7.172084982293549030e-03,-9.522661878267767166e-02,2.628596389784784160e-01,-2.327977816125730015e-01,-1.244226444091968975e-01,7.257656263669082231e-01,-2.336521765266276821e-03,-4.516026063536104362e-01,1.515562133682421264e-01,-1.848440406345381593e-01,-1.832228701420938674e-02
2.434869739478957840e+01,7.101503776463177764e-02,-1.294593691675358371e-01,-7.613746312795944757e-03,-7.352318647989316558e-01,2.127840915736878835e-01,-3.530001494864383749e-01,1.881144946555488862e-01,-2.351317633756217496e-01,-1.017487446271083951e-01,-7.187897035940746422e-03,-9.529762283940268475e-02,2.629774922411352578e-01,-2.329807902430016120e-01,-1.245667632786386925e-01,7.260000869220382125e-01,-2.413327397973682054e-03,-4.518770236272388052e-01,1.516403259507901335e-01,-1.849804769112430580e-01,-1.832834762082534430e-02
2.444889779559118281e+01,7.112339805209197396e-02,-1.295591944909521009e-01,-7.602887931681422129e-03,-7.354854558920275176e-01,2.128694164283466972e-01,-3.531695057962052076e-01,1.881839535247079587e-01,-2.353226598891665633e-01,-1.018667688403739890e-01,-7.203396757298875450e-03,-9.536668172924418763e-02,2.630921238649697180e-01,-2.331592489732747242e-01,-1.247085548614873945e-01,7.262276395600585355e-01,-2.488367837701074316e-03,-4.521443306250220173e-01,1.517221605259852779e-01,-1.851132967573633492e-01,-1.833422066630349678e-02
2.454909819639278723e+01,7.122903316722985212e-02,-1.296563444714330660e-01,-7.591724135509046907e-03,-7.357319774389348144e-01,2.129523022045743119e-01,-3.533343476357673207e-01,1.882513928428799777e-01,-2.355086328035926324e-01,-1.019821922318317614e-01,-7.218588768616516528e-03,-9.543384491864143060e-02,2.632036218908777592e-01,-2.333332635174389380e-01,-1.248480445971041491e-01,7.264484860883361206e-01,-2.561677014837051777e-03,-4.524047043437599003e-01,1.518017772223828332e-01,-1.852425906936747135e-01,-1.833991251284850313e-02
2.464929859719438809e+01,7.133205392184577276e-02,-1.297508901133877235e-01,-7.580294020892276198e-03,-7.359716269151906909e-01,2.130328117881576111e-01,-3.534947847495723550e-01,1.883168729663555196e-01,-2.356898036457708012e-01,-1.020950576713626351e-01,-7.233476321505831474e-03,-9.549915569502827328e-02,2.633120640570507098e-01,-2.335029362642256356e-01,-1.249852107198811124e-01,7.266628347139948430e-01,-2.633313427611037264e-03,-4.526583117478084062e-01,1.518792300658625971e-01,-1.853684531574230077e-01,-1.834542855465799011e-02
2.474949899799599251e+01,7.143261602552970768e-02,-1.298429043194387345e-01,-7.568655980603874664e-03,-7.362045988467424973e-01,2.131110000251729419e-01,-3.536509149074777980e-01,1.883804525328807988e-01,-2.358662943649504351e-01,-1.022053995070608678e-01,-7.248061296942566109e-03,-9.556265116683321237e-02,2.634175177989750982e-01,-2.336683662770509540e-01,-1.251199842592414513e-01,7.268709000439148582e-01,-2.703360142093286927e-03,-4.529053097690797780e-01,1.519545669796290022e-01,-1.854909825023242642e-01,-1.835077321792253496e-02
2.484969939879759693e+01,7.153092008566118432e-02,-1.299324618904224016e-01,-7.556887703575919726e-03,-7.364310848099471229e-01,2.131869137219859767e-01,-3.538028239047508738e-01,1.884421884616575005e-01,-2.360382273327592539e-01,-1.023132435652340244e-01,-7.262344205266048520e-03,-9.562436226347936774e-02,2.635200402494326521e-01,-2.338296492940157845e-01,-1.252522490396393851e-01,7.270729030847328245e-01,-2.771924792194875066e-03,-4.531458453070422721e-01,1.520278297842109771e-01,-1.856102809985646640e-01,-1.835594996082568625e-02
2.494989979959919779e+01,7.162721160740935511e-02,-1.300196395253888082e-01,-7.545086174899801566e-03,-7.366512734315715516e-01,2.132605916452518791e-01,-3.539505855620686536e-01,1.885021359533428642e-01,-2.362057253432034154e-01,-1.024186071504030182e-01,-7.276324186179185596e-03,-9.568431373538451024e-02,2.636196782385003545e-01,-2.339868777279057732e-01,-1.253818416805600744e-01,7.272690712428423465e-01,-2.839139579667701065e-03,-4.533800552287202135e-01,1.520990541974620303e-01,-1.857264548328005360e-01,-1.836096127354393259e-02
2.505010020040080221e+01,7.172178099373295590e-02,-1.301045158216017072e-01,-7.533367675826220522e-03,-7.368653503887924172e-01,2.133320645219151657e-01,-3.540942617255179448e-01,1.885603484900497118e-01,-2.363689116126675427e-01,-1.025214990453020281e-01,-7.289999008748469095e-03,-9.574252415396100613e-02,2.637164682935503879e-01,-2.341401406661913764e-01,-1.255085515965197462e-01,7.274596383243933095e-01,-2.905161274104495900e-03,-4.536080663686942738e-01,1.521682698345602214e-01,-1.858396141081584130e-01,-1.836580867824673738e-02
2.515030060120240663e+01,7.181496354538033366e-02,-1.301871712745384935e-01,-7.521867783765189691e-03,-7.370734984091962261e-01,2.134013550392097891e-01,-3.542339022665954573e-01,1.886168778353463082e-01,-2.365279097799147523e-01,-1.026219195108786231e-01,-7.303365071403971308e-03,-9.579900591161585877e-02,2.638104366392501898e-01,-2.342895238710277772e-01,-1.256321209970656105e-01,7.276448445352924344e-01,-2.970171212938810864e-03,-4.538299955291011378e-01,1.522355002080081621e-01,-1.859498728442349202e-01,-1.837049272909651448e-02
2.525050100200400749e+01,7.190713946088939101e-02,-1.302676882778903422e-01,-7.510741372286034064e-03,-7.372758972707793568e-01,2.134684778446590547e-01,-3.543695450822076376e-01,1.886717740342565008e-01,-2.366828439060864597e-01,-1.027198602862936239e-01,-7.316417401939347663e-03,-9.585376522175073633e-02,2.639015991975623976e-01,-2.344351097792549410e-01,-1.257522448867759435e-01,7.278249364812027222e-01,-3.034375301445020167e-03,-4.540459494796336148e-01,1.523007627276330433e-01,-1.860573489770968869e-01,-1.837501301224863520e-02
2.535070140280561191e+01,7.199873028550257681e-02,-1.303461509283262709e-01,-7.500161400244658577e-03,-7.374727244556354977e-01,2.135334412487831790e-01,-3.545012179510409478e-01,1.887250852165229253e-01,-2.368338388826904395e-01,-1.028153048388695256e-01,-7.329149663634366291e-03,-9.590680183044976437e-02,2.639899630496819194e-01,-2.345769781252082242e-01,-1.258685748182617192e-01,7.280001651987934030e-01,-3.098001820146291125e-03,-4.542560251550504247e-01,1.523640690383189500e-01,-1.861621632830912920e-01,-1.837936825118130155e-02
2.545090180360721632e+01,7.208975342001358588e-02,-1.304226164676380029e-01,-7.490147140243702019e-03,-7.376641876902857442e-01,2.135963837237072893e-01,-3.546290984465633733e-01,1.887768447613821787e-01,-2.369810320890097521e-01,-1.029082816307844289e-01,-7.341561121215954729e-03,-9.595811574744408934e-02,2.640756567759610096e-01,-2.347152509424814404e-01,-1.259811819956228041e-01,7.281706071586772078e-01,-3.161043692071771518e-03,-4.544603520000217167e-01,1.524254685895174155e-01,-1.862643435548327064e-01,-1.838356660319097335e-02
2.555110220440881719e+01,7.217977241947862166e-02,-1.304971042356131150e-01,-7.480505944143470143e-03,-7.378504315296871008e-01,2.136574377155329163e-01,-3.547533886073901410e-01,1.888270934871253415e-01,-2.371244971603366780e-01,-1.029989132085813996e-01,-7.353669599046933764e-03,-9.600779249041688224e-02,2.641588409515692182e-01,-2.348500326009347328e-01,-1.260905938383106717e-01,7.283362784575928561e-01,-3.223263738549436968e-03,-4.546591316032750907e-01,1.524850560648323972e-01,-1.863638911924059560e-01,-1.838762109917999737e-02
2.565130260521042160e+01,7.226844464484254160e-02,-1.305696363938557980e-01,-7.471070883742192935e-03,-7.380315636504704013e-01,2.137166649857535905e-01,-3.548742161416305052e-01,1.888758801180471514e-01,-2.372642826477818490e-01,-1.030873215962251482e-01,-7.365494643099200836e-03,-9.605593780012060268e-02,2.642396191185515386e-01,-2.349813989112144730e-01,-1.261972350828697575e-01,7.284972648999369360e-01,-3.284488294000742492e-03,-4.548525627585626729e-01,1.525429165289840794e-01,-1.864608470799201112e-01,-1.839154091740485136e-02
2.575150300601202602e+01,7.235547502305839096e-02,-1.306402378433712541e-01,-7.461696894314757966e-03,-7.382076930627871070e-01,2.137741250573190754e-01,-3.549917024115288311e-01,1.889232516741013446e-01,-2.374004410643031082e-01,-1.031736184217541263e-01,-7.377053883019010078e-03,-9.610264818327701741e-02,2.643180886914676120e-01,-2.351094251294391924e-01,-1.263014812931173569e-01,7.286536556724533265e-01,-3.344568249721370339e-03,-4.550408335637768920e-01,1.525991291406453010e-01,-1.865552541116444196e-01,-1.839533450905670928e-02
2.585170340681362688e+01,7.244061604708749991e-02,-1.307089362245656694e-01,-7.452260774612713863e-03,-7.383789301103087510e-01,2.138298752146355619e-01,-3.551059624334647058e-01,1.889692534709007110e-01,-2.375330288847055382e-01,-1.032579049172805130e-01,-7.388363032126972312e-03,-9.614801091257713095e-02,2.643943409573919490e-01,-2.352341859571997762e-01,-1.264036588601436806e-01,7.288055433442336417e-01,-3.403379053881233456e-03,-4.552241214209504228e-01,1.526537671524416384e-01,-1.866471571920086392e-01,-1.839900959826141352e-02
2.595190380761523130e+01,7.252366777589941416e-02,-1.307757619172462693e-01,-7.442661186864260765e-03,-7.385453864702271609e-01,2.138839705035655847e-01,-3.552171048779529383e-01,1.890139291197170668e-01,-2.376621065456415438e-01,-1.033402719189902147e-01,-7.399435887418057654e-03,-9.619210402668119941e-02,2.644684610759137633e-01,-2.353557555415593527e-01,-1.265040450023118546e-01,7.289530238667166762e-01,-3.460820711524484165e-03,-4.554025930362564090e-01,1.527068979109512670e-01,-1.867366032356028160e-01,-1.840257318207949577e-02
2.605210420841683572e+01,7.260447783447196435e-02,-1.308407480406211798e-01,-7.432818656774262470e-03,-7.387071751532546804e-01,2.139364637314279949e-01,-3.553252320696436706e-01,1.890573205274811985e-01,-2.377877384456107690e-01,-1.034207998671429068e-01,-7.410284329561590312e-03,-9.623499633021871669e-02,2.645405280791369163e-01,-2.354742074750532932e-01,-1.266028677652579482e-01,7.290961965736894035e-01,-3.516817784569500286e-03,-4.555764044200081853e-01,1.527585828567050996e-01,-1.868236411671772568e-01,-1.840603153050617002e-02
2.615230460921843658e+01,7.268294141379116891e-02,-1.309039304532996495e-01,-7.422675573524237756e-03,-7.388644105036237253e-01,2.139874054669980985e-01,-3.554304399873222109e-01,1.890994678967829745e-01,-2.379099929449600692e-01,-1.034995588060719923e-01,-7.420918322901254652e-03,-9.627674739378845603e-02,2.646106148716801387e-01,-2.355896147956892950e-01,-1.267003060218908350e-01,7.292351641812856444e-01,-3.571319391808892938e-03,-4.557457008866594439e-01,1.528088775241867037e-01,-1.869083219216427227e-01,-1.840939018647133260e-02
2.625250501002004100e+01,7.275900127085133118e-02,-1.309653477532918830e-01,-7.412196189772362123e-03,-7.390172081990871167e-01,2.140368440405074346e-01,-3.555328182639091450e-01,1.891404097258712058e-01,-2.380289423658836223e-01,-1.035766083841845875e-01,-7.431345915455090864e-03,-9.631740755395841458e-02,2.646787882306768647e-01,-2.357020499869472985e-01,-1.267964894723924429e-01,7.293700327879873990e-01,-3.624299208909510447e-03,-4.559106170548041237e-01,1.528578315418323286e-01,-1.869906984440703190e-01,-1.841265396583956215e-02
2.635270541082164542e+01,7.283264772865498393e-02,-1.310250412780090412e-01,-7.401366621653471256e-03,-7.391656852509180808e-01,2.140848255436439695e-01,-3.556324501864602250e-01,1.891801828086537851e-01,-2.381446629924228453e-01,-1.036519978539615916e-01,-7.441573238915495832e-03,-9.635701791326588272e-02,2.647451088057751756e-01,-2.358115849777794870e-01,-1.268914986442174764e-01,7.295009118746239585e-01,-3.675755468412427503e-03,-4.560712768471766321e-01,1.529054886320309614e-01,-1.870708256896913835e-01,-1.841582695741011966e-02
2.645290581162324628e+01,7.290391867621291710e-02,-1.310830551042633241e-01,-7.390194848779057558e-03,-7.393099600039098052e-01,2.141313938295519859e-01,-3.557294126961665359e-01,1.892188222346976034e-01,-2.382572350704663944e-01,-1.037257660719576313e-01,-7.451604508649224863e-03,-9.639561034021734698e-02,2.648096311191380225e-01,-2.359182911426103146e-01,-1.269853648920936662e-01,7.296279143043719051e-01,-3.725710959732952098e-03,-4.562277934906514565e-01,1.529518866111241604e-01,-1.871487606238977364e-01,-1.841891252291694495e-02
2.655310621242485070e+01,7.297289956854415005e-02,-1.311394360482679711e-01,-7.378710714237269284e-03,-7.394501521363763263e-01,2.141765905128322212e-01,-3.558237763883543292e-01,1.892563613892285779e-01,-2.383667428077502204e-01,-1.037979414988010468e-01,-7.461442023697389091e-03,-9.643320746928858711e-02,2.648724035654430042e-01,-2.360222393013365894e-01,-1.270780703980215753e-01,7.297511563227560005e-01,-3.774213029160629427e-03,-4.563802695162436085e-01,1.529970573894062491e-01,-1.872245622222414307e-01,-1.842191329702866712e-02
2.665330661322645511e+01,7.303972342667595929e-02,-1.311942336656371499e-01,-7.366965924592914876e-03,-7.395863826601514202e-01,2.142204549695416183e-01,-3.559156055124851337e-01,1.892928319531316239e-01,-2.384732743738575411e-01,-1.038685421991939473e-01,-7.471086166775458073e-03,-9.646982270092464840e-02,2.649334684118825889e-01,-2.361234997193272789e-01,-1.271695481712746822e-01,7.298707575576478535e-01,-3.821333579859231052e-03,-4.565287967591083462e-01,1.530410269711241777e-01,-1.872982914704349466e-01,-1.842483118734859066e-02
2.675350701402805598e+01,7.310457083764383690e-02,-1.312475002513860955e-01,-7.355034049887460360e-03,-7.397187739205896007e-01,2.142630243371935750e-01,-3.560049579721557000e-01,1.893282639029506831e-01,-2.385769219002187858e-01,-1.039375758419121692e-01,-7.480535404273258929e-03,-9.650546020153977222e-02,2.649928617981637813e-01,-2.362221421074236771e-01,-1.272596820483993807e-01,7.299868410192672519e-01,-3.867169071866761402e-03,-4.566734563585411188e-01,1.530838154544776342e-01,-1.873700113643510523e-01,-1.842766737441471278e-02
2.685370741482966039e+01,7.316766995449155986e-02,-1.312992908399309711e-01,-7.343010523639026746e-03,-7.398474495965654540e-01,2.143043335147578332e-01,-3.560918853250980565e-01,1.893626855108886953e-01,-2.386777814801116504e-01,-1.040050396998052906e-01,-7.489786286254973731e-03,-9.654011490351750713e-02,2.650506137365085113e-01,-2.363182356219393210e-01,-1.273483066932150354e-01,7.300995331001810529e-01,-3.911840522095462978e-03,-4.568143187579778441e-01,1.531254370316189328e-01,-1.874397869100229153e-01,-1.843042231169969916e-02
2.695390781563126481e+01,7.322929649627113458e-02,-1.313496632050890067e-01,-7.331012642842396100e-03,-7.399725347004737497e-01,2.143444151626604788e-01,-3.561764327831793420e-01,1.893961233448076820e-01,-2.387759531686611814e-01,-1.040709206497966444e-01,-7.498833446459143848e-03,-9.657377250521063938e-02,2.651067481116534119e-01,-2.364118488646600458e-01,-1.274352075968138154e-01,7.302089635753040708e-01,-3.955493504331803779e-03,-4.569514437049947420e-01,1.531658999886530703e-01,-1.875076851236439912e-01,-1.843309572561090820e-02
2.705410821643286567e+01,7.328977374804276912e-02,-1.313986778600784167e-01,-7.319179567969007205e-03,-7.400941555782299952e-01,2.143832997027839138e-01,-3.562586392124020285e-01,1.894286022682286352e-01,-2.388715409828395531e-01,-1.041351951728832770e-01,-7.507669602298668206e-03,-9.660640947094117914e-02,2.651612826808497081e-01,-2.365030498828439576e-01,-1.275201210775608884e-01,7.303152656018983002e-01,-3.998298149236485105e-03,-4.570848802513082232e-01,1.532052067056377809e-01,-1.875737750315681074e-01,-1.843568661549037715e-02
2.715430861723447009e+01,7.334947256087499812e-02,-1.314463980575184265e-01,-7.307672322966955562e-03,-7.402124399092695484e-01,2.144210153184669954e-01,-3.563385371329039208e-01,1.894601454403315455e-01,-2.389646529014663179e-01,-1.041978293541359901e-01,-7.516285554860800688e-03,-9.663799303100044369e-02,2.652142290738636055e-01,-2.365919061692213776e-01,-1.276027342810942822e-01,7.304185757195736928e-01,-4.040449144344445027e-03,-4.572146667527751118e-01,1.532433536565834253e-01,-1.876381276703094070e-01,-1.843819325361482908e-02
2.725450901803607451e+01,7.340881135184453010e-02,-1.314928897894291904e-01,-7.296673795260994258e-03,-7.403275167065483942e-01,2.144575879545048414e-01,-3.564161527189578238e-01,1.894907743159554847e-01,-2.390554008652081841e-01,-1.042587788826993267e-01,-7.524670188907153605e-03,-9.666848118164894643e-02,2.652655927929759017e-01,-2.366784846619949811e-01,-1.276826851803249674e-01,7.305190338502873804e-01,-4.082165734064851018e-03,-4.573408308693925339e-01,1.532803314094530189e-01,-1.877008160865424602e-01,-1.844061318519566589e-02
2.735470941883767537e+01,7.346825610403634466e-02,-1.315382217872319570e-01,-7.286388735752535699e-03,-7.404395163165425897e-01,2.144930413171489691e-01,-3.564915057989720415e-01,1.895205086455984955e-01,-2.391439007765792102e-01,-1.043179890517915570e-01,-7.532810472873697691e-03,-9.669782268511649403e-02,2.653153732129820974e-01,-2.367628517448396308e-01,-1.277595625754367470e-01,7.306167832983442301e-01,-4.123691719681099078e-03,-4.574633895652979176e-01,1.533161246261623423e-01,-1.877619153371020977e-01,-1.844294322837896835e-02
2.745490981963927979e+01,7.352832036654367853e-02,-1.315824655217489314e-01,-7.277043758819648142e-03,-7.405485704192485974e-01,2.145273968741072401e-01,-3.565646098554899335e-01,1.895493664754176188e-01,-2.392302724999406660e-01,-1.043753947587047065e-01,-7.540691458870758639e-03,-9.672595706960213091e-02,2.653635635811925630e-01,-2.368450732469025155e-01,-1.278329060938864503e-01,7.307119707503967332e-01,-4.165295459350825888e-03,-4.575823491087689932e-01,1.533507120625798026e-01,-1.878215024889835216e-01,-1.844517947424550997e-02
2.755511022044088421e+01,7.358935603935579106e-02,-1.316256883374672948e-01,-7.268805094871849670e-03,-7.406548183794111617e-01,2.145607347318404523e-01,-3.566355411932102815e-01,1.895773593006145896e-01,-2.393146558566615623e-01,-1.044309442009680455e-01,-7.548298383477198940e-03,-9.675281763013032776e-02,2.654102080309986844e-01,-2.369252347614323462e-01,-1.279024227836974836e-01,7.308046605636355775e-01,-4.207155020950850179e-03,-4.576977109687228040e-01,1.533840822784606206e-01,-1.878796143393059170e-01,-1.844732103909266230e-02
2.765531062124248507e+01,7.365071295765596160e-02,-1.316678900658616869e-01,-7.261395711052606033e-03,-7.407583408585941553e-01,2.145932233267905387e-01,-3.567045263129385857e-01,1.896045030527546693e-01,-2.393971189653874565e-01,-1.044847641765592611e-01,-7.555647957016705871e-03,-9.677847273461696875e-02,2.654554908733199881e-01,-2.370034295320835593e-01,-1.279688371096537325e-01,7.308947158565389790e-01,-4.248923992282225073e-03,-4.578096080092488585e-01,1.534163189143158135e-01,-1.879361846026470773e-01,-1.844938107436313104e-02
2.775551102204408949e+01,7.371170636660609454e-02,-1.317090352551473220e-01,-7.254476075013640418e-03,-7.408591315025616630e-01,2.146248399062021528e-01,-3.567716240009694562e-01,1.896308405544044340e-01,-2.394775858401273771e-01,-1.045370500734028180e-01,-7.562778470972140663e-03,-9.680311108578942836e-02,2.654994744184270283e-01,-2.370796655195136771e-01,-1.280328896772893743e-01,7.309821935075112576e-01,-4.290262300373844269e-03,-4.579182767963395073e-01,1.534475281067363694e-01,-1.879912388269097678e-01,-1.845136948157012277e-02
2.785571142284569390e+01,7.377175832034717218e-02,-1.317490957981316824e-01,-7.247755253605824531e-03,-7.409571900340525819e-01,2.146555567552572985e-01,-3.568368802642441495e-01,1.896564127712782877e-01,-2.395559906505794756e-01,-1.045879757956848649e-01,-7.569724218252035265e-03,-9.682690312660699461e-02,2.655422084259853599e-01,-2.371539509629882747e-01,-1.280952121573365188e-01,7.310671640242057956e-01,-4.330885088263333738e-03,-4.580239349432930207e-01,1.534778045800670732e-01,-1.880448099576329801e-01,-1.845329469439850253e-02
2.795591182364729477e+01,7.383037907802393607e-02,-1.317880514919273494e-01,-7.240985311225524648e-03,-7.410525258187976583e-01,2.146853536209876179e-01,-3.569003406982164672e-01,1.896812573915993561e-01,-2.396322842332722636e-01,-1.046376935859944374e-01,-7.576514934835034375e-03,-9.684999709396724388e-02,2.655837397364049224e-01,-2.372262992476094901e-01,-1.281563472019167371e-01,7.311496965765506006e-01,-4.370551616356375957e-03,-4.581267779717622113e-01,1.535072323233656055e-01,-1.880969310911034531e-01,-1.845516414530481986e-02
2.805611222444889918e+01,7.388716710378490093e-02,-1.318258900379521981e-01,-7.233961309814602482e-03,-7.411451578655192662e-01,2.147142177122744466e-01,-3.569620504868530886e-01,1.897054088260992921e-01,-2.397064340915645575e-01,-1.046863340253234298e-01,-7.583175799769895434e-03,-9.687251901870606863e-02,2.656241122708400959e-01,-2.372967289043159123e-01,-1.282167484445413674e-01,7.312298589967481943e-01,-4.409065262426714246e-03,-4.582269793117545453e-01,1.535358845904024327e-01,-1.881476354743554236e-01,-1.845698426551732260e-02
2.815631262525050360e+01,7.394180906678234078e-02,-1.318626070419293139e-01,-7.226521308860412579e-03,-7.412351148259314071e-01,2.147421436998487587e-01,-3.570220544026332932e-01,1.897288982080183595e-01,-2.397784243956456451e-01,-1.047340060330666095e-01,-7.589727435175486030e-03,-9.689457272559764967e-02,2.656633670311894790e-01,-2.373652636098826929e-01,-1.282767805001112926e-01,7.313077177792757233e-01,-4.446273521616150165e-03,-4.583246903016320317e-01,1.535638238996610283e-01,-1.881969565051707372e-01,-1.845876048503595351e-02
2.825651302605210446e+01,7.399407984117228887e-02,-1.318982060138870205e-01,-7.218546365395808392e-03,-7.413224349947403757e-01,2.147691337162911385e-01,-3.570803968065490719e-01,1.897517533931054878e-01,-2.398482559825350635e-01,-1.047807968670216028e-01,-7.596185906240785629e-03,-9.691623983335444226e-02,2.657015421000963329e-01,-2.374319321869214627e-01,-1.283367189649170237e-01,7.313833380808849594e-01,-4.482068006434540043e-03,-4.584200401881111664e-01,1.535911020343376510e-01,-1.882449277320789038e-01,-1.846049723263233980e-02
2.835671342685370888e+01,7.404384250611452389e-02,-1.319326983681588517e-01,-7.209960533999134474e-03,-7.414071663096435394e-01,2.147951973560318917e-01,-3.571371216481050159e-01,1.897739989596181620e-01,-2.399159463560827932e-01,-1.048267721233889505e-01,-7.602562721224883843e-03,-9.693757975462724552e-02,2.657386726409480260e-01,-2.374967686038804149e-01,-1.283967504166387275e-01,7.314567837206024103e-01,-4.516384446759802787e-03,-4.585131361262630989e-01,1.536177600423414558e-01,-1.882915828543569869e-01,-1.846219793584981048e-02
2.845691382765530975e+01,7.409104834577258381e-02,-1.319661034233835795e-01,-7.200730866794230814e-03,-7.414893663513306699e-01,2.148203516753509346e-01,-3.571922724653184833e-01,1.897956562083224774e-01,-2.399815296869691195e-01,-1.048719757367719968e-01,-7.608864831456984765e-03,-9.695862969600513304e-02,2.657747908978764784e-01,-2.375598119750441661e-01,-1.284569724143461711e-01,7.315281171797287652e-01,-4.549202689837912074e-03,-4.586040631795136324e-01,1.536438282362944940e-01,-1.883369557220296586e-01,-1.846386502100337210e-02
2.855711422845691416e+01,7.413573684931379359e-02,-1.319984484025051308e-01,-7.190867413450434571e-03,-7.415691023434829443e-01,2.148446211923778493e-01,-3.572458923847195433e-01,1.898167431624931956e-01,-2.400450568127047157e-01,-1.049164299801770145e-01,-7.615094631336400896e-03,-9.697940465801548060e-02,2.658099261957579951e-01,-2.376211065605338957e-01,-1.285173934984986943e-01,7.315973996018398928e-01,-4.580546700282901555e-03,-4.586928843196430572e-01,1.536693261935316857e-01,-1.883810803358691999e-01,-1.846549991317974343e-02
2.865731462925851858e+01,7.417803571090920978e-02,-1.320297684327727539e-01,-7.180423221182574874e-03,-7.416464511527732784e-01,2.148680378870918839e-01,-3.572980241213508101e-01,1.898372745679135776e-01,-2.401065952376305601e-01,-1.049601354650131352e-01,-7.621249958332558354e-03,-9.699989743512395235e-02,2.658441049402132106e-01,-2.376807017663073174e-01,-1.285779331909453205e-01,7.316646907927857324e-01,-4.610484560076863123e-03,-4.587796404267862616e-01,1.536942627561008468e-01,-1.884239908473954450e-01,-1.846710303623731730e-02
2.875751503006011944e+01,7.421816082973364814e-02,-1.320601065457408518e-01,-7.169494334750978887e-03,-7.417214992888666591e-01,2.148906412013218969e-01,-3.573487099787678312e-01,1.898572618928755784e-01,-2.401662291329181020e-01,-1.050030711410923218e-01,-7.627324092984993399e-03,-9.702007861573454239e-02,2.658773506176071444e-01,-2.377386521441586242e-01,-1.286384219949246732e-01,7.317300492206911811e-01,-4.639128468569943438e-03,-4.588643502894326764e-01,1.537186360307626343e-01,-1.884657215588759205e-01,-1.846867381280618489e-02
2.885771543086172386e+01,7.425641630996571152e-02,-1.320895136772690936e-01,-7.158219796461464876e-03,-7.417943429044197012e-01,2.149124780387464684e-01,-3.573979918490385321e-01,1.898767133281797637e-01,-2.402240593365690402e-01,-1.050451942966294655e-01,-7.633305758903355907e-03,-9.703989658218950543e-02,2.659096837950493120e-01,-2.377950173917184884e-01,-1.286986013950650043e-01,7.317935320159556500e-01,-4.666634742480353475e-03,-4.589470106044263309e-01,1.537424333889906014e-01,-1.885063069233256505e-01,-1.847021066428813571e-02
2.895791583166332828e+01,7.429319446078772038e-02,-1.321180486675223587e-01,-7.146781646165349146e-03,-7.418650877950806466e-01,2.149336027648937608e-01,-3.574459112127437721e-01,1.898956337871352262e-01,-2.402802033534154613e-01,-1.050864405582422889e-01,-7.639179122767404163e-03,-9.705927751076941223e-02,2.659411221203935027e-01,-2.378498623524541722e-01,-1.287581238573841658e-01,7.318551949712530647e-01,-4.693203815894357242e-03,-4.590275959769659075e-01,1.537656314669711977e-01,-1.885457815445073237e-01,-1.847171101085664374e-02
2.905811623246492914e+01,7.432897579638579610e-02,-1.321457782609707088e-01,-7.135404921259442569e-03,-7.419338493994896977e-01,2.149540772071416583e-01,-3.574925091389769549e-01,1.899140249055597252e-01,-2.403347953551198679e-01,-1.051267238909514012e-01,-7.644923794327009199e-03,-9.707812537169313583e-02,2.659716803222379466e-01,-2.379032570156693893e-01,-1.288165528292896378e-01,7.319150925415319753e-01,-4.719080240266277856e-03,-4.591060589206045206e-01,1.537881961656037133e-01,-1.885841801769312376e-01,-1.847317127145687785e-02
2.915831663326653356e+01,7.436432903594979160e-02,-1.321727771063894719e-01,-7.124357656686047986e-03,-7.420007527992786844e-01,2.149739706547176554e-01,-3.575378262853442513e-01,1.899318850417796578e-01,-2.403879861801750395e-01,-1.051659365981802846e-01,-7.650514826402155660e-03,-9.709632192911783755e-02,2.660013702099252586e-01,-2.379552765165043604e-01,-1.288733627395785286e-01,7.319732778440156684e-01,-4.744552684418499276e-03,-4.591823298572500489e-01,1.538100826505003627e-01,-1.886215377258552428e-01,-1.847458686380570175e-02
2.925851703406813797e+01,7.439991110367333293e-02,-1.321991277568592416e-01,-7.113950884932967143e-03,-7.420659327190712862e-01,2.149933598586989403e-01,-3.575819028979644876e-01,1.899492092766299489e-01,-2.404399433339041992e-01,-1.052039493217552663e-01,-7.655922714882937470e-03,-9.711372674113900871e-02,2.660302006735424385e-01,-2.380060011359358685e-01,-1.289279389984375468e-01,7.320298026582018336e-01,-4.769953934541460230e-03,-4.592563171171647474e-01,1.538312353519862008e-01,-1.886578892472848545e-01,-1.847595220439166366e-02
2.935871743486973884e+01,7.443646712875379157e-02,-1.322249206697657109e-01,-7.104538636033494621e-03,-7.421295335264831428e-01,2.150123290320122560e-01,-3.576247788114691462e-01,1.899659894134542171e-01,-2.404908509884608192e-01,-1.052406110419055879e-01,-7.661113398729560431e-03,-9.713017715979038735e-02,2.660581776839208157e-01,-2.380555163007771480e-01,-1.289795779974430567e-01,7.320847174258630075e-01,-4.795660894193658555e-03,-4.593279069389656355e-01,1.538515879650991514e-01,-1.886932699479731135e-01,-1.847726070847501012e-02
2.945891783567134325e+01,7.447483044539229824e-02,-1.322502542067998943e-01,-7.096517937566418702e-03,-7.421917092321211884e-01,2.150309698494341504e-01,-3.576664934490024206e-01,1.899822139781045804e-01,-2.405409099828288710e-01,-1.052757490772633225e-01,-7.666048259972341357e-03,-9.714548833104404146e-02,2.660853042926362710e-01,-2.381039125836779680e-01,-1.290274871095610232e-01,7.321380712510461297e-01,-4.822094584301652061e-03,-4.593969634696241644e-01,1.538710634495900620e-01,-1.887277151854206969e-01,-1.847850479008767907e-02
2.955911823647294767e+01,7.451589165878245991e-02,-1.322752341924716413e-01,-7.090315607770785768e-03,-7.422526261630014721e-01,2.150493862670193879e-01,-3.577070918681865552e-01,1.899978654617991425e-01,-2.405903387731913035e-01,-1.053091733543326386e-01,-7.670684727431829712e-03,-9.715945576740815659e-02,2.661115854762573507e-01,-2.381512865652817557e-01,-1.290708156719359290e-01,7.321899036796237770e-01,-4.849704409069414447e-03,-4.594633287701100355e-01,1.538895748552434606e-01,-1.887612550583125937e-01,-1.847967665509183538e-02
2.965931863727454854e+01,7.455925460686695094e-02,-1.322998995091097529e-01,-7.085774239567076659e-03,-7.423124353086298921e-01,2.150677372011780275e-01,-3.577467505035714646e-01,1.900128818240766626e-01,-2.406392586827620084e-01,-1.053409297277978912e-01,-7.675023615693563409e-03,-9.717207652353265779e-02,2.661371492785925552e-01,-2.381977128929563814e-01,-1.291099998940233307e-01,7.322400653292810979e-01,-4.878289916299648199e-03,-4.595269792799609454e-01,1.539071207815695397e-01,-1.887937902331794093e-01,-1.848079270766288945e-02
2.975951903807615295e+01,7.460362460483364877e-02,-1.323241422442903437e-01,-7.082255750410522757e-03,-7.423710163617222024e-01,2.150859181153974564e-01,-3.577854894929090035e-01,1.900273170029405656e-01,-2.406874406046490833e-01,-1.053713514169443421e-01,-7.679134221674000990e-03,-9.718368628725015945e-02,2.661620478738674356e-01,-2.382431323605969931e-01,-1.291463721452978386e-01,7.322885964081157217e-01,-4.907206598027570935e-03,-4.595882677181609699e-01,1.539238673462011431e-01,-1.888253315161333157e-01,-1.848186804949967371e-02
2.985971943887775737e+01,7.464799518849045412e-02,-1.323478511299949756e-01,-7.079240060745483828e-03,-7.424282045533959762e-01,2.151037578773965508e-01,-3.578232544044832042e-01,1.900412607115061769e-01,-2.407346258977841047e-01,-1.054007400573628850e-01,-7.683082853575799384e-03,-9.719461035156808093e-02,2.661862763658841557e-01,-2.382874686918767526e-01,-1.291809753026330609e-01,7.323356353328924762e-01,-4.935957176644903063e-03,-4.596475655350994449e-01,1.539399802066409029e-01,-1.888559537401300059e-01,-1.848290907183626139e-02
2.995991983967935823e+01,7.469150053100917508e-02,-1.323709322252794307e-01,-7.076278666755241378e-03,-7.424838627507400757e-01,2.151211105368544263e-01,-3.578600015921534760e-01,1.900547917587746272e-01,-2.407805953060168924e-01,-1.054293581022286708e-01,-7.686927004505640301e-03,-9.720513076776894634e-02,2.662098327649875529e-01,-2.383306596464670746e-01,-1.292147110912327257e-01,7.323813061889692388e-01,-4.964114317369027266e-03,-4.597051985217037173e-01,1.539556039223766715e-01,-1.888857242357749600e-01,-1.848392138604619886e-02
3.006012024048096265e+01,7.473341544292554095e-02,-1.323933089162736276e-01,-7.072994640361992581e-03,-7.425378814568148744e-01,2.151378553254105763e-01,-3.578956981953543282e-01,1.900679780496327409e-01,-2.408251689581153987e-01,-1.054574288223010248e-01,-7.690715352474226767e-03,-9.721548634541023193e-02,2.662327179880652483e-01,-2.383726570200375705e-01,-1.292483400846305142e-01,7.324257187302981587e-01,-4.991320628242990227e-03,-4.597614468094391449e-01,1.539708619548816881e-01,-1.889147028313232779e-01,-1.848490982364249177e-02
3.016032064128256707e+01,7.477315537213913288e-02,-1.324149219161815938e-01,-7.069082629226852016e-03,-7.425901788106522572e-01,2.151538966566647615e-01,-3.579303221390957024e-01,1.900808765848530923e-01,-2.408682063677657637e-01,-1.054851363059235159e-01,-7.694487760396288324e-03,-9.722587265232447706e-02,2.662549358585474257e-01,-2.384134266442560768e-01,-1.292824817046902552e-01,7.324689683794244344e-01,-5.017288660135496570e-03,-4.598165448703088742e-01,1.539858566676144958e-01,-1.889429418526797910e-01,-1.848587843627762586e-02
3.026052104208416793e+01,7.481027640391346711e-02,-1.324357292652815210e-01,-7.064308856749851664e-03,-7.426407005872553979e-01,2.151691641261769816e-01,-3.579638621339625293e-01,1.900935334610940053e-01,-2.409096064335723986e-01,-1.055126254590239288e-01,-7.698275276090576699e-03,-9.723644201461925651e-02,2.662764931064071638e-01,-2.384529483867886268e-01,-1.293176142216057312e-01,7.325111362274873139e-01,-5.041800906740913184e-03,-4.598706815168541184e-01,1.540006693260189685e-01,-1.889704861233989786e-01,-1.848683049574354961e-02
3.036072144288577235e+01,7.484447526087592562e-02,-1.324557063309257376e-01,-7.058511122069943515e-03,-7.426894201975988707e-01,2.151836125114676146e-01,-3.579963176761150057e-01,1.901059838708995253e-01,-2.409493074390578193e-01,-1.055400020051142501e-01,-7.702100132279866666e-03,-9.724730351667715267e-02,2.662973993681599927e-01,-2.384912161512994233e-01,-1.293540747539008440e-01,7.325522890342193172e-01,-5.064709804579270967e-03,-4.599239999021539349e-01,1.540153600975242565e-01,-1.889973729646850509e-01,-1.848776849397168465e-02
3.046092184368737676e+01,7.487558930301783933e-02,-1.324748458075407087e-01,-7.051598800064993490e-03,-7.427363386886287611e-01,2.151972217720173330e-01,-3.580276990472887055e-01,1.901182521026994476e-01,-2.409872870526627298e-01,-1.055673324852907102e-01,-7.705975746590958651e-03,-9.725852300115575555e-02,2.663176671868643375e-01,-2.385282378774509215e-01,-1.293920592684295046e-01,7.325924792279467912e-01,-5.085937732996257885e-03,-4.599765975198252810e-01,1.540299680515448411e-01,-1.890236321953918941e-01,-1.848869414303291880e-02
3.056112224448897763e+01,7.490359652769437715e-02,-1.324931577166270635e-01,-7.043552841351789252e-03,-7.427814847432625545e-01,2.152099970492670766e-01,-3.580580273147942472e-01,1.901303515408093447e-01,-2.410235623277460770e-01,-1.055946442582337413e-01,-7.709906721554675262e-03,-9.727012306898771832e-02,2.663373120121212967e-01,-2.385640355409037461e-01,-1.294316225803757159e-01,7.326317449055895770e-01,-5.105477014163225039e-03,-4.600285262040231249e-01,1.540445111594805627e-01,-1.890492861320230422e-01,-1.848960837513761654e-02
3.066132264529058205e+01,7.492861556962462921e-02,-1.325106694067595126e-01,-7.034425772286031532e-03,-7.428249146803892478e-01,2.152219686666180798e-01,-3.580873343315175705e-01,1.901422846654304555e-01,-2.410581897025849685e-01,-1.056219255002079915e-01,-7.713888844605863888e-03,-9.728208307938070176e-02,2.663563522000745309e-01,-2.385986451533168018e-01,-1.294726783532534342e-01,7.326701098326612316e-01,-5.123389913077185803e-03,-4.600797921294403903e-01,1.540589862947165378e-01,-1.890743495887317605e-01,-1.849051134263560159e-02
3.076152304609218646e+01,7.495090570089160686e-02,-1.325274255535870138e-01,-7.024341694962341932e-03,-7.428667124548691270e-01,2.152331921294319272e-01,-3.581156627359197708e-01,1.901540430526497960e-01,-2.410912650003746993e-01,-1.056491252050623247e-01,-7.717909088083394972e-03,-9.729433914981737430e-02,2.663748090134105961e-01,-2.386321167623471073e-01,-1.295149990989067634e-01,7.327075834432689172e-01,-5.139808637560812354e-03,-4.601303558113078451e-01,1.540733692326231863e-01,-1.890988298773209897e-01,-1.849140241801617776e-02
3.086172344689378733e+01,7.497086683094217330e-02,-1.325434881598325509e-01,-7.013496287214259460e-03,-7.429069896575339893e-01,2.152437481250304430e-01,-3.581430659520372095e-01,1.901656073744401321e-01,-2.411229234292287249e-01,-1.056761531842298346e-01,-7.721945609230162870e-03,-9.730678415605545362e-02,2.663927066213586103e-01,-2.386645144516499339e-01,-1.295582161775098440e-01,7.327441608401131790e-01,-5.154935338262440873e-03,-4.601801321053942129e-01,1.540876146505563427e-01,-1.891227268072433743e-01,-1.849228019390811162e-02
3.096192384769539174e+01,7.498903950658711293e-02,-1.325589365552933552e-01,-7.002156802614238791e-03,-7.429458855151871433e-01,2.152537425226958012e-01,-3.581696081894815142e-01,1.901769473986599512e-01,-2.411533395821787440e-01,-1.057028800667278168e-01,-7.725967750193086722e-03,-9.731926773212766502e-02,2.664100720996904204e-01,-2.386959163408787499e-01,-1.296018197975667696e-01,7.327798227944885001e-01,-5.169042108656068078e-03,-4.602289902080062278e-01,1.541016561278570063e-01,-1.891460326856012064e-01,-1.849314248307963593e-02
3.106212424849699616e+01,7.500610491200111751e-02,-1.325738673968407111e-01,-6.990662070473653740e-03,-7.429835668906030754e-01,2.152633063736704155e-01,-3.581953644434394124e-01,1.901880219890535184e-01,-2.411827274371746155e-01,-1.057291372991578243e-01,-7.729936038023106984e-03,-9.733159627034178307e-02,2.664269354307206017e-01,-2.387264145856852482e-01,-1.296451590159118095e-01,7.328145357462828580e-01,-5.182470985041350356e-03,-4.602767536559884132e-01,1.541154061458516467e-01,-1.891687323171465374e-01,-1.849398631843846702e-02
3.116232464929859702e+01,7.502288486872275841e-02,-1.325883946684200954e-01,-6.979422495842796392e-03,-7.430202282825278948e-01,2.152725959111571052e-01,-3.582204204946728976e-01,1.901987791052507648e-01,-2.412113403570843861e-01,-1.057547171457055568e-01,-7.733802184675190629e-03,-9.734353292128057611e-02,2.664433295033064031e-01,-2.387561153777193190e-01,-1.296874417377092137e-01,7.328482518039777238e-01,-5.195633946543606364e-03,-4.603232003267233585e-01,1.541287560878519258e-01,-1.891908030042810107e-01,-1.849480795303177355e-02
3.126252505010020144e+01,7.504034183565451432e-02,-1.326026496810511490e-01,-6.968920059510873635e-03,-7.430560918256791103e-01,2.152817925503188734e-01,-3.582448729095192852e-01,1.902091558027674267e-01,-2.412394710896943184e-01,-1.057793726881409990e-01,-7.737509087008326812e-03,-9.735479759380187559e-02,2.664592901128478020e-01,-2.387851389446290218e-01,-1.297277347164532413e-01,7.328809087446482851e-01,-5.209012915113816165e-03,-4.603680624381315534e-01,1.541415762391549482e-01,-1.892122145470560290e-01,-1.849560286004620774e-02
3.136272545090180586e+01,7.505957890906274355e-02,-1.326167810728275942e-01,-6.959708318006013229e-03,-7.430914072907456314e-01,2.152911028882790734e-01,-3.582688290398909903e-01,1.902190782330049623e-01,-2.412674517677087793e-01,-1.058028178258183238e-01,-7.740990826785528606e-03,-9.736506695503849285e-02,2.664748559612875045e-01,-2.388136195500606962e-01,-1.297649635539682988e-01,7.329124300139634451e-01,-5.223159755528622092e-03,-4.604110265486713316e-01,1.541537157870430108e-01,-1.892329292431726984e-01,-1.849636573280788454e-02
3.146292585170340672e+01,7.508183982257772560e-02,-1.326309548089173174e-01,-6.952412403595259471e-03,-7.431264520843878785e-01,2.153007587041213811e-01,-3.582924070232756941e-01,1.902284616432505515e-01,-2.412956539087504626e-01,-1.058247272756759338e-01,-7.744172670673832130e-03,-9.737397443039830236e-02,2.664900686571107791e-01,-2.388417054936588513e-01,-1.297979127004087740e-01,7.329427247261854905e-01,-5.238696275390326146e-03,-4.604517335573390380e-01,1.541650028207837975e-01,-1.892529018879817448e-01,-1.849709048478238860e-02
3.156312625250501114e+01,7.510850894719361959e-02,-1.326453541815623971e-01,-6.947729024284571460e-03,-7.431615312492374503e-01,2.153110169588897393e-01,-3.583157357827362888e-01,1.902372103766771516e-01,-2.413244884153601111e-01,-1.058447365722364197e-01,-7.746971070244299158e-03,-9.738111020356417236e-02,2.665049727153457337e-01,-2.388695591110661376e-01,-1.298252254542591189e-01,7.329716876641704237e-01,-5.256314225126891733e-03,-4.604897787036690282e-01,1.541752443316303234e-01,-1.892720797744836259e-01,-1.849777024957477770e-02
3.166332665330661555e+01,7.514001963350377955e-02,-1.326600823442036503e-01,-6.945890414558629315e-03,-7.431968457767692549e-01,2.153220493975921135e-01,-3.583389365138283655e-01,1.902452467539499925e-01,-2.413541897460693975e-01,-1.058627050662345331e-01,-7.749349641158543786e-03,-9.738629705082380017e-02,2.665196335950089646e-01,-2.388972748827787873e-01,-1.298464920040687531e-01,7.329992087052754623e-01,-5.276233729247790591e-03,-4.605249564110230898e-01,1.541843450179313235e-01,-1.892903955418204498e-01,-1.849841040189771635e-02
3.176352705410821642e+01,7.517370626783570486e-02,-1.326748826064406694e-01,-6.945567846038629492e-03,-7.432320349209758925e-01,2.153335313144464358e-01,-3.583619312119314948e-01,1.902526869574214241e-01,-2.413841813248356893e-01,-1.058793174700630030e-01,-7.751455947195231948e-03,-9.739025986353615216e-02,2.665340757347093303e-01,-2.389246483520057196e-01,-1.298643968919185043e-01,7.330254027424689678e-01,-5.297133753111409916e-03,-4.605579681984778295e-01,1.541926350093430209e-01,-1.893078901247845225e-01,-1.849903827213461235e-02
3.186372745490982084e+01,7.520809503774861238e-02,-1.326895322473053696e-01,-6.945983632682603548e-03,-7.432667180226933956e-01,2.153450990726070713e-01,-3.583845343672594774e-01,1.902597131423117982e-01,-2.414139494271516362e-01,-1.058950400156419697e-01,-7.753398251954503155e-03,-9.739352616786749184e-02,2.665482235696808866e-01,-2.389515065940766292e-01,-1.298804417437645908e-01,7.330505471603006029e-01,-5.318281221440423513e-03,-4.605894330902429168e-01,1.542003915853957519e-01,-1.893247243377555733e-01,-1.849965390121858025e-02
3.196392785571142525e+01,7.524199677812325182e-02,-1.327038460205673676e-01,-6.946505791715666504e-03,-7.433005759112977229e-01,2.153564447705934581e-01,-3.584065865859578093e-01,1.902664831153803304e-01,-2.414430655407059645e-01,-1.059102582895714850e-01,-7.755266453060858170e-03,-9.739653358582241183e-02,2.665620101872121506e-01,-2.389777074258235268e-01,-1.298958430965290733e-01,7.330748867210911124e-01,-5.339084770677721310e-03,-4.606198739503691297e-01,1.542078476883846083e-01,-1.893410413681043125e-01,-1.850025614197750579e-02
3.206412825651302967e+01,7.527441707517355807e-02,-1.327176700111943330e-01,-6.946604794774463576e-03,-7.433333443121443729e-01,2.153673113045548870e-01,-3.584279563852802997e-01,1.902731301655485596e-01,-2.414711730864875783e-01,-1.059252970917357595e-01,-7.757136121825139799e-03,-9.739964983637465490e-02,2.665753808987277318e-01,-2.390031341602329995e-01,-1.299116218550486757e-01,7.330986298181906280e-01,-5.359050236231622556e-03,-4.606497328060512042e-01,1.542151996962016769e-01,-1.893569632552464799e-01,-1.850084407187061603e-02
3.216432865731462698e+01,7.530455626644667888e-02,-1.327308816353520160e-01,-6.945853567907170172e-03,-7.433648138465687172e-01,2.153774923682705011e-01,-3.584485401935887383e-01,1.902797630639004034e-01,-2.414979874187855868e-01,-1.059404204353030371e-01,-7.759068503244526821e-03,-9.740317273546707233e-02,2.665882932397887761e-01,-2.390276956064462111e-01,-1.299286032920749234e-01,7.331219484759785576e-01,-5.377780652475868013e-03,-4.606793708476281113e-01,1.542226074223361776e-01,-1.893725908906429556e-01,-1.850141699298851056e-02
3.226452905811623140e+01,7.533180944082294717e-02,-1.327433896404042468e-01,-6.943927491573491893e-03,-7.433948300318857783e-01,2.153868324531492684e-01,-3.584682623503529508e-01,1.902864660636821303e-01,-2.415232958251891937e-01,-1.059558315467257206e-01,-7.761110516002540927e-03,-9.740733019601165166e-02,2.666007169700927992e-01,-2.390513260697589570e-01,-1.299474170482738666e-01,7.331449783498636963e-01,-5.394976252749632099e-03,-4.607090684285829463e-01,1.542301941158742418e-01,-1.893880040177996771e-01,-1.850197443205311987e-02
3.236472945891783581e+01,7.535576643851588097e-02,-1.327551341049129363e-01,-6.940604400644667139e-03,-7.434232932813898964e-01,2.153952268482300925e-01,-3.584870751061507987e-01,1.902932989003023601e-01,-2.415469575265878077e-01,-1.059716728657403018e-01,-7.763294752469042381e-03,-9.741228022788951668e-02,2.666126340734736311e-01,-2.390739853516216928e-01,-1.299684971322263294e-01,7.331678187262838930e-01,-5.410434469357508144e-03,-4.607390250655428177e-01,1.542380464614991897e-01,-1.894032612322676112e-01,-1.850251614041773657e-02
3.246492985971944023e+01,7.537621185107218347e-02,-1.327660864386380757e-01,-6.935764584403462767e-03,-7.434501589043556180e-01,2.154026216401816463e-01,-3.585049586226682905e-01,1.903002967913320909e-01,-2.415689036771709874e-01,-1.059880260453673340e-01,-7.765639478700230892e-03,-9.741811093795092746e-02,2.666240387579016380e-01,-2.390956587496393670e-01,-1.299920819204278266e-01,7.331905325227064951e-01,-5.424049933569518797e-03,-4.607693594382791247e-01,1.542462145794913086e-01,-1.894183999816428654e-01,-1.850304209406700151e-02
3.256513026052104465e+01,7.539312502137175687e-02,-1.327762493825376533e-01,-6.929390786544177561e-03,-7.434754371060365852e-01,2.154090137133025384e-01,-3.585219209726993039e-01,1.903074704365047276e-01,-2.415891373644284690e-01,-1.060049119519115429e-01,-7.768148634438647344e-03,-9.742484053001525257e-02,2.666349374554833340e-01,-2.391163570575716435e-01,-1.300182141572884809e-01,7.332131462876280148e-01,-5.435814475621114292e-03,-4.608001093897072797e-01,1.542547120257278803e-01,-1.894334365655666041e-01,-1.850355249361691073e-02
3.266533066132264906e+01,7.540668004362768850e-02,-1.327856570087677934e-01,-6.921568205172639633e-03,-7.434991929876664241e-01,2.154144507495211469e-01,-3.585379981401460858e-01,1.903148060177159151e-01,-2.416077336091501104e-01,-1.060222906649617020e-01,-7.770811833113170329e-03,-9.743241730487098295e-02,2.666453488224617696e-01,-2.391361165653327070e-01,-1.300467409551331888e-01,7.332356502005742405e-01,-5.445817124713168110e-03,-4.608312319258868750e-01,1.542635157916833477e-01,-1.894483661357250492e-01,-1.850404776431480852e-02
3.276553106212424638e+01,7.541724576338626473e-02,-1.327943747206827008e-01,-6.912484492806209892e-03,-7.435215465464584117e-01,2.154190312283958131e-01,-3.585532540200185858e-01,1.903222651990237879e-01,-2.416248393654259752e-01,-1.060400614773907291e-01,-7.773604361839020482e-03,-9.744071966027578746e-02,2.666553037392163095e-01,-2.391549990589913743e-01,-1.300773137942014546e-01,7.332579980721003476e-01,-5.454244109011981319e-03,-4.608626032160216268e-01,1.542725663044291207e-01,-1.894631626958495074e-01,-1.850452855603939087e-02
3.286573146292585079e+01,7.542538577752697093e-02,-1.328024992528346326e-01,-6.902429756373778570e-03,-7.435426726756053650e-01,2.154229044271146198e-01,-3.585677804184351225e-01,1.903297851266487761e-01,-2.416406735206462764e-01,-1.060580628953556037e-01,-7.776487181417757015e-03,-9.744955609095640181e-02,2.666648453102627991e-01,-2.391730918207711221e-01,-1.301093885226474733e-01,7.332801073437907879e-01,-5.461378855649283437e-03,-4.608940185924593758e-01,1.542817674266336869e-01,-1.894777791017163981e-01,-1.850499574330070202e-02
3.296593186372745521e+01,7.543185843426243598e-02,-1.328101586709738990e-01,-6.891796557215765229e-03,-7.435628011642798629e-01,2.154262704204955858e-01,-3.585816970526218284e-01,1.903372784289736885e-01,-2.416555268955013769e-01,-1.060760726382974362e-01,-7.779406926337277713e-03,-9.745866518860875349e-02,2.666740288642533430e-01,-2.391905076290499754e-01,-1.301422253565401865e-01,7.333018590882590670e-01,-5.467601990722225497e-03,-4.609251925506920311e-01,1.542909864565625566e-01,-1.894921470611471426e-01,-1.850545042524014833e-02
3.306613226452905963e+01,7.543761683313854327e-02,-1.328175123720489181e-01,-6.881079911084122223e-03,-7.435822166976340242e-01,2.154293800809865822e-01,-3.585951515509130383e-01,1.903446332165436572e-01,-2.416697622439818172e-01,-1.060938076389414536e-01,-7.782295904771823272e-03,-9.746771564189783688e-02,2.666829219539764706e-01,-2.392073847583605362e-01,-1.301748888798631432e-01,7.333230980091482998e-01,-5.473391339293389585e-03,-4.609557587493557373e-01,1.543000541280782900e-01,-1.895061771340083301e-01,-1.850589392563047400e-02
3.316633266533066404e+01,7.544380882503431973e-02,-1.328247510842061052e-01,-6.870877288142332104e-03,-7.436012588567996184e-01,2.154325350786652493e-01,-3.586083194527511231e-01,1.903517130820662762e-01,-2.416838142533782874e-01,-1.061109240432969308e-01,-7.785072098581971231e-03,-9.747630623645782422e-02,2.666916043563571370e-01,-2.392238869793901213e-01,-1.302062480445146109e-01,7.333436324411307661e-01,-5.479321925390780168e-03,-4.609852700102306522e-01,1.543087646106404975e-01,-1.895197587322115518e-01,-1.850632779287578189e-02
3.326653306613226846e+01,7.545177701216201904e-02,-1.328320968667900670e-01,-6.861888612965407613e-03,-7.436203221188882884e-01,2.154360878812392188e-01,-3.586214042086864340e-01,1.903583571004113517e-01,-2.416981895442816552e-01,-1.061270172106573151e-01,-7.787639163314639436e-03,-9.748396585489199628e-02,2.667001680724566115e-01,-2.392402035589805132e-01,-1.302349761703075481e-01,7.333632343499080219e-01,-5.486065972007831033e-03,-4.610131983182411686e-01,1.543168755093058397e-01,-1.895327601197135392e-01,-1.850675380001152656e-02
3.336673346693386577e+01,7.546305874806703839e-02,-1.328398031103433796e-01,-6.854916264539893424e-03,-7.436398558569911055e-01,2.154404417540458916e-01,-3.586346371803774691e-01,1.903643798286112077e-01,-2.417134666705829105e-01,-1.061416217136001011e-01,-7.789886428203086910e-03,-9.749015347677277010e-02,2.667087173274725331e-01,-2.392565492601282373e-01,-1.302595509449695210e-01,7.333816393322106775e-01,-5.494392901103398348e-03,-4.610389348214557481e-01,1.543241078647279996e-01,-1.895450284125160256e-01,-1.850717394470451777e-02
3.346693386773547019e+01,7.547938613762801563e-02,-1.328481545366067273e-01,-6.850865076263860931e-03,-7.436603643401789032e-01,2.154460507600525487e-01,-3.586482776405908179e-01,1.903695713058604355e-01,-2.417302961194732758e-01,-1.061542113379869284e-01,-7.791688896166912119e-03,-9.749425817864168509e-02,2.667173685707389663e-01,-2.392731643419843401e-01,-1.302782544241428697e-01,7.333985466157991739e-01,-5.505169333601770201e-03,-4.610617898310869212e-01,1.543301461531577656e-01,-1.895563895786658848e-01,-1.850759044925290309e-02
3.356713426853707460e+01,7.550191255699274795e-02,-1.328573554042399574e-01,-6.850341077173365163e-03,-7.436822151696321770e-01,2.154532436607982382e-01,-3.586625212282474329e-01,1.903737768406142117e-01,-2.417491434923740301e-01,-1.061644278921265311e-01,-7.792960279781472113e-03,-9.749585885191799917e-02,2.667262138537803140e-01,-2.392902208246514839e-01,-1.302899470280538263e-01,7.334137329209015066e-01,-5.518974080568775885e-03,-4.610812783574008700e-01,1.543347686412648023e-01,-1.895667128392469203e-01,-1.850800704741900962e-02
3.366733466933867902e+01,7.552669597410302527e-02,-1.328668371248173941e-01,-6.851292692110802843e-03,-7.437044368977191455e-01,2.154611181247982343e-01,-3.586769044622077351e-01,1.903774130104203821e-01,-2.417687004820076313e-01,-1.061734512692655841e-01,-7.793973625480014183e-03,-9.749629116627890613e-02,2.667350690260962276e-01,-2.393072488771068040e-01,-1.302985911918994322e-01,7.334278018914168751e-01,-5.533846327838628024e-03,-4.610988852861909182e-01,1.543386501358164908e-01,-1.895763411736456627e-01,-1.850842992285968089e-02
3.376753507014028344e+01,7.555190397612766839e-02,-1.328762800332703442e-01,-6.852740716044054305e-03,-7.437264619800552090e-01,2.154691427006129589e-01,-3.586911273273595269e-01,1.903807493129542616e-01,-2.417882328915107737e-01,-1.061818849488992411e-01,-7.794872703571162700e-03,-9.749625328867919660e-02,2.667437960846271161e-01,-2.393239969996064642e-01,-1.303060435343389167e-01,7.334411654759565025e-01,-5.548870248916026697e-03,-4.611154541987662059e-01,1.543421683649165710e-01,-1.895855184663326753e-01,-1.850885246238494902e-02
3.386773547094188785e+01,7.557655080214044363e-02,-1.328854915297510986e-01,-6.854147155042277298e-03,-7.437479424439467079e-01,2.154769880682382011e-01,-3.587049972302874257e-01,1.903839616833875870e-01,-2.418072983040218116e-01,-1.061900775946270914e-01,-7.795741864485252609e-03,-9.749615278602795365e-02,2.667523015935396868e-01,-2.393403192622470810e-01,-1.303133126480007231e-01,7.334541002989494185e-01,-5.563551847137016698e-03,-4.611315037422575314e-01,1.543455531572274220e-01,-1.895944112432516870e-01,-1.850926744001343133e-02
3.396793587174348517e+01,7.559982705446709195e-02,-1.328943138981830141e-01,-6.855069361121150437e-03,-7.437685938265727881e-01,2.154843836313535266e-01,-3.587183569007579287e-01,1.903871956923385844e-01,-2.418255341341911946e-01,-1.061983173091830546e-01,-7.796650702539507059e-03,-9.749632571701832839e-02,2.667605094548932132e-01,-2.393560971936304071e-01,-1.303212293683679857e-01,7.334668362986442869e-01,-5.577485737284634468e-03,-4.611474634649140314e-01,1.543489944749318055e-01,-1.896031580204150524e-01,-1.850966891280401636e-02
3.406813627254508958e+01,7.562109969868530124e-02,-1.329026243062606250e-01,-6.855160032242874069e-03,-7.437881951749854004e-01,2.154911175173221949e-01,-3.587310843917192460e-01,1.903905665458718866e-01,-2.418426576281815232e-01,-1.062068316344354085e-01,-7.797654055938039140e-03,-9.749703663212747062e-02,2.667683609086394791e-01,-2.393712397808632486e-01,-1.303304467737785854e-01,7.334795567271090722e-01,-5.590355145588910696e-03,-4.611636738161032922e-01,1.543526424137328656e-01,-1.896118693039037517e-01,-1.851005222085587085e-02
3.416833667334669400e+01,7.563991206362473407e-02,-1.329103348054495592e-01,-6.854167212316170273e-03,-7.438065890461098562e-01,2.154970365771912977e-01,-3.587430930793015782e-01,1.903941590854986987e-01,-2.418584658636675211e-01,-1.062157875513867755e-01,-7.798792006771846676e-03,-9.749847857361658432e-02,2.667758145326229458e-01,-2.393856834695576030e-01,-1.303414401854250393e-01,7.334923981502309287e-01,-5.601931909726867720e-03,-4.611803861463112941e-01,1.543566072028540181e-01,-1.896206275898673632e-01,-1.851041398730842932e-02
3.426853707414829842e+01,7.565598384136702770e-02,-1.329173923309865946e-01,-6.851934291196281994e-03,-7.438236815067442720e-01,2.155020463856916479e-01,-3.587543316628169499e-01,1.903980277881766603e-01,-2.418728357498360348e-01,-1.062252914801741083e-01,-7.800089881018818297e-03,-9.750077307553089989e-02,2.667828462425805847e-01,-2.393993921638305211e-01,-1.303545071673545830e-01,7.335054504477168669e-01,-5.612076478822522127e-03,-4.611977627071423558e-01,1.543609592050390611e-01,-1.896294873645240908e-01,-1.851075211834140449e-02
3.436873747494990283e+01,7.566921108724579403e-02,-1.329237787018796579e-01,-6.848400004684974778e-03,-7.438394421335596807e-01,2.155061112412378632e-01,-3.587647841647590430e-01,1.904021967663099002e-01,-2.418857240273860343e-01,-1.062353892800687316e-01,-7.801558248543729104e-03,-9.750397016369966030e-02,2.667894492921419891e-01,-2.394123572263041622e-01,-1.303697675264691436e-01,7.335187568130929758e-01,-5.620737913446882152e-03,-4.612158766513193009e-01,1.543657289165521473e-01,-1.896384751041608197e-01,-1.851106580317478725e-02
3.446893787575150725e+01,7.567966621984660580e-02,-1.329295106209077981e-01,-6.843598434530532432e-03,-7.438539040131002533e-01,2.155092541659282268e-01,-3.587744699308036966e-01,1.904066597677489814e-01,-2.418971672685285845e-01,-1.062460662494762870e-01,-7.803192923098242403e-03,-9.750804835573616269e-02,2.667956342728292074e-01,-2.394245974781058217e-01,-1.303871633125253948e-01,7.335323137537046456e-01,-5.627953885617948543e-03,-4.612347120326832917e-01,1.543709069671777290e-01,-1.896475892751329773e-01,-1.851135551406882934e-02
3.456913827655310456e+01,7.568759802100698264e-02,-1.329346396746212133e-01,-6.837659008427764834e-03,-7.438671637417829663e-01,2.155115569055448543e-01,-3.587834436298084073e-01,1.904113801757909841e-01,-2.419072818769869015e-01,-1.062572471259367740e-01,-7.804974962320910571e-03,-9.751291466103771677e-02,2.668014291140569094e-01,-2.394361591988678484e-01,-1.304064588181345907e-01,7.335460710907171222e-01,-5.633850678800716300e-03,-4.612541638061939397e-01,1.543764441202206683e-01,-1.896568003338647002e-01,-1.851162300632406416e-02
3.466933867735470898e+01,7.569343163581646050e-02,-1.329392523333411402e-01,-6.830806500017999258e-03,-7.438793814258979342e-01,2.155131599295535827e-01,-3.587917952538124955e-01,1.904162910091795335e-01,-2.419162640879963244e-01,-1.062687960861245506e-01,-7.806870667737173322e-03,-9.751840458078568641e-02,2.668068790831324422e-01,-2.394471161267277826e-01,-1.304272405787627875e-01,7.335599319591145084e-01,-5.638643187907174670e-03,-4.612740378279291953e-01,1.543822512725061269e-01,-1.896660507268486395e-01,-1.851187131828129981e-02
3.476953907815631339e+01,7.569776857261652225e-02,-1.329434699511601037e-01,-6.823361028889087312e-03,-7.438907806816082990e-01,2.155142624311040811e-01,-3.587996501180372166e-01,1.904212949221045781e-01,-2.419243899683042875e-01,-1.062805167458482913e-01,-7.808831584759356841e-03,-9.752428210794544805e-02,2.668120467852556077e-01,-2.394575694583282177e-01,-1.304489173727306772e-01,7.335737528077007630e-01,-5.642634919296301947e-03,-4.612940508550855134e-01,1.543881994543796210e-01,-1.896752548906461555e-01,-1.851210477132161913e-02
3.486973947895791781e+01,7.570138670300059769e-02,-1.329474487659416115e-01,-6.815738060575398868e-03,-7.439016486349498969e-01,2.155151223270296568e-01,-3.588071688608856502e-01,1.904262642042027220e-01,-2.419320154161703762e-01,-1.062921521600510427e-01,-7.810794502686678117e-03,-9.753023972726643231e-02,2.668170121635187741e-01,-2.394676478488168836e-01,-1.304707202212136430e-01,7.335873433990989234e-01,-5.646217990774072409e-03,-4.613138305459776323e-01,1.543941198297069939e-01,-1.896842992518872340e-01,-1.851232896986637275e-02
3.496993987975952223e+01,7.570524026181410515e-02,-1.329513798993203766e-01,-6.808448406557829000e-03,-7.439123359218319242e-01,2.155160562578474770e-01,-3.588145474439427551e-01,1.904310407805568928e-01,-2.419395761613662987e-01,-1.063033848228101819e-01,-7.812681454705240613e-03,-9.753589841528205462e-02,2.668218724989068757e-01,-2.394775074118465630e-01,-1.304917023882418425e-01,7.336004668097516612e-01,-5.649873131593451982e-03,-4.613329154600387394e-01,1.543998036958744990e-01,-1.896930422272704309e-01,-1.851255080137718598e-02
3.507014028056112664e+01,7.571045984715443766e-02,-1.329554893567022889e-01,-6.802098224263791043e-03,-7.439232566880362718e-01,2.155174395877584304e-01,-3.588220171519753143e-01,1.904354362116966182e-01,-2.419475877651758866e-01,-1.063138366673374163e-01,-7.814399717888033392e-03,-9.754080764030981232e-02,2.668267424102975238e-01,-2.394873317195752027e-01,-1.305107393807000138e-01,7.336128394299210598e-01,-5.654169682454400839e-03,-4.613507550578204719e-01,1.544050024837886337e-01,-1.897013142235629557e-01,-1.851277843635596582e-02
3.517034068136272396e+01,7.571835242037094904e-02,-1.329600380272642490e-01,-6.797389017067221803e-03,-7.439348885892179686e-01,2.155197064046471545e-01,-3.588298445929318792e-01,1.904392316935978324e-01,-2.419566456203950389e-01,-1.063230690659788397e-01,-7.815841813194938925e-03,-9.754444536245121533e-02,2.668317538544607848e-01,-2.394973318026658582e-01,-1.305265289483276414e-01,7.336241309636882812e-01,-5.659765595503869068e-03,-4.613667097009928608e-01,1.544094277578763053e-01,-1.897089176376006436e-01,-1.851302132834488356e-02
3.527054108216432837e+01,7.573040130606498166e-02,-1.329653216839543906e-01,-6.795117634288577214e-03,-7.439477727909049598e-01,2.155233495200820359e-01,-3.588383316979429360e-01,1.904421780576829593e-01,-2.419674249513318609e-01,-1.063305828302148620e-01,-7.816885505472725287e-03,-9.754621803359178611e-02,2.668370561260592910e-01,-2.395077461502866933e-01,-1.305375910837189291e-01,7.336339644289543438e-01,-5.667407434335804475e-03,-4.613800506523442202e-01,1.544127512160847759e-01,-1.897156268562879278e-01,-1.851329021392638871e-02
3.537074148296593279e+01,7.574638923633646159e-02,-1.329713197783677359e-01,-6.795170180588884674e-03,-7.439618788226547430e-01,2.155283345055392097e-01,-3.588474687089203141e-01,1.904442920126914740e-01,-2.419798761336471038e-01,-1.063364434243664891e-01,-7.817544912166596652e-03,-9.754619434223155139e-02,2.668426492073556200e-01,-2.395185591818929094e-01,-1.305441545146857341e-01,7.336423665826988794e-01,-5.676989228042577350e-03,-4.613908526339308702e-01,1.544150056067866983e-01,-1.897214569043355059e-01,-1.851358670710931409e-02
3.547094188376753721e+01,7.576316357756220088e-02,-1.329774331085932515e-01,-6.795848554751474958e-03,-7.439761223434245840e-01,2.155336555785850872e-01,-3.588566602768794023e-01,1.904460891555858348e-01,-2.419926259149984271e-01,-1.063417177519039858e-01,-7.818078199433175710e-03,-9.754562597863761231e-02,2.668482457206421965e-01,-2.395292969870632116e-01,-1.305494010085546386e-01,7.336501279959282140e-01,-5.686929995345536316e-03,-4.614006571038646864e-01,1.544168809687720967e-01,-1.897268806729502100e-01,-1.851389157570240696e-02
3.557114228456914162e+01,7.577993348117859074e-02,-1.329834839751743158e-01,-6.796713155578597981e-03,-7.439901761496712229e-01,2.155390061236408250e-01,-3.588657179068446834e-01,1.904477370153348781e-01,-2.420052683076993061e-01,-1.063467024065687105e-01,-7.818558753158590807e-03,-9.754486597927758407e-02,2.668537494160517776e-01,-2.395398273539101897e-01,-1.305541404151185636e-01,7.336575136517217155e-01,-5.696830810147603466e-03,-4.614099315448232930e-01,1.544185838791800602e-01,-1.897320591747974627e-01,-1.851419550679520715e-02
3.567134268537074604e+01,7.579609116854434114e-02,-1.329893337312562651e-01,-6.797424379364451139e-03,-7.440037848253621133e-01,2.155441457689155627e-01,-3.588744939269044587e-01,1.904493682148432065e-01,-2.420174864826316052e-01,-1.063516288860314324e-01,-7.819043906501933761e-03,-9.754418978135724616e-02,2.668590846355513024e-01,-2.395500483507898015e-01,-1.305589978475087676e-01,7.336647344434980011e-01,-5.706385035702837838e-03,-4.614190442418391602e-01,1.544202766594570675e-01,-1.897371207722788611e-01,-1.851449095913285450e-02
3.577154308617234335e+01,7.581114713566523833e-02,-1.329948709321603084e-01,-6.797707989536262013e-03,-7.440167433791426976e-01,2.155488806708676930e-01,-3.588828699078815965e-01,1.904510903643215347e-01,-2.420290255976506877e-01,-1.063566849524480717e-01,-7.819580083930148875e-03,-9.754382021999194463e-02,2.668641908085143122e-01,-2.395598787743045965e-01,-1.305644787783488137e-01,7.336719621669837155e-01,-5.715345864047901084e-03,-4.614282944294798572e-01,1.544220909315364154e-01,-1.897421700976295311e-01,-1.851477184656345060e-02
3.587174348697394777e+01,7.582473015319420029e-02,-1.330000113353836111e-01,-6.797355116654289243e-03,-7.440288972443365179e-01,2.155530635142049456e-01,-3.588907566633335877e-01,1.904529860612866610e-01,-2.420396927975854984e-01,-1.063620146324596866e-01,-7.820202801218027744e-03,-9.754392752820657819e-02,2.668690224517210052e-01,-2.395692581493036322e-01,-1.305709690397545142e-01,7.336793295202127529e-01,-5.723526316002063540e-03,-4.614379122918478848e-01,1.544241276178381916e-01,-1.897472880529181560e-01,-1.851503353803803792e-02
3.597194388777555218e+01,7.583658726643120740e-02,-1.330046979005991836e-01,-6.796222258411825992e-03,-7.440401422789449937e-01,2.155565935118843590e-01,-3.588980942495524906e-01,1.904551128905615787e-01,-2.420493572142384531e-01,-1.063677182171924723e-01,-7.820936665448217917e-03,-9.754462933693558435e-02,2.668735491693581263e-01,-2.395781467288825572e-01,-1.305787348233340417e-01,7.336869301035268132e-01,-5.730799241167197286e-03,-4.614480589625808427e-01,1.544264569412692745e-01,-1.897525318100470038e-01,-1.851527285761061375e-02
3.607214428857715660e+01,7.584658379532334405e-02,-1.330089007896559095e-01,-6.794231279635195610e-03,-7.440504247656478665e-01,2.155594164051123640e-01,-3.589048519655649305e-01,1.904575034242753651e-01,-2.420579499663855771e-01,-1.063738522622577759e-01,-7.821795375011210763e-03,-9.754599067502300880e-02,2.668777556530189110e-01,-2.395865254943836120e-01,-1.305879226801877624e-01,7.336948184195750677e-01,-5.737097317927780486e-03,-4.614588265248512622e-01,1.544291184252234161e-01,-1.897579348107518160e-01,-1.851548808443812671e-02
3.617234468937876102e+01,7.585470333446475699e-02,-1.330126173665786560e-01,-6.791369412283750767e-03,-7.440597414118028663e-01,2.155615244633446170e-01,-3.589110283531321000e-01,1.904601652218632646e-01,-2.420654641597763113e-01,-1.063804295877521094e-01,-7.822781719605351874e-03,-9.754802396922240826e-02,2.668816416817033632e-01,-2.395943961553955448e-01,-1.305985595209084305e-01,7.337030098733146044e-01,-5.742413053450893916e-03,-4.614702380113668290e-01,1.544321208935810763e-01,-1.897635067666020026e-01,-1.851567895278047327e-02
3.627254509018035833e+01,7.586104775309673864e-02,-1.330158721975680802e-01,-6.787689255449880395e-03,-7.440681393494457119e-01,2.155629564842861390e-01,-3.589166511967498141e-01,1.904630808300665501e-01,-2.420719548871337612e-01,-1.063874192782570949e-01,-7.823887580236837599e-03,-9.755068904419690601e-02,2.668852221218179777e-01,-2.396017811497537231e-01,-1.306105526155810215e-01,7.337114807720097609e-01,-5.746798783686224432e-03,-4.614822474043701606e-01,1.544354424707095608e-01,-1.897692336590003914e-01,-1.851584665200049773e-02
3.637274549098196275e+01,7.586583719510761603e-02,-1.330187170510007955e-01,-6.783308775359001876e-03,-7.440757161352902216e-01,2.155637977938912875e-01,-3.589217775236483998e-01,1.904662077829327449e-01,-2.420775392281544480e-01,-1.063947466828395472e-01,-7.825093929219709837e-03,-9.755389312251923351e-02,2.668885269271759064e-01,-2.396087236435400225e-01,-1.306236895937828157e-01,7.337201683252327911e-01,-5.750366673366063240e-03,-4.614947396356389175e-01,1.544390305814630215e-01,-1.897750777391834787e-01,-1.851599382656399922e-02
3.647294589178356716e+01,7.586941007903284795e-02,-1.330212308974292879e-01,-6.778411305369564516e-03,-7.440826197507283135e-01,2.155641802463637013e-01,-3.589264936037927511e-01,1.904694786018154284e-01,-2.420823962495085024e-01,-1.064022934150513910e-01,-7.826370830175868182e-03,-9.755749082467160549e-02,2.668916011389968479e-01,-2.396152875310829378e-01,-1.306376384445833705e-01,7.337289706448634208e-01,-5.753288716005307626e-03,-4.615075305864858590e-01,1.544428019511823735e-01,-1.897809775282212341e-01,-1.851612457603972126e-02
3.657314629258517158e+01,7.587222309805496945e-02,-1.330235199095819720e-01,-6.773245545973051278e-03,-7.440890486018298944e-01,2.155642822241563838e-01,-3.589309149498823848e-01,1.904728007953743474e-01,-2.420867670048395814e-01,-1.064098973529297026e-01,-7.827677438035056043e-03,-9.756128416904585876e-02,2.668945048859071578e-01,-2.396215574349574717e-01,-1.306519475165445476e-01,7.337377467450889590e-01,-5.755796733901456623e-03,-4.615203670877586206e-01,1.544466426056952946e-01,-1.897868478170171846e-01,-1.851624445509936212e-02
3.667334669338677600e+01,7.587485122000361959e-02,-1.330257174623630800e-01,-6.768125564793974445e-03,-7.440952515193429706e-01,2.155643286379715917e-01,-3.589351863173514401e-01,1.904760568595753045e-01,-2.420909545347647851e-01,-1.064173526389967234e-01,-7.828961999034869321e-03,-9.756502257194335503e-02,2.668973133839397383e-01,-2.396276387059852186e-01,-1.306660455177204860e-01,7.337463165424046307e-01,-5.758182378134615344e-03,-4.615329269198399920e-01,1.544504078713163364e-01,-1.897925796663084974e-01,-1.851636047351757144e-02
3.677354709418838041e+01,7.587798768735549981e-02,-1.330279841328528279e-01,-6.763430796589879092e-03,-7.441015277586936483e-01,2.155645909267609739e-01,-3.589394817043684571e-01,1.904791042776903254e-01,-2.420953238668748786e-01,-1.064244096802598044e-01,-7.830161850720756406e-03,-9.756840284757503645e-02,2.669001169365340931e-01,-2.396336574232343364e-01,-1.306792415156576292e-01,7.337544608556129111e-01,-5.760797128567494985e-03,-4.615448188126477502e-01,1.544539223748468137e-01,-1.897980404066657578e-01,-1.851648109617193977e-02
3.687374749498997772e+01,7.588244401723444332e-02,-1.330305077003072767e-01,-6.759606043251342213e-03,-7.441082269999860221e-01,2.155653870577254605e-01,-3.589440043518366541e-01,1.904817755202974916e-01,-2.421003020157340424e-01,-1.064307751482114900e-01,-7.831203421946011239e-03,-9.757106920806138395e-02,2.669030209345362725e-01,-2.396397603940195464e-01,-1.306907249373946700e-01,7.337619214058240802e-01,-5.764052293845407619e-03,-4.615555824456347156e-01,1.544569800435748597e-01,-1.898030736384931638e-01,-1.851661624304301937e-02
3.697394789579158214e+01,7.588915000141134570e-02,-1.330335031461583606e-01,-6.757161473801971859e-03,-7.441157493480023977e-01,2.155670815263153184e-01,-3.589489867433939274e-01,1.904838780452810520e-01,-2.421063779828800666e-01,-1.064361119788294341e-01,-7.832002232871783723e-03,-9.757261326343245889e-02,2.669061458561990952e-01,-2.396461151539021062e-01,-1.306995655694626057e-01,7.337684008164560012e-01,-5.768419011396273138e-03,-4.615646884477886402e-01,1.544593441052754257e-01,-1.898074992320285259e-01,-1.851677728921430691e-02
3.707414829659318656e+01,7.589894232448153588e-02,-1.330371681188268762e-01,-6.756557421905179037e-03,-7.441244634656797308e-01,2.155700098794149644e-01,-3.589546441231281637e-01,1.904852338646345900e-01,-2.421140010239193063e-01,-1.064401139779890537e-01,-7.832481264576097654e-03,-9.757266284287938185e-02,2.669096038950323768e-01,-2.396528751347063169e-01,-1.307049265786508763e-01,7.337736237564502773e-01,-5.774321749039901946e-03,-4.615716512115254910e-01,1.544607974772015113e-01,-1.898111502464454037e-01,-1.851697509111202219e-02
3.717434869739479097e+01,7.591035982772018076e-02,-1.330411993627819700e-01,-6.756995899459333418e-03,-7.441338138847102268e-01,2.155736562975016091e-01,-3.589606624947592195e-01,1.904861150592550567e-01,-2.421224774723586548e-01,-1.064432991003780027e-01,-7.832767509125817054e-03,-9.757183128049665144e-02,2.669132382305055007e-01,-2.396598052458595307e-01,-1.307082883266682261e-01,7.337780128498181398e-01,-5.781025389264608794e-03,-4.615772516965426231e-01,1.544616880314296226e-01,-1.898142819947844229e-01,-1.851719652729879109e-02
3.727454909819639539e+01,7.592234548197163146e-02,-1.330453460460076232e-01,-6.757887376791606344e-03,-7.441433350082643505e-01,2.155775889398100220e-01,-3.589667700500212555e-01,1.904867571268300530e-01,-2.421312359354390042e-01,-1.064460684898116960e-01,-7.832961307556222941e-03,-9.757060120939489711e-02,2.669169076068971247e-01,-2.396667178285068200e-01,-1.307107271291766126e-01,7.337819390822430954e-01,-5.787994761719750941e-03,-4.615821340292567410e-01,1.544623009956933579e-01,-1.898171202183434603e-01,-1.851742732502753563e-02
3.737474949899799981e+01,7.593430954003416167e-02,-1.330494566251769761e-01,-6.758897358814730354e-03,-7.441527438969988140e-01,2.155815444238923795e-01,-3.589727989155063748e-01,1.904873069938215480e-01,-2.421399317796674167e-01,-1.064486575679687019e-01,-7.833122147468809388e-03,-9.756925778835433272e-02,2.669205231667407530e-01,-2.396735026451404516e-01,-1.307128481440295587e-01,7.337856363674279958e-01,-5.794930204266520585e-03,-4.615866906247549362e-01,1.544628092359268401e-01,-1.898198078448990744e-01,-1.851765770598290742e-02
3.747494989979959712e+01,7.594575665850142321e-02,-1.330534039181911488e-01,-6.759744483978942682e-03,-7.441618032523618087e-01,2.155853013885334624e-01,-3.589786083382952575e-01,1.904878884625469948e-01,-2.421482756940340209e-01,-1.064512647557252223e-01,-7.833300123556829336e-03,-9.756804102617203101e-02,2.669240104533820435e-01,-2.396800675551049864e-01,-1.307151607638720736e-01,7.337893021313623976e-01,-5.801580104651539796e-03,-4.615912524015254870e-01,1.544633583894529094e-01,-1.898224655435349906e-01,-1.851787945190722789e-02
3.757515030060120154e+01,7.595628589776245998e-02,-1.330570851041793790e-01,-6.760200524271992202e-03,-7.441703214165938940e-01,2.155886804937505730e-01,-3.589840846859574386e-01,1.904886022111795529e-01,-2.421560336900118737e-01,-1.064540514731551202e-01,-7.833535937605291127e-03,-9.756714578166196528e-02,2.669273094109790856e-01,-2.396863385145971692e-01,-1.307180786161407093e-01,7.337930973123218958e-01,-5.807740900506857054e-03,-4.615960887814584135e-01,1.544640668649833182e-01,-1.898251917246422116e-01,-1.851808590460046755e-02
3.767535070140280595e+01,7.596559072200172180e-02,-1.330604217234989672e-01,-6.760090385219129881e-03,-7.441781523727273306e-01,2.155915444207936738e-01,-3.589891414465510300e-01,1.904895257937478104e-01,-2.421630271015570990e-01,-1.064571421395299200e-01,-7.833860898490961969e-03,-9.756672176365499549e-02,2.669303743845022336e-01,-2.396922595766660669e-01,-1.307219195630634767e-01,7.337971463608691236e-01,-5.813257079349950715e-03,-4.616014076898450891e-01,1.544650258426184530e-01,-1.898280625399189070e-01,-1.851827196592027366e-02
3.777555110220441037e+01,7.597345899919909218e-02,-1.330633596777353045e-01,-6.759292105883116589e-03,-7.441851957445863031e-01,2.155937978721451931e-01,-3.589937192286228873e-01,1.904907136401360890e-01,-2.421691325851087484e-01,-1.064606241733187936e-01,-7.834296922182366202e-03,-9.756687353099885440e-02,2.669331741197341068e-01,-2.396977928912130407e-01,-1.307269057016599012e-01,7.338015372398527525e-01,-5.818021178583725542e-03,-4.616073555553784624e-01,1.544662992738475571e-01,-1.898311318823703853e-01,-1.851843409778194949e-02
3.787575150300601479e+01,7.597977300112980503e-02,-1.330658692297018997e-01,-6.757736858864219626e-03,-7.441913967967873633e-01,2.155953875715201362e-01,-3.589977857612086098e-01,1.904921970560841948e-01,-2.421742821195889406e-01,-1.064645479921885601e-01,-7.834856531739783567e-03,-9.756766049255813367e-02,2.669356917632695891e-01,-2.397029187049916632e-01,-1.307331633637410229e-01,7.338063214244081589e-01,-5.821973785496517041e-03,-4.616140173101530575e-01,1.544679238815486466e-01,-1.898344313863092603e-01,-1.851857032215846466e-02
3.797595190380761920e+01,7.598450940336452797e-02,-1.330679450034402411e-01,-6.755408950300212725e-03,-7.441967464347387651e-01,2.155963022638661686e-01,-3.590013358938324295e-01,1.904939842231875013e-01,-2.421784630064027499e-01,-1.064689270130037141e-01,-7.835542857315249202e-03,-9.756909690721435324e-02,2.669379248625160517e-01,-2.397076353616078292e-01,-1.307407231159094241e-01,7.338115139019575350e-01,-5.825103537262087128e-03,-4.616214163896648626e-01,1.544699091599884833e-01,-1.898379704273553126e-01,-1.851868022108044826e-02
3.807615230460921651e+01,7.598773928526933452e-02,-1.330696059842199908e-01,-6.752345819866376053e-03,-7.442012812046405745e-01,2.155965727153633937e-01,-3.590043915965072108e-01,1.904960601988970048e-01,-2.421817178694382622e-01,-1.064737376518263695e-01,-7.836349636152558848e-03,-9.757115188386586424e-02,2.669398853656929083e-01,-2.397119593015196171e-01,-1.307495197595591185e-01,7.338170931722091117e-01,-5.827447120939624123e-03,-4.616295147328112747e-01,1.544722373748226296e-01,-1.898417361224354616e-01,-1.851876493663619921e-02
3.817635270541082093e+01,7.598962813000566252e-02,-1.330708955185388176e-01,-6.748638040775497941e-03,-7.442050832934852256e-01,2.155962717134246032e-01,-3.590070019597347284e-01,1.904983869165192689e-01,-2.421841446550665744e-01,-1.064789193239163156e-01,-7.837261212587265380e-03,-9.757374938142790444e-02,2.669415996218320597e-01,-2.397159250620374549e-01,-1.307593923308757178e-01,7.338230012471579355e-01,-5.829089273473749694e-03,-4.616382127818913772e-01,1.544748635630954214e-01,-1.898456933297839599e-01,-1.851882717097167591e-02
3.827655310621242535e+01,7.599043582453041124e-02,-1.330718813141225365e-01,-6.744429319777873154e-03,-7.442082805290568537e-01,2.155955140666950265e-01,-3.590092431945052232e-01,1.905009031852164247e-01,-2.421858966321417672e-01,-1.064843744437310030e-01,-7.838252538046675336e-03,-9.757676820883262603e-02,2.669431083807775607e-01,-2.397195852773240377e-01,-1.307700841008362369e-01,7.338291436510855359e-01,-5.830162781694507579e-03,-4.616473494826056623e-01,1.544777155332399399e-01,-1.898497846489421437e-01,-1.851887118629049617e-02
3.837675350701402976e+01,7.599051665959584423e-02,-1.330726554399249695e-01,-6.739916497161302887e-03,-7.442110463799316289e-01,2.155944566050525812e-01,-3.590112186322978460e-01,1.905035246900061707e-01,-2.421871823920009603e-01,-1.064899684249255019e-01,-7.839289171049852387e-03,-9.758004202502904012e-02,2.669444667931859527e-01,-2.397230106783942716e-01,-1.307812425752093166e-01,7.338353894205598138e-01,-5.830848482317374862e-03,-4.616567022840560863e-01,1.544806938650781225e-01,-1.898539304207585987e-01,-1.851890280485394766e-02
3.847695390781563418e+01,7.599031932974961712e-02,-1.330733343261280566e-01,-6.735349546751096504e-03,-7.442135999554776449e-01,2.155932981796076786e-01,-3.590130587250802141e-01,1.905061439917618005e-01,-2.421882658484642015e-01,-1.064955296803525714e-01,-7.840327277207622542e-03,-9.758335933898301673e-02,2.669457444105258759e-01,-2.397262900931153573e-01,-1.307924194945550012e-01,7.338415711044353751e-01,-5.831375261943254167e-03,-4.616659871387463476e-01,1.544836719098205691e-01,-1.898580287273891054e-01,-1.851892940898097750e-02
3.857715430861723860e+01,7.599038693333480532e-02,-1.330740587641418282e-01,-6.731031575910068065e-03,-7.442162060058551409e-01,2.155922796627033067e-01,-3.590149210453088546e-01,1.905086305272122027e-01,-2.421894662378346053e-01,-1.065008496220625905e-01,-7.841313629222560269e-03,-9.758646350967732641e-02,2.669470251850784570e-01,-2.397295304462067900e-01,-1.308030708342248771e-01,7.338474847638531973e-01,-5.832020057058476259e-03,-4.616748585025813867e-01,1.544864957900667635e-01,-1.898619553922966663e-01,-1.851895994104819573e-02
3.867735470941883591e+01,7.599135697248987631e-02,-1.330749939066043497e-01,-6.727318825538541533e-03,-7.442191749220161689e-01,2.155916839479150582e-01,-3.590169902859288165e-01,1.905108306089417780e-01,-2.421911581188982698e-01,-1.065056826613036273e-01,-7.842185606889005844e-03,-9.758905274611162639e-02,2.669484074699369214e-01,-2.397328567592403037e-01,-1.308125568043620457e-01,7.338528899722409626e-01,-5.833107854034800047e-03,-4.616829093348677748e-01,1.544889843998049073e-01,-1.898655639802514783e-01,-1.851900490348988224e-02
3.877755511022044033e+01,7.599396135314873124e-02,-1.330763292673818043e-01,-6.724620670074344699e-03,-7.442228627357049264e-01,2.155918359500510473e-01,-3.590194782603740031e-01,1.905125674253906054e-01,-2.421937713729242769e-01,-1.065097462085213831e-01,-7.842871197093048002e-03,-9.759078010730244668e-02,2.669500040190069257e-01,-2.397364121506398715e-01,-1.308201418499011504e-01,7.338575098153125031e-01,-5.835011689129414314e-03,-4.616896710983136032e-01,1.544909294044119752e-01,-1.898686857973309050e-01,-1.851907635879796940e-02
3.887775551102204474e+01,7.599902638504062169e-02,-1.330782787215684104e-01,-6.723399617492815256e-03,-7.442276711194573124e-01,2.155931026051519372e-01,-3.590226239025669508e-01,1.905136410408542480e-01,-2.421977912036646918e-01,-1.065127206733592069e-01,-7.843288993812541285e-03,-9.759125350228319007e-02,2.669519419870063914e-01,-2.397403578356818166e-01,-1.308249946505682382e-01,7.338610308910686886e-01,-5.838152648484934253e-03,-4.616946137590284827e-01,1.544920952406537706e-01,-1.898711298909195877e-01,-1.851918792952206294e-02
3.897795591182364916e+01,7.600714276044669149e-02,-1.330810084207015020e-01,-6.723990475481797166e-03,-7.442339142752218972e-01,2.155957701560237694e-01,-3.590266168401416436e-01,1.905138933783054045e-01,-2.422035936297896874e-01,-1.065143681507662310e-01,-7.843377584605234348e-03,-9.759017752212582886e-02,2.669543240485789948e-01,-2.397448170452477767e-01,-1.308265209952469144e-01,7.338632041339023804e-01,-5.842833330162918240e-03,-4.616973281884234614e-01,1.544923004695079871e-01,-1.898727441783520931e-01,-1.851935129336131428e-02
3.907815631262525358e+01,7.601720711737898484e-02,-1.330842716896147582e-01,-6.725784408232245160e-03,-7.442411363474417119e-01,2.155994163920346152e-01,-3.590311940464439022e-01,1.905135508087318352e-01,-2.422106158229436479e-01,-1.065150934919488757e-01,-7.843237408835799715e-03,-9.758803598082713138e-02,2.669570156214924328e-01,-2.397496009027161867e-01,-1.308258398379898713e-01,7.338643832435485237e-01,-5.848496638262267594e-03,-4.616984452054073707e-01,1.544918254576297945e-01,-1.898737435095194104e-01,-1.851955380367776086e-02
3.917835671342685799e+01,7.602824898612402238e-02,-1.330878006019406423e-01,-6.728227299261532041e-03,-7.442488331580771055e-01,2.156035762449696191e-01,-3.590360523946212745e-01,1.905128733300373023e-01,-2.422182503058986081e-01,-1.065152931674082509e-01,-7.842970008345863386e-03,-9.758531572572613777e-02,2.669598535306634823e-01,-2.397545146694377571e-01,-1.308239413813435392e-01,7.338649814822963968e-01,-5.854646871873169824e-03,-4.616986440092981092e-01,1.544909697708328200e-01,-1.898743805903190252e-01,-1.851977678491421170e-02
3.927855711422845530e+01,7.603948329366962133e-02,-1.330913729010205770e-01,-6.730868529237691092e-03,-7.442565857781922034e-01,2.156078631195715301e-01,-3.590409389748523972e-01,1.905120782170821869e-01,-2.422259934386464253e-01,-1.065152928275015648e-01,-7.842659066795020992e-03,-9.758241766047569266e-02,2.669627009871406442e-01,-2.397593979929242280e-01,-1.308216281624859922e-01,7.338653450180218085e-01,-5.860882461744873657e-03,-4.616984886005960909e-01,1.544899818584994922e-01,-1.898748672648702673e-01,-1.852000429903479656e-02
3.937875751503005972e+01,7.605024240526846169e-02,-1.330947996119306309e-01,-6.733324624616418216e-03,-7.442640380950573675e-01,2.156119481328396259e-01,-3.590456388177932223e-01,1.905113504794197776e-01,-2.422334169597061826e-01,-1.065153698132271926e-01,-7.842375828265349055e-03,-9.757968300989293409e-02,2.669654417425719184e-01,-2.397641147457323096e-01,-1.308195833351986637e-01,7.338657687868113122e-01,-5.866861952949511960e-03,-4.616984593817171079e-01,1.544890732648249165e-01,-1.898753840475025378e-01,-1.852022278734056712e-02
3.947895791583166414e+01,7.605997612443814171e-02,-1.330979250414814630e-01,-6.735279257641068468e-03,-7.442708968121491964e-01,2.156155601140299360e-01,-3.590499748945767400e-01,1.905108428612962423e-01,-2.422401679861241330e-01,-1.065157531562247323e-01,-7.842179097261399792e-03,-9.757739331995930743e-02,2.669679800892052479e-01,-2.397685530254637931e-01,-1.308183706698663462e-01,7.338664964929610957e-01,-5.872304004882095661e-03,-4.616989531569923866e-01,1.544884186288169037e-01,-1.898760801227553641e-01,-1.852042107046948660e-02
3.957915831663326856e+01,7.606825169296112243e-02,-1.331006267782183228e-01,-6.736483246342661255e-03,-7.442769314491504140e-01,2.156184856046550469e-01,-3.590538081168133666e-01,1.905106758416507950e-01,-2.422459690134737553e-01,-1.065166235787749216e-01,-7.842115238710202843e-03,-9.757577045782057923e-02,2.669702408598880750e-01,-2.397726251547654952e-01,-1.308184345534771365e-01,7.338677206089775362e-01,-5.876987391260523295e-03,-4.617002831326684764e-01,1.544881556842961357e-01,-1.898770733453781778e-01,-1.852059034839642626e-02
3.967935871743487297e+01,7.607475379088479706e-02,-1.331028156924210504e-01,-6.736754554539876004e-03,-7.442819743419499812e-01,2.156205688584842128e-01,-3.590570373365906121e-01,1.905109376341155292e-01,-2.422506179158557260e-01,-1.065181134937997209e-01,-7.842218177961268744e-03,-9.757497661178676784e-02,2.669721694280676738e-01,-2.397762676813292582e-01,-1.308200999896225458e-01,7.338695823755769787e-01,-5.880751000125574064e-03,-4.617026789169075829e-01,1.544883852598958884e-01,-1.898784502403305374e-01,-1.852072420043317583e-02
3.977955911823647739e+01,7.607928453652139378e-02,-1.331044359361040208e-01,-6.735978291839052161e-03,-7.442859206426429841e-01,2.156217118415432732e-01,-3.590595993464732461e-01,1.905116841870154454e-01,-2.422539879458979473e-01,-1.065203070048622580e-01,-7.842509400786581986e-03,-9.757511429133221281e-02,2.669737317077910399e-01,-2.397794413778918943e-01,-1.308235725984973341e-01,7.338721718016861795e-01,-5.883493833840908703e-03,-4.617062865197871235e-01,1.544891712790622262e-01,-1.898802660027820166e-01,-1.852081858522844349e-02
3.987975951903807470e+01,7.608176348644804521e-02,-1.331054649430162828e-01,-6.734106713634193525e-03,-7.442887283195307457e-01,2.156218742321147352e-01,-3.590614688795033538e-01,1.905129391833685626e-01,-2.422560277347555191e-01,-1.065232399061668278e-01,-7.842997953380609691e-03,-9.757622632709556099e-02,2.669749141537048343e-01,-2.397821312422353801e-01,-1.308289386168997037e-01,7.338755276644414183e-01,-5.885175009093072951e-03,-4.617111683533000055e-01,1.544905407600540015e-01,-1.898825444981122601e-01,-1.852087184076784548e-02
3.997995991983967912e+01,7.608222763550680223e-02,-1.331059134286413925e-01,-6.731159221106963048e-03,-7.442904181571206035e-01,2.156210734207377466e-01,-3.590626586092001693e-01,1.905146940408857514e-01,-2.422567612921107394e-01,-1.065268996825589343e-01,-7.843680442360291202e-03,-9.757829587087973877e-02,2.669757237610554945e-01,-2.397843464971865790e-01,-1.308361648982311609e-01,7.338796375091893864e-01,-5.885813756891494081e-03,-4.617173032313546255e-01,1.544924838159427161e-01,-1.898852782619108726e-01,-1.852088468437391305e-02
4.008016032064128353e+01,7.608083141680457850e-02,-1.331058253901975796e-01,-6.727222361226687167e-03,-7.442910737561264645e-01,2.156193845102080675e-01,-3.590632191495600756e-01,1.905169079119709008e-01,-2.422562880061731039e-01,-1.065312255095252625e-01,-7.844541034765051962e-03,-9.758124639565199376e-02,2.669761880656891240e-01,-2.397861205906174908e-01,-1.308450989124965713e-01,7.338844376494868538e-01,-5.885489422568482634e-03,-4.617245863697745922e-01,1.544949536546126601e-01,-1.898884284999776406e-01,-1.852086021270609242e-02
4.018036072144288795e+01,7.607784670171316432e-02,-1.331052781066375812e-01,-6.722449826750351472e-03,-7.442908415334680283e-01,2.156169403155780984e-01,-3.590632390550568265e-01,1.905195076837207513e-01,-2.422547826436793617e-01,-1.065361082531936648e-01,-7.845551458056786165e-03,-9.758494169554383924e-02,2.669763551440516025e-01,-2.397875111954450855e-01,-1.308554687463041322e-01,7.338898131671004466e-01,-5.884341465779232422e-03,-4.617328293862992261e-01,1.544978665787608840e-01,-1.898919250883222276e-01,-1.852080390176074481e-02
4.028056112224449237e+01,7.607366279986925439e-02,-1.331043821386487802e-01,-6.717062456222605907e-03,-7.442899307222713423e-01,2.156139313641568522e-01,-3.590628448206413803e-01,1.905223879779250618e-01,-2.422524953498934042e-01,-1.065413904703332165e-01,-7.846671000119874104e-03,-9.758918588585109577e-02,2.669762936131884201e-01,-2.397886002096313585e-01,-1.308668831028654278e-01,7.338955979120069806e-01,-5.882569460501818788e-03,-4.617417603005830040e-01,1.545011019858970880e-01,-1.898956665731644511e-01,-1.852072360687114644e-02
4.038076152304609678e+01,7.606878645917443393e-02,-1.331032813286531225e-01,-6.711348233975758699e-03,-7.442886133718686903e-01,2.156106058955099825e-01,-3.590622008817418442e-01,1.905254111510664983e-01,-2.422497516486063485e-01,-1.065468664083541322e-01,-7.847846509261170028e-03,-9.759372340303390514e-02,2.669760926307448989e-01,-2.397894937561833861e-01,-1.308788313019953187e-01,7.339015745023933501e-01,-5.880433095037201213e-03,-4.617510235341960034e-01,1.545045023683437879e-01,-1.898995201709341718e-01,-1.852062956270748156e-02
4.048096192384769410e+01,7.606384186579517870e-02,-1.331021528008071442e-01,-6.705662290129782432e-03,-7.442872243477985927e-01,2.156072698614597827e-01,-3.590615096142636409e-01,1.905284072943206342e-01,-2.422469524421365650e-01,-1.065522820053078357e-01,-7.849012394210005614e-03,-9.759823900471667479e-02,2.669758618949659712e-01,-2.397903221831532428e-01,-1.308906832801120523e-01,7.339074743246565280e-01,-5.878252172009220712e-03,-4.617601799106236804e-01,1.545078733132362325e-01,-1.899033217682711827e-01,-1.852053438327685639e-02
4.058116232464929851e+01,7.605957064416282720e-02,-1.331012069610019721e-01,-6.700426900592308839e-03,-7.442861613318053626e-01,2.156042869260851869e-01,-3.590610113345892862e-01,1.905311742335560055e-01,-2.422445740113295387e-01,-1.065573348898869316e-01,-7.850090624118193430e-03,-9.760235776968813337e-02,2.669757316446964568e-01,-2.397912400636380281e-01,-1.309016895902372635e-01,7.339129775334033434e-01,-5.876406608364600700e-03,-4.617687066552668695e-01,1.545109835025223477e-01,-1.899068759220254587e-01,-1.852045306192328863e-02
4.068136272545090293e+01,7.605683185697363624e-02,-1.331006874968633236e-01,-6.696131487058633140e-03,-7.442858848218401047e-01,2.156020784657217415e-01,-3.590609842995786671e-01,1.905334775293341110e-01,-2.422431680155580913e-01,-1.065616743814251921e-01,-7.850990728560021739e-03,-9.760564509790128906e-02,2.669758526593806747e-01,-2.397924261957798953e-01,-1.309109814019958629e-01,7.339177130514508152e-01,-5.875336435372950465e-03,-4.617759973954418951e-01,1.545135647129628476e-01,-1.899099558592569348e-01,-1.852040297132770755e-02
4.078156312625250735e+01,7.605660200518872538e-02,-1.331008713777515340e-01,-6.693332617011710575e-03,-7.442869181320594940e-01,2.156011235689615779e-01,-3.590617447065689305e-01,1.905350504769093845e-01,-2.422433614927221035e-01,-1.065649014898976121e-01,-7.851609797532259696e-03,-9.760760671047345738e-02,2.669763962590627759e-01,-2.397940836027659672e-01,-1.309175705016161761e-01,7.339212585698262625e-01,-5.875541798626758225e-03,-4.617813621603803487e-01,1.545153118161311789e-01,-1.899123034772355889e-01,-1.852040386350796083e-02
4.088176352705411176e+01,7.605997502803413246e-02,-1.331020688547614461e-01,-6.692654003722159003e-03,-7.442898473928269976e-01,2.156019590366535787e-01,-3.590636466933742055e-01,1.905355941062291114e-01,-2.422458568592487371e-01,-1.065665689159203261e-01,-7.851832481454148679e-03,-9.760768864968626113e-02,2.669775543043866328e-01,-2.397964395328285037e-01,-1.309203492919298051e-01,7.339231405477666392e-01,-5.877582958041397201e-03,-4.617840273812294782e-01,1.545158827784134936e-01,-1.899136293434414424e-01,-1.852047786981880426e-02
4.098196392785571618e+01,7.606789729643217979e-02,-1.331045582298769347e-01,-6.694638631398536037e-03,-7.442951997759668092e-01,2.156050672965573178e-01,-3.590670105137103718e-01,1.905348381725351647e-01,-2.422512836061403441e-01,-1.065662822278091032e-01,-7.851556505663621205e-03,-9.760540000200178257e-02,2.669795014576980541e-01,-2.397996961521507986e-01,-1.309183588946004340e-01,7.339229299501838222e-01,-5.881945728501950139e-03,-4.617833002259713604e-01,1.545149716084379954e-01,-1.899136710597527922e-01,-1.852064558156773025e-02
4.108216432865731349e+01,7.607897929021394112e-02,-1.331079963001992050e-01,-6.698509297172027498e-03,-7.443023348235386916e-01,2.156098576126772304e-01,-3.590714582218921258e-01,1.905331052010324211e-01,-2.422588613681504743e-01,-1.065645749794895958e-01,-7.850916382511096900e-03,-9.760138725761648149e-02,2.669820390508447217e-01,-2.398035953497711648e-01,-1.309130086409035776e-01,7.339211340983702314e-01,-5.887924633491964724e-03,-4.617800493784062765e-01,1.545129634361092352e-01,-1.899127380364743767e-01,-1.852088623111734778e-02
4.118236472945891791e+01,7.609167971347270687e-02,-1.331119291479908040e-01,-6.703377675121504654e-03,-7.443103937473320997e-01,2.156155407265398227e-01,-3.590764681041300754e-01,1.905308396590827957e-01,-2.422675630276350800e-01,-1.065620957328819451e-01,-7.850079992524036307e-03,-9.759645499253065404e-02,2.669848826704700473e-01,-2.398078103449773901e-01,-1.309058694071103535e-01,7.339184610160580657e-01,-5.894728902288385620e-03,-4.617754158721990576e-01,1.545103610822408102e-01,-1.899112635879288136e-01,-1.852116606598783882e-02
4.128256513026052232e+01,7.610480163185358304e-02,-1.331159920039154954e-01,-6.708549204257422890e-03,-7.443186848636000885e-01,2.156214810782762226e-01,-3.590816179057408908e-01,1.905284015248268070e-01,-2.422765638547576261e-01,-1.065593581140958923e-01,-7.849180930141428161e-03,-9.759124302149040087e-02,2.669878007701974032e-01,-2.398120808194317555e-01,-1.308981631308653026e-01,7.339154855204969019e-01,-5.901743104270752716e-03,-4.617703164349069023e-01,1.545075680025366494e-01,-1.899095997295381644e-01,-1.852145707013317863e-02
4.138276553106212674e+01,7.611732812277240134e-02,-1.331198749311079399e-01,-6.713433594902897331e-03,-7.443266205043923556e-01,2.156271385368815074e-01,-3.590865488752675860e-01,1.905260968277670275e-01,-2.422851630745816442e-01,-1.065567987813977879e-01,-7.848332756758061995e-03,-9.758629515678127198e-02,2.669905966320612611e-01,-2.398161857192974977e-01,-1.308909284053348110e-01,7.339126963827304895e-01,-5.908444387130684823e-03,-4.617655304803262584e-01,1.545049271720828343e-01,-1.899080457982246506e-01,-1.852173543211108053e-02
4.148296593186373116e+01,7.612842227541571916e-02,-1.331233228251736955e-01,-6.717544828693698504e-03,-7.443337170175553519e-01,2.156320684002147881e-01,-3.590909657644794084e-01,1.905241776487678895e-01,-2.422927838670707601e-01,-1.065547774252106200e-01,-7.847629000724514262e-03,-9.758205920822826673e-02,2.669931083665072480e-01,-2.398199432552387822e-01,-1.308850204792070815e-01,7.339104963275971949e-01,-5.914402476871874481e-03,-4.617617001084932671e-01,1.545027210853477939e-01,-1.899068484524105704e-01,-1.852198154508298902e-02
4.158316633266532847e+01,7.613742719074086118e-02,-1.331261354141891895e-01,-6.720501158578255814e-03,-7.443395947667322821e-01,2.156359213949992082e-01,-3.590946368283719492e-01,1.905228421200558520e-01,-2.422989733670885548e-01,-1.065535767681140278e-01,-7.847143157347158740e-03,-9.757888698319588938e-02,2.669952089123922012e-01,-2.398232109024207304e-01,-1.308811112566922452e-01,7.339092020337297795e-01,-5.919279677810091421e-03,-4.617593301056835964e-01,1.545011717561822484e-01,-1.899062016720183266e-01,-1.852218000681409710e-02
4.168336673346693289e+01,7.614386598147586394e-02,-1.331281672587017462e-01,-6.722025108817654068e-03,-7.443439781313627712e-01,2.156384436768219448e-01,-3.590973938251671438e-01,1.905222344252192890e-01,-2.423034026643987593e-01,-1.065534025648442740e-01,-7.846928688888157866e-03,-9.757703428658807965e-02,2.669968060369839469e-01,-2.398258854005094198e-01,-1.308796892975222503e-01,7.339090441335553994e-01,-5.922830872573181700e-03,-4.617587879444123855e-01,1.545004407178190708e-01,-1.899062467584704816e-01,-1.852231961967332891e-02
4.178356713426853730e+01,7.614744177211951737e-02,-1.331293277517296425e-01,-6.721943474985637816e-03,-7.443466955066835311e-01,2.156394768301341525e-01,-3.590991320163132161e-01,1.905224447992086012e-01,-2.423058668036650320e-01,-1.065543836022942448e-01,-7.847019024565469666e-03,-9.757666092084826825e-02,2.669978423359616326e-01,-2.398279027536718289e-01,-1.308810598169509454e-01,7.339101672132958276e-01,-5.924903522101066834e-03,-4.617603037834343560e-01,1.545006290228735368e-01,-1.899070723346896472e-01,-1.852239339063335363e-02
4.188376753507014172e+01,7.614803769894133711e-02,-1.331295811187619693e-01,-6.720187323968607879e-03,-7.443476793037276940e-01,2.156389578682510189e-01,-3.590998101664846787e-01,1.905235095283361324e-01,-2.423062847844511813e-01,-1.065565716995134637e-01,-7.847427560552842560e-03,-9.757783068595933529e-02,2.669982952334155057e-01,-2.398292382305758641e-01,-1.308853446857540515e-01,7.339126298129670101e-01,-5.925437665645744666e-03,-4.617639704677437007e-01,1.545017772433430747e-01,-1.899087143450985671e-01,-1.852239853127056815e-02
4.198396793587174614e+01,7.614571690998159226e-02,-1.331289464177587423e-01,-6.716791993965621349e-03,-7.443469659493251456e-01,2.156369192333517648e-01,-3.590994505435823880e-01,1.905254109502761140e-01,-2.423046995612209986e-01,-1.065599417077080918e-01,-7.848147659979817087e-03,-9.758051137944362408e-02,2.669981769818469686e-01,-2.398299063643904439e-01,-1.308924824302290790e-01,7.339164044263796205e-01,-5.924465920771289362e-03,-4.617697435285741947e-01,1.545038654706074599e-01,-1.899111560556201173e-01,-1.852233645776511436e-02
4.208416833667335055e+01,7.614072256505127756e-02,-1.331274975391509019e-01,-6.711897094488394194e-03,-7.443446958861026364e-01,2.156334887964796443e-01,-3.590981389187334893e-01,1.905280774540648592e-01,-2.423012780433383140e-01,-1.065643915102409273e-01,-7.849152652931732851e-03,-9.758457479636296894e-02,2.669975346621685230e-01,-2.398299609527853593e-01,-1.309022282321954944e-01,7.339213775011385055e-01,-5.922113483353848816e-03,-4.617774411833990289e-01,1.545068133154287038e-01,-1.899143280536772505e-01,-1.852221279090087575e-02
4.218436873747494786e+01,7.613347783573214123e-02,-1.331253632058402303e-01,-6.705746506361298653e-03,-7.443411135724833372e-01,2.156288898575418889e-01,-3.590960245662914718e-01,1.905313834801005413e-01,-2.422963110950670518e-01,-1.065697420226313918e-01,-7.850395836449712908e-03,-9.758979672931863969e-02,2.669964501837039927e-01,-2.398294950579313856e-01,-1.309141539289945810e-01,7.339273494386431285e-01,-5.918598127581650714e-03,-4.617867443359311430e-01,1.545104799079511093e-01,-1.899181082481930793e-01,-1.852203735606546345e-02
4.228456913827655228e+01,7.612458590537665715e-02,-1.331227269731994622e-01,-6.698688381721365839e-03,-7.443365674826872835e-01,2.156234411453097632e-01,-3.590933202638361132e-01,1.905351495201433876e-01,-2.422902135355711473e-01,-1.065757371925555308e-01,-7.851810474530679373e-03,-9.759585696845138325e-02,2.669950402841881343e-01,-2.398286410065001983e-01,-1.309276480134895226e-01,7.339340345940872368e-01,-5.914230205954995601e-03,-4.617971965761227815e-01,1.545146638977011599e-01,-1.899223218695907656e-01,-1.852182418325023713e-02
4.238476953907815670e+01,7.611482996910803878e-02,-1.331198272290721740e-01,-6.691175144018282270e-03,-7.443315101067311534e-01,2.156175568174185653e-01,-3.590903022921734244e-01,1.905391421173154853e-01,-2.422835241389146022e-01,-1.065820439998460545e-01,-7.853309798127343019e-03,-9.760233930144143755e-02,2.669934565297670259e-01,-2.398275703896644295e-01,-1.309419156340653201e-01,7.339410612764593056e-01,-5.909412649286262080e-03,-4.618082041801657711e-01,1.545191034535877417e-01,-1.899267414697936029e-01,-1.852159150705029109e-02
4.248496993987976111e+01,7.610517323382023913e-02,-1.331169571937728668e-01,-6.683763488014393336e-03,-7.443264979504286005e-01,2.156117464603676259e-01,-3.590873104353359269e-01,1.905430738661009760e-01,-2.422769056340614291e-01,-1.065882524564922690e-01,-7.854787005148213680e-03,-9.760873151350847599e-02,2.669918853149978455e-01,-2.398264940630976672e-01,-1.309559785946289023e-01,7.339479717485419830e-01,-5.904640966699903348e-03,-4.618190361104915764e-01,1.545234762639018933e-01,-1.899310869222250453e-01,-1.852136176666445422e-02
4.258517034068136553e+01,7.609675891817796467e-02,-1.331144649200869390e-01,-6.677114379784700703e-03,-7.443221915353894769e-01,2.156066150895202538e-01,-3.590847479805822640e-01,1.905466034123459163e-01,-2.422711447048756794e-01,-1.065938756066401455e-01,-7.856115260457586374e-03,-9.761442538741164909e-02,2.669905478628488149e-01,-2.398256621469744276e-01,-1.309686753546089599e-01,7.339542222269124228e-01,-5.900503245632448927e-03,-4.618288240157710223e-01,1.545273995363169728e-01,-1.899350254218085676e-01,-1.852116160589529700e-02
4.268537074148296995e+01,7.609091025261663366e-02,-1.331127532932706303e-01,-6.671993056716864039e-03,-7.443193553990207212e-01,2.156028631491037906e-01,-3.590830817183974233e-01,1.905493354532583339e-01,-2.422671519901215265e-01,-1.065983495265922648e-01,-7.857147695875551716e-03,-9.761871670344957064e-02,2.669897002246995332e-01,-2.398253640259701835e-01,-1.309786610289561670e-01,7.339591828819422847e-01,-5.897680151832506400e-03,-4.618365622309146268e-01,1.545304299978886298e-01,-1.899381714849678326e-01,-1.852102187314912454e-02
4.278557114228456726e+01,7.608913047934241780e-02,-1.331122800310511611e-01,-6.669269027511200154e-03,-7.443188580945256927e-01,2.156012865122096112e-01,-3.590828419424927920e-01,1.905508207374082552e-01,-2.422659620834630712e-01,-1.066010333248078451e-01,-7.857717410177994175e-03,-9.762080523946033150e-02,2.669896332803405881e-01,-2.398259283492612803e-01,-1.309844073881429871e-01,7.339621378377975125e-01,-5.896944929360757072e-03,-4.618411077770723239e-01,1.545320638950547221e-01,-1.899400869496265798e-01,-1.852097762143599044e-02
4.288577154308617168e+01,7.609310285233224225e-02,-1.331135576836265932e-01,-6.669916072180683865e-03,-7.443216721909048372e-01,2.156027764807931235e-01,-3.590846224498059347e-01,1.905505560647275942e-01,-2.422687335334645919e-01,-1.066012091419027558e-01,-7.857637469096592081e-03,-9.761979477082148582e-02,2.669906727379737221e-01,-2.398277230305251029e-01,-1.309842028581637841e-01,7.339622851724387775e-01,-5.899163400589957709e-03,-4.618411803616336297e-01,1.545317369936353991e-01,-1.899402809752086807e-01,-1.852106810836967252e-02
4.298597194388777609e+01,7.610305323660906951e-02,-1.331166707747055700e-01,-6.674069732422112898e-03,-7.443279603109571596e-01,2.156074810083947468e-01,-3.590885250248737059e-01,1.905484559701207115e-01,-2.422756564788072220e-01,-1.065987696253110351e-01,-7.856879011521756412e-03,-9.761554700137645146e-02,2.669928761584776655e-01,-2.398308065252420518e-01,-1.309778179573347079e-01,7.339594875337716040e-01,-5.904453599816109587e-03,-4.618365720322374357e-01,1.545293580232520725e-01,-1.899386693824286765e-01,-1.852130087138747008e-02
4.308617234468938051e+01,7.611519193265439687e-02,-1.331204913691129421e-01,-6.679543958356939405e-03,-7.443355864375996722e-01,2.156134392898798324e-01,-3.590932496732393564e-01,1.905456251731660888e-01,-2.422841797054452739e-01,-1.065953151821639189e-01,-7.855857148722420608e-03,-9.761005164814705315e-02,2.669955334084312404e-01,-2.398343667293797998e-01,-1.309691106021226015e-01,7.339555045212809992e-01,-5.910869489587853784e-03,-4.618301101382302765e-01,1.545261731562150853e-01,-1.899363291055682357e-01,-1.852159123217121325e-02
4.318637274549098493e+01,7.612805156939074502e-02,-1.331245520872765820e-01,-6.685480726738102578e-03,-7.443436616901173419e-01,2.156198357507981000e-01,-3.590982504460681901e-01,1.905425280939982147e-01,-2.422932477135825990e-01,-1.065914898805876698e-01,-7.854740550065436588e-03,-9.760411633389624864e-02,2.669983428870941200e-01,-2.398380729587031301e-01,-1.309595792558206628e-01,7.339510793111020392e-01,-5.917654218161938658e-03,-4.618229653713418204e-01,1.545226970617616380e-01,-1.899337153181384352e-01,-1.852190193401049775e-02
4.328657314629258934e+01,7.614051367027496742e-02,-1.331284931178909892e-01,-6.691224549093665458e-03,-7.443515013839692163e-01,2.156260421153424478e-01,-3.591031062812121699e-01,1.905395230941578644e-01,-2.423020480929221621e-01,-1.065877876614822195e-01,-7.853658738623750177e-03,-9.759836110253779229e-02,2.670010716301144948e-01,-2.398416713567876057e-01,-1.309503669462369901e-01,7.339467857925812133e-01,-5.924230517227155150e-03,-4.618160392220998500e-01,1.545193258849253126e-01,-1.899311795564398719e-01,-1.852220405662618335e-02
4.338677354709418665e+01,7.615166180174749722e-02,-1.331320195513709115e-01,-6.696238172426528974e-03,-7.443585443540178259e-01,2.156315433488605049e-01,-3.591074720718088198e-01,1.905369040244106749e-01,-2.423099149632678972e-01,-1.065846135021319835e-01,-7.852717902339561087e-03,-9.759329423985574348e-02,2.670035286941310204e-01,-2.398449539658359109e-01,-1.309424105609299505e-01,7.339430946187811555e-01,-5.930125404183065121e-03,-4.618100709143664884e-01,1.545163844283380938e-01,-1.899290101329440816e-01,-1.852247388715768522e-02
4.348697394789579107e+01,7.616078157323231956e-02,-1.331349013798514558e-01,-6.700102579214437144e-03,-7.443643529545295179e-01,2.156359376578546871e-01,-3.591110786662815024e-01,1.905349002247473666e-01,-2.423163289745247917e-01,-1.065822834162058336e-01,-7.852000894024319458e-03,-9.758931227350443882e-02,2.670055651567728172e-01,-2.398477587266781008e-01,-1.309364408472080410e-01,7.339403732064805341e-01,-5.934970182140006552e-03,-4.618056374053378654e-01,1.545141261522302578e-01,-1.899274321362934281e-01,-1.852269292016297739e-02
4.358717434869739549e+01,7.616736063713701321e-02,-1.331369734971880603e-01,-6.702516987409977076e-03,-7.443686130591742334e-01,2.156389364899821692e-01,-3.591137328683394747e-01,1.905336765243836883e-01,-2.423209173066988575e-01,-1.065810244537571394e-01,-7.851567231358729318e-03,-9.758669997300857546e-02,2.670070741166594153e-01,-2.398499694787713521e-01,-1.309329824121300834e-01,7.339388857361741625e-01,-5.938500439919089206e-03,-4.618031533855444515e-01,1.545127331744305110e-01,-1.899266074313011865e-01,-1.852284785761858579e-02
4.368737474949899990e+01,7.617108868885268114e-02,-1.331381356989565223e-01,-6.703298850440574629e-03,-7.443711340610257299e-01,2.156403645340549402e-01,-3.591153174369775547e-01,1.905333332417603609e-01,-2.423234536698970765e-01,-1.065809747012236991e-01,-7.851453096892746855e-03,-9.758563034976312778e-02,2.670079906934009206e-01,-2.398515159602000735e-01,-1.309323537225050293e-01,7.339387931520728880e-01,-5.940556052052196369e-03,-4.618028712788508905e-01,1.545123162703658237e-01,-1.899266346589515153e-01,-1.852293060891960219e-02
4.378757515030060432e+01,7.617185746675403379e-02,-1.331383526824529429e-01,-6.702383857208498753e-03,-7.443718488725611371e-01,2.156401597200396647e-01,-3.591157910864764546e-01,1.905339061845430781e-01,-2.423238583043274552e-01,-1.065821832814278225e-01,-7.851671338045576945e-03,-9.758616465703341680e-02,2.670082920275977933e-01,-2.398523738076759337e-01,-1.309346671048920718e-01,7.339401531621038144e-01,-5.941081178781986577e-03,-4.618048812424559446e-01,1.545129148730616242e-01,-1.899275492363994844e-01,-1.852293829087966678e-02
4.388777555110220874e+01,7.616976075219929199e-02,-1.331376540466937264e-01,-6.699825932090859755e-03,-7.443708139256616230e-01,2.156383732190578773e-01,-3.591151884864026145e-01,1.905353666496225618e-01,-2.423221979802989978e-01,-1.065846103535762618e-01,-7.852211467105678355e-03,-9.758825238995505469e-02,2.670079972808410140e-01,-2.398525645565378062e-01,-1.309398287456006171e-01,7.339429202379100792e-01,-5.940124266061890153e-03,-4.618091111668927717e-01,1.545144970731416045e-01,-1.899293233569709916e-01,-1.852287322773098210e-02
4.398797595190380605e+01,7.616509436953031176e-02,-1.331361342924156643e-01,-6.695797234939610161e-03,-7.443682091716117277e-01,2.156351694433857880e-01,-3.591136202616083128e-01,1.905376214231145615e-01,-2.423186859982217611e-01,-1.065881271132602393e-01,-7.853039661230762011e-03,-9.759173128553395860e-02,2.670071676357119728e-01,-2.398521556407517963e-01,-1.309475386906902850e-01,7.339469456148508542e-01,-5.937838045556110937e-03,-4.618153266760285369e-01,1.545169596188278871e-01,-1.899318659901628736e-01,-1.852274295112430955e-02
4.408817635270541047e+01,7.615835618607245949e-02,-1.331339528220758517e-01,-6.690588161081541252e-03,-7.443643380810998078e-01,2.156308260464544213e-01,-3.591112729922315006e-01,1.905405127803597443e-01,-2.423136821886067160e-01,-1.065925157924554473e-01,-7.854098762447790996e-03,-9.759632732264637844e-02,2.670059062957825247e-01,-2.398512603929111864e-01,-1.309572908459709639e-01,7.339519772920014562e-01,-5.934479534639628025e-03,-4.618231311270648010e-01,1.545201279159409413e-01,-1.899350228816428232e-01,-1.852256020012896590e-02
4.418837675350701488e+01,7.615024611213469519e-02,-1.331313339398516593e-01,-6.684607341318290000e-03,-7.443596276442180359e-01,2.156257339228495884e-01,-3.591084092136959671e-01,1.905438184859239159e-01,-2.423076929120659695e-01,-1.065974696595220761e-01,-7.855308277652982285e-03,-9.760165472203886916e-02,2.670043584856151009e-01,-2.398500380442365187e-01,-1.309683729770026728e-01,7.339576600321533473e-01,-5.930410036398190560e-03,-4.618319656105372428e-01,1.545237560278995281e-01,-1.899385765532494441e-01,-1.852234292123281986e-02
4.428857715430861930e+01,7.614166610100953081e-02,-1.331285668516409004e-01,-6.678381641926330395e-03,-7.443546283704618460e-01,2.156203972083117759e-01,-3.591053674167112852e-01,1.905472517935977717e-01,-2.423013710593125425e-01,-1.066025930192047583e-01,-7.856564378611798072e-03,-9.760721594632830456e-02,2.670027114507624311e-01,-2.398486937245755957e-01,-1.309798667090956714e-01,7.339635353618140234e-01,-5.926095139628325542e-03,-4.618411089503156597e-01,1.545275266757208388e-01,-1.899422463029921959e-01,-1.852211426834230595e-02
4.438877755511022372e+01,7.613372014897304418e-02,-1.331260056650616364e-01,-6.672556164656982119e-03,-7.443500142887308213e-01,2.156154332797363682e-01,-3.591025620472726998e-01,1.905504614463970348e-01,-2.422955160511604811e-01,-1.066074012126325965e-01,-7.857739901958961382e-03,-9.761240170000187732e-02,2.670011944577678209e-01,-2.398474784624033962e-01,-1.309906475273104887e-01,7.339690415712072369e-01,-5.922104718837330889e-03,-4.618496777036042999e-01,1.545310512380204115e-01,-1.899456882050514772e-01,-1.852190260278241407e-02
4.448897795591182813e+01,7.612771429528489286e-02,-1.331240693894522598e-01,-6.667894246736403609e-03,-7.443465829473279172e-01,2.156115727551733974e-01,-3.591004835066612944e-01,1.905530316765624288e-01,-2.422910738385248841e-01,-1.066113206173191497e-01,-7.858684349198440458e-03,-9.761649092941705741e-02,2.670000787941649856e-01,-2.398466891848221039e-01,-1.309993847764577835e-01,7.339735137142726629e-01,-5.919112934243278036e-03,-4.618566261609413637e-01,1.545338697510121317e-01,-1.899484951097785146e-01,-1.852174149329668604e-02
4.458917835671342544e+01,7.612515662218830026e-02,-1.331232419358715224e-01,-6.665277460865596387e-03,-7.443452554139597943e-01,2.156096594938277100e-01,-3.590996981514439357e-01,1.905544822055597332e-01,-2.422891369024218200e-01,-1.066136886471625023e-01,-7.859223886703457437e-03,-9.761865082280167527e-02,2.669996777684781608e-01,-2.398466687175611622e-01,-1.310045416610984836e-01,7.339761836086661217e-01,-5.917898231775011939e-03,-4.618607463461993912e-01,1.545354509085081762e-01,-1.899501966436954459e-01,-1.852166971604722601e-02
4.468937875751502986e+01,7.612775725491002787e-02,-1.331240721170985075e-01,-6.665705615220401600e-03,-7.443470762757369297e-01,2.156106505960589670e-01,-3.591008482934732737e-01,1.905542682440796720e-01,-2.422909442539683822e-01,-1.066137537524451256e-01,-7.859161345716488348e-03,-9.761793681025385250e-02,2.670003467102219363e-01,-2.398478057849772194e-01,-1.310043752455437305e-01,7.339761798357596900e-01,-5.919343343072151938e-03,-4.618606680165851519e-01,1.545351920619192354e-01,-1.899502592094953202e-01,-1.852173125461469352e-02
4.478957915831663428e+01,7.613541874794506337e-02,-1.331265360533230580e-01,-6.669123750931499166e-03,-7.443520011771590505e-01,2.156145047084401245e-01,-3.591039077469038721e-01,1.905524126252353123e-01,-2.422964415731855004e-01,-1.066115539549545993e-01,-7.858506262058735301e-03,-9.761439446457319258e-02,2.670020719136531051e-01,-2.398500826251755147e-01,-1.309989855890346666e-01,7.339735385225534259e-01,-5.923398862833075679e-03,-4.618564528860434337e-01,1.545331204572682471e-01,-1.899487049243988590e-01,-1.852192465847105410e-02
4.488977955911823869e+01,7.614422249469419979e-02,-1.331293857347796150e-01,-6.673242284961488670e-03,-7.443576565243809062e-01,2.156190451171019484e-01,-3.591074183956038390e-01,1.905501540053825549e-01,-2.423028107099922668e-01,-1.066088067650997756e-01,-7.857708556043552922e-03,-9.761017863665105709e-02,2.670040477961551639e-01,-2.398526149541255481e-01,-1.309923703104357851e-01,7.339702410728469184e-01,-5.928043383802194914e-03,-4.618512225879958799e-01,1.545306088365774322e-01,-1.899467471136604968e-01,-1.852215048171243494e-02
4.498997995991984311e+01,7.615319388820553093e-02,-1.331322980122194022e-01,-6.677486736313381632e-03,-7.443634263454905753e-01,2.156237068961845416e-01,-3.591109999274374465e-01,1.905478158009942247e-01,-2.423093225564860453e-01,-1.066059496988985972e-01,-7.856883471471452426e-03,-9.760584091835433629e-02,2.670060629401039276e-01,-2.398551762688685973e-01,-1.309855261017637551e-01,7.339668063275958110e-01,-5.932772796494195471e-03,-4.618457855809992574e-01,1.545280121231579484e-01,-1.899447035618530288e-01,-1.852238213781413553e-02
4.509018036072144753e+01,7.616162813176785562e-02,-1.331350374406009840e-01,-6.681440880203701020e-03,-7.443688616843415762e-01,2.156280782237204319e-01,-3.591143749003473107e-01,1.905456340742022470e-01,-2.423154459590562693e-01,-1.066033006924047982e-01,-7.856114831694059955e-03,-9.760178243406582299e-02,2.670079629465544335e-01,-2.398576019231637713e-01,-1.309791742767046074e-01,7.339636132230979992e-01,-5.937222372585385967e-03,-4.618407311367422885e-01,1.545255889145399908e-01,-1.899428063798299926e-01,-1.852260014374112682e-02
4.519038076152304484e+01,7.616896185792648710e-02,-1.331374157374921041e-01,-6.684771881142377754e-03,-7.443736035285682950e-01,2.156318297104481418e-01,-3.591173214486736431e-01,1.905437976917686571e-01,-2.423207561549967637e-01,-1.066011140798452661e-01,-7.855469687217108213e-03,-9.759832400642927397e-02,2.670096243413531689e-01,-2.398597603296928338e-01,-1.309738916556092425e-01,7.339609649862077756e-01,-5.941100575728412367e-03,-4.618365307223649130e-01,1.545235460838340069e-01,-1.899412413130117661e-01,-1.852278891228762575e-02
4.529058116232464926e+01,7.617477312848321136e-02,-1.331392917830698241e-01,-6.687230292932748975e-03,-7.443773828095862077e-01,2.156347143998122162e-01,-3.591196732831548610e-01,1.905424483250856837e-01,-2.423249347725055791e-01,-1.065995805936200552e-01,-7.854998315700429529e-03,-9.759570615634927115e-02,2.670109545751382929e-01,-2.398615529600601204e-01,-1.309701105654934583e-01,7.339590891343361623e-01,-5.944189061552257111e-03,-4.618335380004580104e-01,1.545220387797306694e-01,-1.899401477413854844e-01,-1.852293675207709184e-02
4.539078156312625367e+01,7.617878143449637041e-02,-1.331405716201204126e-01,-6.688650058671560643e-03,-7.443800204025913247e-01,2.156365677679631665e-01,-3.591213196909270877e-01,1.905416804501756656e-01,-2.423277698306851857e-01,-1.065988273643023454e-01,-7.854734221957961060e-03,-9.759408910299133266e-02,2.670118920233393034e-01,-2.398629143447925383e-01,-1.309681188400379226e-01,7.339581374754509113e-01,-5.946342677662239985e-03,-4.618319888290635111e-01,1.545211704265009034e-01,-1.899396186795050123e-01,-1.852303586756222364e-02
4.549098196392785809e+01,7.618084769628079289e-02,-1.331412084540394281e-01,-6.688948510748967541e-03,-7.443814271265610794e-01,2.156373077237575264e-01,-3.591222055355243747e-01,1.905415413476910791e-01,-2.423291557395422235e-01,-1.065989179206385112e-01,-7.854694137957741323e-03,-9.759355276378185728e-02,2.670124059861772592e-01,-2.398638120733395662e-01,-1.309680598195882006e-01,7.339581861080761715e-01,-5.947489463640018119e-03,-4.618320012616745629e-01,1.545209927239958037e-01,-1.899397007764910272e-01,-1.852308235902496922e-02
4.559118236472946251e+01,7.618097426340782186e-02,-1.331412026528316361e-01,-6.688126370848531538e-03,-7.443816037442533284e-01,2.156369346087579075e-01,-3.591223312568786463e-01,1.905420311029145664e-01,-2.423290932999877245e-01,-1.065998521895480389e-01,-7.854878022821915398e-03,-9.759409675440809673e-02,2.670124966886647244e-01,-2.398642467940732270e-01,-1.309699323511547275e-01,7.339592354212929326e-01,-5.947630651043586854e-03,-4.618335755472351978e-01,1.545215056476467175e-01,-1.899403943160308805e-01,-1.852307622257650874e-02
4.569138276553106692e+01,7.617930491470530086e-02,-1.331406017471110925e-01,-6.686267749947220722e-03,-7.443806409622073517e-01,2.156355311972328326e-01,-3.591217528713198104e-01,1.905431026057588795e-01,-2.423276897038369737e-01,-1.066015664961236092e-01,-7.855269062826724519e-03,-9.759564038881822501e-02,2.670121952806057686e-01,-2.398642522142881428e-01,-1.309735907884127526e-01,7.339612100947385809e-01,-5.946840663407277142e-03,-4.618365941301406652e-01,1.545226574484652171e-01,-1.899416532163787918e-01,-1.852302135015727533e-02
4.579158316633266423e+01,7.617612485825760171e-02,-1.331395004301010321e-01,-6.683540148315412870e-03,-7.443787194307428523e-01,2.156332626961568744e-01,-3.591205819715755920e-01,1.905446615507669639e-01,-2.423251585338096203e-01,-1.066039335636310009e-01,-7.855833671402521687e-03,-9.759802267922129682e-02,2.670115638365959665e-01,-2.398638951002015074e-01,-1.309787449917025337e-01,7.339639590986072326e-01,-5.945267116241759013e-03,-4.618408216502370434e-01,1.545243446530430720e-01,-1.899433850303557103e-01,-1.852292552953693772e-02
4.589178356713426865e+01,7.617186073140559677e-02,-1.331380405576340631e-01,-6.680194455516892844e-03,-7.443761097439607344e-01,2.156303767452106279e-01,-3.591189857267715890e-01,1.905465664371118195e-01,-2.423218197635295390e-01,-1.066067625135092012e-01,-7.856521489133756059e-03,-9.760100233608727527e-02,2.670106953560223984e-01,-2.398632752769531140e-01,-1.309849603280290598e-01,7.339672556936496228e-01,-5.943130817034037242e-03,-4.618459049428217389e-01,1.545264120635523597e-01,-1.899454509453492590e-01,-1.852280044431441064e-02
4.599198396793587307e+01,7.616708060074667275e-02,-1.331364111481519175e-01,-6.676564950408853463e-03,-7.443731724397427696e-01,2.156272034167806551e-01,-3.591171868824313829e-01,1.905486285685966674e-01,-2.423180997575249684e-01,-1.066097988653703088e-01,-7.857265383758983354e-03,-9.760425776814697640e-02,2.670097137630636497e-01,-2.398625256286052720e-01,-1.309916576710623282e-01,7.339707974311731054e-01,-5.940725765247456547e-03,-4.618513730386430982e-01,1.545286527577452995e-01,-1.899476657833139848e-01,-1.852266167391785484e-02
4.609218436873747748e+01,7.616249396213468914e-02,-1.331348483827056173e-01,-6.673069301141895497e-03,-7.443703579997515973e-01,2.156241552159595676e-01,-3.591154637604763722e-01,1.905506120536548664e-01,-2.423145312712284283e-01,-1.066127245369996174e-01,-7.857981450170858917e-03,-9.760738708239211081e-02,2.670087739066898114e-01,-2.398618120981428903e-01,-1.309981134011370951e-01,7.339742061530415418e-01,-5.938419152321697259e-03,-4.618566371639004631e-01,1.545308080889543356e-01,-1.899497980007710529e-01,-1.852252869360466667e-02
4.619238476953908190e+01,7.615895174068008922e-02,-1.331336356049555025e-01,-6.670208565160027671e-03,-7.443682068494309467e-01,2.156217270805459996e-01,-3.591141502592258283e-01,1.905522338053498299e-01,-2.423117534509767468e-01,-1.066151578443555459e-01,-7.858569010416144654e-03,-9.760990808407531139e-02,2.670080615606623686e-01,-2.398613336874734769e-01,-1.310034594052530976e-01,7.339770279916756346e-01,-5.936651361672776184e-03,-4.618609907402443371e-01,1.545325676860921926e-01,-1.899515696888084415e-01,-1.852242487446149194e-02
4.629258517034067921e+01,7.615744629074974736e-02,-1.331331033211710924e-01,-6.668567189200664928e-03,-7.443673493580053036e-01,2.156204963810445241e-01,-3.591136358533970063e-01,1.905531635413752201e-01,-2.423105118340110609e-01,-1.066166535015696665e-01,-7.858910613695703831e-03,-9.761125827671007782e-02,2.670077934235345340e-01,-2.398613224574270841e-01,-1.310066830770748592e-01,7.339787333700524830e-01,-5.935935968693050076e-03,-4.618636093847762747e-01,1.545335694536517923e-01,-1.899526565730809691e-01,-1.852237748340421208e-02
4.639278557114228363e+01,7.615911139596709400e-02,-1.331336292002311683e-01,-6.668813009294631902e-03,-7.443685058384800213e-01,2.156211229206657642e-01,-3.591143655941049784e-01,1.905530237840548091e-01,-2.423116583484767605e-01,-1.066167026209467045e-01,-7.858872036364502808e-03,-9.761079486207077660e-02,2.670082171186508591e-01,-2.398620435277563634e-01,-1.310066273169318840e-01,7.339787170017059159e-01,-5.936859740751211298e-03,-4.618635509100487702e-01,1.545333995717062259e-01,-1.899526880138100726e-01,-1.852241768317795453e-02
4.649298597194388805e+01,7.616387796633482254e-02,-1.331351948291437659e-01,-6.670906544349343263e-03,-7.443716418573396165e-01,2.156235746954441590e-01,-3.591163188410130824e-01,1.905518324326896107e-01,-2.423151512214822834e-01,-1.066153332612287952e-01,-7.858460407643099235e-03,-9.760855187516490061e-02,2.670093216284150639e-01,-2.398634834639140068e-01,-1.310033631828044220e-01,7.339770073633534730e-01,-5.939387475665091481e-03,-4.618608625645775900e-01,1.545320788478103669e-01,-1.899516814553812716e-01,-1.852254423185211232e-02
4.659318637274549246e+01,7.616954318864282980e-02,-1.331370710976114147e-01,-6.673550708288170617e-03,-7.443753677428662785e-01,2.156265777001060702e-01,-3.591186376161685234e-01,1.905503182692729058e-01,-2.423193454638108424e-01,-1.066135321389448665e-01,-7.857935643379561352e-03,-9.760577366216434403e-02,2.670106300787500886e-01,-2.398651303971859883e-01,-1.309991411896164748e-01,7.339747731900294614e-01,-5.942379799618500991e-03,-4.618573664140256940e-01,1.545304074149923546e-01,-1.899503526035142276e-01,-1.852269723655891945e-02
4.669338677354709688e+01,7.617546564621284488e-02,-1.331390388096048150e-01,-6.676365054896632456e-03,-7.443792649681216789e-01,2.156297482229549423e-01,-3.591210625603414863e-01,1.905487017998428456e-01,-2.423237468296054464e-01,-1.066115921702561753e-01,-7.857375233865203021e-03,-9.760283102958253187e-02,2.670119976414392915e-01,-2.398668317684101992e-01,-1.309946180307997587e-01,7.339723688692714187e-01,-5.945504223307513866e-03,-4.618536103707736040e-01,1.545286255638961548e-01,-1.899489185078094833e-01,-1.852285825887872023e-02
4.679358717434870130e+01,7.618113838167829555e-02,-1.331409242369515633e-01,-6.679048642207909177e-03,-7.443830017829803358e-01,2.156327820712282961e-01,-3.591233880268397405e-01,1.905471579238076085e-01,-2.423279636098934764e-01,-1.066097453276049073e-01,-7.856840565118775044e-03,-9.760001768957136947e-02,2.670133094384273265e-01,-2.398684667860733477e-01,-1.309903129631799223e-01,7.339700755642332153e-01,-5.948497912168614586e-03,-4.618500288226439210e-01,1.545269237644433247e-01,-1.899475513768661694e-01,-1.852301265508576530e-02
4.689378757515029861e+01,7.618614899212007574e-02,-1.331425860216247370e-01,-6.681356582342088887e-03,-7.443863082610363557e-01,2.156354316975385710e-01,-3.591254466910441256e-01,1.905458290011868283e-01,-2.423316770775058027e-01,-1.066081804210984169e-01,-7.856381597688102958e-03,-9.759757266356060279e-02,2.670144719983161274e-01,-2.398699372081383729e-01,-1.309866485469773911e-01,7.339681221557425861e-01,-5.951147057461647800e-03,-4.618469753556483370e-01,1.545254570413606976e-01,-1.899463914021081723e-01,-1.852314850720956571e-02
4.699398797595190302e+01,7.619017962906657337e-02,-1.331439151757428663e-01,-6.683100041506166537e-03,-7.443889762996043213e-01,2.156375061998732079e-01,-3.591271095504081634e-01,1.905448248526115385e-01,-2.423346414870767296e-01,-1.066070430985092549e-01,-7.856036866650087033e-03,-9.759568028225784619e-02,2.670154132563649640e-01,-2.398711673420446944e-01,-1.309839506458074787e-01,7.339666852423004650e-01,-5.953286876269820935e-03,-4.618447227539874134e-01,1.545243449741802444e-01,-1.899455467577842727e-01,-1.852325662303488593e-02
4.709418837675350744e+01,7.619300699849367031e-02,-1.331448350815699622e-01,-6.684146239994044787e-03,-7.443908596197189587e-01,2.156388713215945940e-01,-3.591282859244585013e-01,1.905442227593241444e-01,-2.423366840750441342e-01,-1.066064358452751548e-01,-7.855833481610705743e-03,-9.759447018564854082e-02,2.670160825544904970e-01,-2.398721040447079622e-01,-1.309824484266803313e-01,7.339658891400817620e-01,-5.954801611499696383e-03,-4.618434630000508023e-01,1.545236716972392954e-01,-1.899450936009680069e-01,-1.852333053610175778e-02
4.719438877755511186e+01,7.619450236082475625e-02,-1.331453014915155442e-01,-6.684418452186534874e-03,-7.443918737661348040e-01,2.156394494514400351e-01,-3.591289234547944131e-01,1.905440674631785347e-01,-2.423377050596492999e-01,-1.066064179844990190e-01,-7.855787126705010559e-03,-9.759401732299598231e-02,2.670164506412667782e-01,-2.398727167225201684e-01,-1.309822743600009276e-01,7.339658058829346965e-01,-5.955624531881200182e-03,-4.618433072744170254e-01,1.545234858996803740e-01,-1.899450760715578057e-01,-1.852336650570547000e-02
4.729458917835671627e+01,7.619463153093071484e-02,-1.331453025281345570e-01,-6.683896006551355747e-03,-7.443919961073267588e-01,2.156392196235217829e-01,-3.591290081050882987e-01,1.905443711666399698e-01,-2.423376776409371103e-01,-1.066070056769489738e-01,-7.855902060597127687e-03,-9.759434195284130698e-02,2.670165096719250841e-01,-2.398729973313497299e-01,-1.309834642195691345e-01,7.339664552223807981e-01,-5.955737931967615938e-03,-4.618442859558537505e-01,1.545238008254511963e-01,-1.899455062922768278e-01,-1.852336351689656824e-02
4.739478957915832069e+01,7.619345487812990980e-02,-1.331448586841274540e-01,-6.682614285643133194e-03,-7.443912658354898682e-01,2.156382175173270632e-01,-3.591285641610853507e-01,1.905451135327851098e-01,-2.423366480007557999e-01,-1.066081719210582868e-01,-7.856171116480261535e-03,-9.759540964300349175e-02,2.670162732083541934e-01,-2.398729603765412943e-01,-1.309859570825796515e-01,7.339678046276154610e-01,-5.955173132135588299e-03,-4.618463486213175706e-01,1.545245942733047828e-01,-1.899463643686731540e-01,-1.852332328048085855e-02
4.749498997995991800e+01,7.619112732618819883e-02,-1.331440228223401412e-01,-6.680664726103401584e-03,-7.443897839665393201e-01,2.156365354577180482e-01,-3.591276542306035546e-01,1.905462416853020424e-01,-2.423347353027571760e-01,-1.066098465529254496e-01,-7.856575702076687776e-03,-9.759713127057939586e-02,2.670157762191001649e-01,-2.398726429129158788e-01,-1.309895953296220383e-01,7.339697692855076117e-01,-5.954010478585120350e-03,-4.618493640459540583e-01,1.545258085967993467e-01,-1.899475983891196207e-01,-1.852325023301940737e-02
4.759519038076152242e+01,7.618789835331894744e-02,-1.331428801757640057e-01,-6.678194818660602126e-03,-7.443877133401101132e-01,2.156343224149318560e-01,-3.591263792435340219e-01,1.905476702084902552e-01,-2.423321316923965629e-01,-1.066119162463141090e-01,-7.857085799637763754e-03,-9.759936302194369140e-02,2.670150750793663375e-01,-2.398721045447709255e-01,-1.309941246446807150e-01,7.339722121005994859e-01,-5.952379343339576218e-03,-4.618531202030977667e-01,1.545273507042984051e-01,-1.899491244248138755e-01,-1.852315153682853807e-02
4.769539078156312684e+01,7.618411199218302898e-02,-1.331415483475359152e-01,-6.675408108130085477e-03,-7.443852786195578330e-01,2.156317840045805512e-01,-3.591248784518404902e-01,1.905492811472606629e-01,-2.423291022969326636e-01,-1.066142245126531357e-01,-7.857659965943914609e-03,-9.760190639274891888e-02,2.670142475710135521e-01,-2.398714274258800794e-01,-1.309991940151349066e-01,7.339749436951071848e-01,-5.950458124245678465e-03,-4.618573242642723953e-01,1.545290920589706407e-01,-1.899508265297784049e-01,-1.852303707997983093e-02
4.779559118236473125e+01,7.618020682988876913e-02,-1.331401773109382181e-01,-6.672564193414108266e-03,-7.443827662919577648e-01,2.156291824876511443e-01,-3.591233294295597678e-01,1.905509240071356081e-01,-2.423259852254277813e-01,-1.066165717010365277e-01,-7.858245332304647154e-03,-9.760450818792543171e-02,2.670133928825598746e-01,-2.398707162594934106e-01,-1.310043557317587537e-01,7.339777224089200081e-01,-5.948474244973511564e-03,-4.618616025991904572e-01,1.545308686787899843e-01,-1.899525567408605620e-01,-1.852291947630013702e-02
4.789579158316633567e+01,7.617671600799201526e-02,-1.331389494093987158e-01,-6.669978727501836568e-03,-7.443805246681055587e-01,2.156268367705055922e-01,-3.591219480728015112e-01,1.905524157542488051e-01,-2.423231915687476534e-01,-1.066187149982235211e-01,-7.858777604558539465e-03,-9.760686052168147941e-02,2.670126316091808172e-01,-2.398700982983372754e-01,-1.310090653887212298e-01,7.339802542996011203e-01,-5.946704155016516689e-03,-4.618655007757535569e-01,1.545324811365356987e-01,-1.899541350777324278e-01,-1.852281406537155048e-02
4.799599198396794009e+01,7.617426722249612259e-02,-1.331380793564906906e-01,-6.668023417469342434e-03,-7.443789638825170085e-01,2.156251224048808257e-01,-3.591209885997482254e-01,1.905535408153453680e-01,-2.423212053995615345e-01,-1.066203684286385206e-01,-7.859181063073247819e-03,-9.760860081750311057e-02,2.670121057527091724e-01,-2.398697233446144550e-01,-1.310126818835860851e-01,7.339821931423868850e-01,-5.945473329691496923e-03,-4.618684835600522787e-01,1.545336945597921563e-01,-1.899553495428910055e-01,-1.852273891253143623e-02
4.809619238476953740e+01,7.617358272385192641e-02,-1.331378142359329053e-01,-6.667126024479607359e-03,-7.443785558934279400e-01,2.156244715878886942e-01,-3.591207435506553192e-01,1.905540510777819219e-01,-2.423205837723420852e-01,-1.066212028543711277e-01,-7.859368562745501496e-03,-9.760931180815426988e-02,2.670119787216351237e-01,-2.398697637500039337e-01,-1.310144674173120138e-01,7.339831404301874196e-01,-5.945156270138614654e-03,-4.618699349163661871e-01,1.545342386309490335e-01,-1.899559561216579984e-01,-1.852271480887241611e-02
4.819639278557114181e+01,7.617547674912615585e-02,-1.331384326348364622e-01,-6.667768846154178974e-03,-7.443798328288272481e-01,2.156253716463650549e-01,-3.591215427642237001e-01,1.905536667585367439e-01,-2.423219547686771835e-01,-1.066208471376975803e-01,-7.859241840127248468e-03,-9.760852300597122611e-02,2.670124347604738713e-01,-2.398704138096879324e-01,-1.310135901184773521e-01,7.339826467686935141e-01,-5.946175173235298227e-03,-4.618691601710755990e-01,1.545338085369162007e-01,-1.899556796364882116e-01,-1.852276519900134324e-02
4.829659318637274623e+01,7.617935319334817601e-02,-1.331397354130690880e-01,-6.669600049221528250e-03,-7.443824150057776201e-01,2.156274743961438811e-01,-3.591231515377086292e-01,1.905525873316300245e-01,-2.423248691824001766e-01,-1.066195699026652594e-01,-7.858871735980672152e-03,-9.760657345998494105e-02,2.670133432408861029e-01,-2.398715341032619242e-01,-1.310106595940802310e-01,7.339810323141270354e-01,-5.948221522685512991e-03,-4.618666572036437268e-01,1.545326228020313108e-01,-1.899547161504249182e-01,-1.852287360842148900e-02
4.839679358717435065e+01,7.618387219365772844e-02,-1.331412652479886105e-01,-6.671825664148293804e-03,-7.443854292309470821e-01,2.156299796065923313e-01,-3.591250287720670342e-01,1.905512723615454540e-01,-2.423282958744117366e-01,-1.066179819053384159e-01,-7.858419841644965695e-03,-9.760423661458049460e-02,2.670144020385472605e-01,-2.398728059059399009e-01,-1.310070462935213897e-01,7.339790354253186155e-01,-5.950600771672203033e-03,-4.618635679797397087e-01,1.545311823741107038e-01,-1.899535178162655713e-01,-1.852300160913345622e-02
4.849699398797595506e+01,7.618855143805176866e-02,-1.331428534093195837e-01,-6.674158240223060541e-03,-7.443885529065067397e-01,2.156325916273429122e-01,-3.591269740113487985e-01,1.905498922156911024e-01,-2.423318545730136220e-01,-1.066163063194879024e-01,-7.857945397797973242e-03,-9.760179592972979823e-02,2.670154988401288176e-01,-2.398741123993676783e-01,-1.310032443615771758e-01,7.339769302604769452e-01,-5.953062472604304933e-03,-4.618603139015997616e-01,1.545296719247410688e-01,-1.899522525293804998e-01,-1.852313477357380583e-02
4.859719438877755948e+01,7.619298538375711416e-02,-1.331443580063719212e-01,-6.676356038080239960e-03,-7.443915147549750033e-01,2.156350618187360124e-01,-3.591288186884244449e-01,1.905485901868042009e-01,-2.423352254935445538e-01,-1.066147308516848524e-01,-7.857498228462487730e-03,-9.759948979437803318e-02,2.670165391988803538e-01,-2.398753553697732799e-01,-1.309996693745376362e-01,7.339749474223651315e-01,-5.955396043354701727e-03,-4.618572494108492132e-01,1.545282467731544374e-01,-1.899510615143478742e-01,-1.852326096781872419e-02
4.869739478957915679e+01,7.619684525723044444e-02,-1.331456639880408410e-01,-6.678223029700079694e-03,-7.443940948192172558e-01,2.156371885518200693e-01,-3.591304261249850249e-01,1.905474824929511424e-01,-2.423381493383801599e-01,-1.066134077413007919e-01,-7.857118741006252627e-03,-9.759751152644373373e-02,2.670174465346295545e-01,-2.398764552079669377e-01,-1.309966583402064622e-01,7.339732739583001431e-01,-5.957430767260220306e-03,-4.618546619885022797e-01,1.545270328862282661e-01,-1.899500593249536240e-01,-1.852337035158405087e-02
4.879759519038076121e+01,7.619987905415834262e-02,-1.331466831428069486e-01,-6.679608898408653100e-03,-7.443961244624461848e-01,2.156388172083513743e-01,-3.591316915315423963e-01,1.905466582775275086e-01,-2.423404272969330864e-01,-1.066124537605075279e-01,-7.856837926141956724e-03,-9.759600937281867616e-02,2.670181621337823774e-01,-2.398773509093410083e-01,-1.309944696979011003e-01,7.339720533601532537e-01,-5.959035793121633152e-03,-4.618527721549620657e-01,1.545261268784853537e-01,-1.899493338441915202e-01,-1.852345537822527172e-02
4.889779559118236563e+01,7.620191153945726770e-02,-1.331473540987361537e-01,-6.680409038877867939e-03,-7.443974863682214504e-01,2.156398401807941845e-01,-3.591325420074289454e-01,1.905461796092580984e-01,-2.423419210456528305e-01,-1.066119502142772874e-01,-7.856677357927242811e-03,-9.759508650936794816e-02,2.670186451493227198e-01,-2.398780000738700569e-01,-1.309932833184525858e-01,7.339713855643499318e-01,-5.960120135203656605e-03,-4.618517334700205645e-01,1.545255960120939520e-01,-1.899489462842630927e-01,-1.852351079473750495e-02
4.899799599198397004e+01,7.620284424727355455e-02,-1.331476423234797812e-01,-6.680564557125461163e-03,-7.443981145404500177e-01,2.156401968723207219e-01,-3.591329365407978091e-01,1.905460814821968440e-01,-2.423425527480259078e-01,-1.066119429403825508e-01,-7.856649193764699002e-03,-9.759480104092990715e-02,2.670188726008126956e-01,-2.398783789061108285e-01,-1.309932005042057368e-01,7.339713269518697292e-01,-5.960632673234950857e-03,-4.618516325328588801e-01,1.545254781968676550e-01,-1.899489311865776853e-01,-1.852353364175551853e-02
4.909819639278557446e+01,7.620265548098344166e-02,-1.331475401242744327e-01,-6.680062270515000657e-03,-7.443979943033858238e-01,2.156398736968111740e-01,-3.591328660086228197e-01,1.905463718157268116e-01,-2.423423050545757684e-01,-1.066124423093962048e-01,-7.856756174401867410e-03,-9.759516600131626363e-02,2.670188393743924693e-01,-2.398784822152022767e-01,-1.309942439890189880e-01,7.339718903482465029e-01,-5.960562152408122559e-03,-4.618524889820467272e-01,1.545257819902654539e-01,-1.899492964217524560e-01,-1.852352325355372323e-02
4.919839679358717888e+01,7.620140031319301566e-02,-1.331470666479421250e-01,-6.678934707755884367e-03,-7.443971623016301109e-01,2.156389040788536104e-01,-3.591323531766982269e-01,1.905470314545603672e-01,-2.423412211028627694e-01,-1.066134232246914587e-01,-7.856991623931233737e-03,-9.759614935331194230e-02,2.670185582227804777e-01,-2.398783234148654797e-01,-1.309963579382644461e-01,7.339730450235681936e-01,-5.959937183379722218e-03,-4.618542554955430979e-01,1.545264865973917101e-01,-1.899500231896123492e-01,-1.852348125804617607e-02
4.929859719438877619e+01,7.619921058573826678e-02,-1.331462678808902067e-01,-6.677260108903342040e-03,-7.443957065001310935e-01,2.156373684537441215e-01,-3.591314526996391976e-01,1.905480141687388995e-01,-2.423394045174842304e-01,-1.066148251224418447e-01,-7.857339449790237684e-03,-9.759767398867520705e-02,2.670180597652731525e-01,-2.398779345234037519e-01,-1.309994079488279728e-01,7.339747166924768251e-01,-5.958826242270243330e-03,-4.618568177906955952e-01,1.545275418709962101e-01,-1.899510660191901235e-01,-1.852341157678656994e-02
4.939879759519038060e+01,7.619629490968507501e-02,-1.331452166491113587e-01,-6.675162425358432614e-03,-7.443937661841842912e-01,2.156353942674867075e-01,-3.591302511208813719e-01,1.905492466536331253e-01,-2.423370194100744335e-01,-1.066165519716212595e-01,-7.857774142761266012e-03,-9.759961772813761927e-02,2.670173924877450311e-01,-2.398773661637025323e-01,-1.310031810491090187e-01,7.339767875141686160e-01,-5.957337670664126714e-03,-4.618599946242409326e-01,1.545288683114741379e-01,-1.899523527687262681e-01,-1.852332042496824746e-02
4.949899799599198502e+01,7.619293866532915460e-02,-1.331440126181836214e-01,-6.672811319868048562e-03,-7.443915319594321955e-01,2.156331559767932782e-01,-3.591288668726811406e-01,1.905506285299428393e-01,-2.423342903793045677e-01,-1.066184722740039226e-01,-7.858260776971654274e-03,-9.760181332140402399e-02,2.670166227426489236e-01,-2.398766875632294959e-01,-1.310073856990207897e-01,7.339790960923942009e-01,-5.955619675609757045e-03,-4.618635377923047680e-01,1.545303570668659643e-01,-1.899537846256691698e-01,-1.852321631142419059e-02
4.959919839679358944e+01,7.618950400219616503e-02,-1.331427822932703675e-01,-6.670422166524909817e-03,-7.443892457518646033e-01,2.156308750490837367e-01,-3.591274502761155341e-01,1.905520323436969976e-01,-2.423315025108828402e-01,-1.066204190641644040e-01,-7.858755009893688553e-03,-9.760404844715252215e-02,2.670158347490155792e-01,-2.398759865540344982e-01,-1.310116517899901634e-01,7.339814374754578541e-01,-5.953860329619461988e-03,-4.618671321304015365e-01,1.545318699328576684e-01,-1.899552361066749462e-01,-1.852311003862702407e-02
4.969939879759519386e+01,7.618642983904160004e-02,-1.331416790191204125e-01,-6.668256050767568978e-03,-7.443872008078183944e-01,2.156288199624859792e-01,-3.591261835410822223e-01,1.905533035662538288e-01,-2.423290013775543095e-01,-1.066221899094776104e-01,-7.859203082344603727e-03,-9.760606571303456769e-02,2.670151305924540197e-01,-2.398753695727494917e-01,-1.310155306449576895e-01,7.339835631562185991e-01,-5.952287570669515665e-03,-4.618703955134347838e-01,1.545332393527805714e-01,-1.899565550576075290e-01,-1.852301470268902239e-02
4.979959919839679827e+01,7.618423186385087087e-02,-1.331408829800677929e-01,-6.666619769380408705e-03,-7.443857416939776428e-01,2.156273062058357282e-01,-3.591252807662995150e-01,1.905542605943006396e-01,-2.423271930391010243e-01,-1.066235469101187994e-01,-7.859541818486585202e-03,-9.760756265567488432e-02,2.670146302251513171e-01,-2.398749616605887480e-01,-1.310184950183775621e-01,7.339851810720892100e-01,-5.951169202200136919e-03,-4.618728788556967224e-01,1.545342684176113923e-01,-1.899575626535386919e-01,-1.852294569336209590e-02
4.989979959919839558e+01,7.618350253383922299e-02,-1.331406012000319605e-01,-6.665865830493643458e-03,-7.443852642973733946e-01,2.156266962786767272e-01,-3.591249879393063615e-01,1.905546947498539534e-01,-2.423265440423420236e-01,-1.066242166990635648e-01,-7.859698625826765442e-03,-9.760819174067145165e-02,2.670144714658726492e-01,-2.398749064633485528e-01,-1.310199390962177024e-01,7.339859556050368772e-01,-5.950812893115488451e-03,-4.618740661108687862e-01,1.545347308659721641e-01,-1.899580533987479114e-01,-1.852292069403779773e-02
5.000000000000000000e+01,7.618491107545183327e-02,-1.331410675425177270e-01,-6.666392453583316891e-03,-7.443862158253838901e-01,2.156273996912606850e-01,-3.591255829364623509e-01,1.905543702802595107e-01,-2.423275814211331980e-01,-1.066238904420878236e-01,-7.859591495217227441e-03,-9.760756036259560231e-02,2.670148099999614111e-01,-2.398753662314075386e-01,-1.310191784959597316e-01,7.339855075815827634e-01,-5.951566177783676817e-03,-4.618733742720211310e-01,1.545343710841304286e-01,-1.899577951267225895e-01,-1.852295968174733423e-02
